bairro_carteira,nome_cadastro_iptu,imoveis,principais_ceps,bairro_mercado,status,opcoes
Consolação,CERQUEIRA CESAR,5841,"01414000, 01416001, 01307001, 01304001, 01415001",Cerqueira César,NOVO_BAIRRO,"bairro próprio, adicionado ao dashboard"
Jardim Paulista,CERQUEIRA CESAR,5473,"01411000, 01420006, 01409001, 01409002, 01409000",Cerqueira César,NOVO_BAIRRO,"bairro próprio, adicionado ao dashboard"
Mooca,ALTO DA MOOCA,4780,"03186010, 03125900, 03170050, 03119001, 03346020",Alto da Mooca,NOVO_BAIRRO,"bairro próprio, adicionado ao dashboard"
Vila Mariana,SAUDE,4339,"04121002, 04038900, 04127120, 04121001, 04039900",Saúde,NOVO_BAIRRO,"bairro próprio, adicionado ao dashboard"
Bela Vista,CERQUEIRA CESAR,4291,"01311931, 01308020, 01310923, 01308000, 01311940",Cerqueira César,NOVO_BAIRRO,"bairro próprio, adicionado ao dashboard"
Vila Mariana,VILA CLEMENTINO,3342,"04037003, 04037004, 04038002, 04038032, 04039002",Vila Clementino,NOVO_BAIRRO,"bairro próprio, adicionado ao dashboard"
Bosque da Saúde,SAUDE,2662,"04145030, 04135000, 04142081, 04142020, 04145010",Saúde,NOVO_BAIRRO,"bairro próprio, adicionado ao dashboard"
Vila da Saúde,SAUDE,2635,"04143010, 04146051, 04143020, 04143030, 04144020",Saúde,NOVO_BAIRRO,"bairro próprio, adicionado ao dashboard"
Alto da Boa Vista,SANTO AMARO,2629,"04741000, 04750001, 04734003, 04750901, 04735002",Santo Amaro,NOVO_BAIRRO,"bairro próprio, adicionado ao dashboard"
Lapa,ALTO DA LAPA,2517,"05083130, 05083120, 05083060, 05083010, 05083070",Alto da Lapa,NOVO_BAIRRO,"bairro próprio, adicionado ao dashboard"
Chácara Inglesa,SAUDE,2453,"04140110, 04141100, 04140000, 04138002, 04140900",Saúde,NOVO_BAIRRO,"bairro próprio, adicionado ao dashboard"
Mirandópolis,SAUDE,2237,"04042030, 04053041, 04055110, 04055041, 04054010",Saúde,NOVO_BAIRRO,"bairro próprio, adicionado ao dashboard"
Vila Gumercindo,SAUDE,1869,"04134021, 04130080, 04134000, 04130010, 04134050",Saúde,NOVO_BAIRRO,"bairro próprio, adicionado ao dashboard"
Lapa,VILA ROMANA,1805,"05041001, 05051030, 05045020, 05051000, 05049000",Vila Romana,NOVO_BAIRRO,"bairro próprio, adicionado ao dashboard"
Ipiranga,SAUDE,1766,"04294000, 04125040, 04152140, 04288080, 04152101",Saúde,NOVO_BAIRRO,"bairro próprio, adicionado ao dashboard"
Jardim América,CERQUEIRA CESAR,1630,"01417010, 01417020, 01441000, 05410001, 05410000",Cerqueira César,NOVO_BAIRRO,"bairro próprio, adicionado ao dashboard"
Vila Mariana,VL CLEMENTINO,1091,"04038032, 04044903, 04044020, 04024003, 04037002",Vila Clementino,NOVO_BAIRRO,"bairro próprio, adicionado ao dashboard"
Cambuci,VILA MONUMENTO,1000,"01549000, 01549020, 01548010, 01550000, 01551000",Vila Monumento,NOVO_BAIRRO,"bairro próprio, adicionado ao dashboard"
Lapa,VILA IPOJUCA,903,"05056020, 05061903, 05056000, 05055010, 05054010",Vila Ipojuca,NOVO_BAIRRO,"bairro próprio, adicionado ao dashboard"
Mooca,PARQUE DA MOOCA,887,"03127060, 03127175, 03125040, 03125070, 03126007",Parque da Mooca,NOVO_BAIRRO,"bairro próprio, adicionado ao dashboard"
Tatuapé,VILA GOMES CARDIM,853,"03320000, 03310000, 03312052, 03325000, 03319000",Vila Gomes Cardim,NOVO_BAIRRO,"bairro próprio, adicionado ao dashboard"
Ipiranga,MOINHO VELHO,851,"04286000, 04285000, 04284000, 04273200, 04285001",Moinho Velho,NOVO_BAIRRO,"bairro próprio, adicionado ao dashboard"
Alto da Boa Vista,STO AMARO,770,"04737000, 04738900, 04735900, 04741000, 04739901",Santo Amaro,NOVO_BAIRRO,"bairro próprio, adicionado ao dashboard"
Mooca,VILA BERTIOGA,731,"03186030, 03185020, 03181100, 03187010, 03186010",Vila Bertioga,NOVO_BAIRRO,"bairro próprio, adicionado ao dashboard"
Jardins,CERQUEIRA CESAR,706,"01410002, 01410000, 01413100, 01410001, 01413000",Cerqueira César,NOVO_BAIRRO,"bairro próprio, adicionado ao dashboard"
Tatuapé,VL ANTONIETA,685,"03475040, 03476000, 03474020, 03460000, 03474060",Vila Antonieta,NOVO_BAIRRO,"bairro próprio, adicionado ao dashboard"
Ipiranga,PARQUE FONGARO,629,"04257100, 04257190, 04257040, 04257050, 04256177",Parque Fongaro,NOVO_BAIRRO,"bairro próprio, adicionado ao dashboard"
Brooklin,JARDIM DAS ACACIAS,608,"04704000, 04704902, 04704080, 04704110, 04707061",Jardim das Acácias,NOVO_BAIRRO,"bairro próprio, adicionado ao dashboard"
Jardim Paulista,CERQ CESAR,591,"05401100, 01424004, 01426900, 01421003, 01424005",Cerqueira César,NOVO_BAIRRO,"bairro próprio, adicionado ao dashboard"
Mooca,PRQ DA MOOCA,584,"03124021, 03127050, 03127040, 03124010, 03122900",Parque da Mooca,NOVO_BAIRRO,"bairro próprio, adicionado ao dashboard"
Tatuapé,VILA ANTONIETA,576,"03474060, 03475015, 03474020, 03460000, 03475040",Vila Antonieta,NOVO_BAIRRO,"bairro próprio, adicionado ao dashboard"
Brooklin,CIDADE MONCOES,570,"04571000, 04567003, 04563001, 04564900, 04563908",Cidade Monções,NOVO_BAIRRO,"bairro próprio, adicionado ao dashboard"
Tatuapé,VILA REGENTE FEIJO,524,"03333000, 03335045, 03342000, 03334060, 03336010",Vila Regente Feijó,NOVO_BAIRRO,"bairro próprio, adicionado ao dashboard"
Vila Madalena,SUMAREZINHO,505,"05440000, 05433002, 05435000, 05440001, 05435010",Sumarezinho,NOVO_BAIRRO,"bairro próprio, adicionado ao dashboard"
Vila Gumercindo,VL CLEMENTINO,486,"04026090, 04026001, 04026060, 04026030, 04134021",Vila Clementino,NOVO_BAIRRO,"bairro próprio, adicionado ao dashboard"
Bosque da Saúde,JARDIM DA SAUDE,480,"04149120, 04149110, 04148000, 04149130, 04150080",Jardim da Saúde,NOVO_BAIRRO,"bairro próprio, adicionado ao dashboard"
Perdizes,SUMAREZINHO,470,"05438300, 05030020, 05438200, 05030000, 01258011",Sumarezinho,NOVO_BAIRRO,"bairro próprio, adicionado ao dashboard"
Cambuci,VL MONUMENTO,416,"01549000, 01549020, 01548040, 01550000, 01548010",Vila Monumento,NOVO_BAIRRO,"bairro próprio, adicionado ao dashboard"
Tatuapé,JD ANALIA FRANCO,413,"03337000, 03337010, 03337020, 03337060, 03333050",Jardim Anália Franco,NOVO_BAIRRO,"bairro próprio, adicionado ao dashboard"
Mirandópolis,VILA CLEMENTINO,404,"04042003, 04042004, 04042034, 04042001, 04042070",Vila Clementino,NOVO_BAIRRO,"bairro próprio, adicionado ao dashboard"
Lapa,VL ROMANA,387,"05046000, 05051000, 05045020, 05043020, 05051030",Vila Romana,NOVO_BAIRRO,"bairro próprio, adicionado ao dashboard"
Vila Gumercindo,VILA CLEMENTINO,370,"04026000, 04026001, 04134021, 04026030, 04026090",Vila Clementino,NOVO_BAIRRO,"bairro próprio, adicionado ao dashboard"
Tatuapé,VL. NOVA MANCHESTER,367,"03442000, 03445030, 03443015, 03443040, 03442050",Vila Nova Manchester,NOVO_BAIRRO,"bairro próprio, adicionado ao dashboard"
Campo Belo,SAUDE,354,04361040,Saúde,NOVO_BAIRRO,"bairro próprio, adicionado ao dashboard"
Ipiranga,VL DAS MERCES,353,"04162001, 04162900, 04162060, 04177370, 04162070",Vila das Mercês,NOVO_BAIRRO,"bairro próprio, adicionado ao dashboard"
Mooca,VL BERTIOGA,336,"03185010, 03188000, 03185050, 03186030, 03185020",Vila Bertioga,NOVO_BAIRRO,"bairro próprio, adicionado ao dashboard"
Chácara Santo Antônio,SANTO AMARO,318,"04716000, 04717913, 04716003, 04716001, 04717004",Santo Amaro,NOVO_BAIRRO,"bairro próprio, adicionado ao dashboard"
Ipiranga,VILA DAS MERCES,314,"04162900, 04294000, 04162070, 04162001, 04162002",Vila das Mercês,NOVO_BAIRRO,"bairro próprio, adicionado ao dashboard"
Brooklin,SANTO AMARO,309,"04702902, 04710010, 04709011, 04702001, 04709010",Santo Amaro,NOVO_BAIRRO,"bairro próprio, adicionado ao dashboard"
Ipiranga,PRQ FONGARO,299,"04256177, 04256120, 04257095, 04257000, 04256090",Parque Fongaro,NOVO_BAIRRO,"bairro próprio, adicionado ao dashboard"
Mooca,VILA REGENTE FEIJO,287,"03344000, 03344015, 03346010, 03372015, 03344040",Vila Regente Feijó,NOVO_BAIRRO,"bairro próprio, adicionado ao dashboard"
Campo Belo,JD AEROPORTO,286,"04633000, 04632011, 04632030, 04633050, 04633010",Jardim Aeroporto,NOVO_BAIRRO,"bairro próprio, adicionado ao dashboard"
Tatuapé,VL NOVA MANCHESTER,280,"03445030, 03445000, 03443040, 03446040, 03443000",Vila Nova Manchester,NOVO_BAIRRO,"bairro próprio, adicionado ao dashboard"
Mooca,PQ DA MOOCA,278,"03124070, 03127010, 03128050, 03125010, 03126007",Parque da Mooca,NOVO_BAIRRO,"bairro próprio, adicionado ao dashboard"
Brooklin,STO AMARO,262,"04702002, 04710130, 04710040, 04709000, 04702000",Santo Amaro,NOVO_BAIRRO,"bairro próprio, adicionado ao dashboard"
Tatuapé,VL GOMES CARDIM,257,"03312050, 03320001, 03307020, 03310000, 03336000",Vila Gomes Cardim,NOVO_BAIRRO,"bairro próprio, adicionado ao dashboard"
Campo Belo,JARDIM AEROPORTO,256,"04633000, 04632011, 04633900, 04632030, 04633051",Jardim Aeroporto,NOVO_BAIRRO,"bairro próprio, adicionado ao dashboard"
Bela Vista,C CESAR,236,"01308020, 01308000, 01419101, 01311300, 01419912",Cerqueira César,NOVO_BAIRRO,"bairro próprio, adicionado ao dashboard"
Consolação,C CESAR,231,"01415000, 01415004, 01307909, 01414900, 01304001",Cerqueira César,NOVO_BAIRRO,"bairro próprio, adicionado ao dashboard"
Chácara Santo Antônio,VILA SAO FRANCISCO,228,"04711130, 04711090, 04711030, 04711060, 04711000",Vila São Francisco,NOVO_BAIRRO,"bairro próprio, adicionado ao dashboard"
Tatuapé,JARDIM ANALIA FRANCO,226,"03337070, 03337060, 03337010, 03333000, 03333050",Jardim Anália Franco,NOVO_BAIRRO,"bairro próprio, adicionado ao dashboard"
Consolação,CERQUEIRA CEZAR,221,"01414010, 01414002, 01414000, 01412000, 01309904",Cerqueira César,NOVO_BAIRRO,"bairro próprio, adicionado ao dashboard"
Consolação,CERQ CESAR,202,"01307001, 01414002, 01301100, 01415004, 01309020",Cerqueira César,NOVO_BAIRRO,"bairro próprio, adicionado ao dashboard"
Bosque da Saúde,JD DA SAUDE,197,"04149120, 04150060, 04150080, 04150040, 04149110",Jardim da Saúde,NOVO_BAIRRO,"bairro próprio, adicionado ao dashboard"
Jardim das Bandeiras,SUMAREZINHO,189,"05437001, 05437002, 05437000, 05437020, 05437010",Sumarezinho,NOVO_BAIRRO,"bairro próprio, adicionado ao dashboard"
Pinheiros,VL S FRANCISCO,184,"05352905, 05352090, 05352080, 05352060, 05352092",Vila São Francisco,NOVO_BAIRRO,"bairro próprio, adicionado ao dashboard"
Brooklin,VL SAO FRANCISCO,180,"04709140, 04710220, 04709111, 04710180, 04710190",Vila São Francisco,NOVO_BAIRRO,"bairro próprio, adicionado ao dashboard"
Vila Mariana,V CLEMENTINO,166,"04037001, 04025011, 04020060, 04021020, 04022040",Vila Clementino,NOVO_BAIRRO,"bairro próprio, adicionado ao dashboard"
Jardim Paulista,CERQUEIRA CEZAR,164,"01421005, 01409001, 01411001, 01408001, 01420002",Cerqueira César,NOVO_BAIRRO,"bairro próprio, adicionado ao dashboard"
Tatuapé,VILA NOVA MANCHESTER,153,"03440040, 03446010, 03443000, 03443040, 03445000",Vila Nova Manchester,NOVO_BAIRRO,"bairro próprio, adicionado ao dashboard"
Jardim América,CERQ CESAR,148,"05409011, 01417020, 01417010, 05409010, 05409001",Cerqueira César,NOVO_BAIRRO,"bairro próprio, adicionado ao dashboard"
Mirandópolis,VL CLEMENTINO,142,"04042003, 04043200, 04042001, 04042034, 04042002",Vila Clementino,NOVO_BAIRRO,"bairro próprio, adicionado ao dashboard"
Campo Belo,SANTO AMARO,138,"04603908, 04603000, 04603002, 04603004, 04615006",Santo Amaro,NOVO_BAIRRO,"bairro próprio, adicionado ao dashboard"
Consolação,CERQ. CESAR,119,"01307002, 01415006, 01415000, 01415001, 01307001",Cerqueira César,NOVO_BAIRRO,"bairro próprio, adicionado ao dashboard"
Ipiranga,JARDIM DA SAUDE,113,"04152130, 04152000, 04152010, 04152030, 04152110",Jardim da Saúde,NOVO_BAIRRO,"bairro próprio, adicionado ao dashboard"
Bela Vista,CERQUEIRA CEZAR,110,"01419906, 01308020, 01311931, 01311929, 01308010",Cerqueira César,NOVO_BAIRRO,"bairro próprio, adicionado ao dashboard"
Lapa,VL IPOJUCA,109,"05056020, 05056000, 05055000, 05057100, 05055010",Vila Ipojuca,NOVO_BAIRRO,"bairro próprio, adicionado ao dashboard"
Jardim Paulista,C CESAR,108,"01411001, 01422004, 01409001, 01409000, 01421005",Cerqueira César,NOVO_BAIRRO,"bairro próprio, adicionado ao dashboard"
Ipiranga,JD DA SAUDE,96,"04286100, 04152130, 04152000, 04152140, 04152030",Jardim da Saúde,NOVO_BAIRRO,"bairro próprio, adicionado ao dashboard"
Pinheiros,CERQUEIRA CESAR,95,"05406000, 05405050, 05404011, 05404010, 05405000",Cerqueira César,NOVO_BAIRRO,"bairro próprio, adicionado ao dashboard"
Ibirapuera,SANTO AMARO,94,"04708001, 04640001, 04708050, 04708010, 04604001",Santo Amaro,NOVO_BAIRRO,"bairro próprio, adicionado ao dashboard"
Ipiranga,VILA MONUMENTO,88,"04264120, 04261090, 01553000, 01553050, 01553070",Vila Monumento,NOVO_BAIRRO,"bairro próprio, adicionado ao dashboard"
Tatuapé,JD. ANALIA FRANCO,88,"03337000, 03337070, 03337060, 03337010, 03342000",Jardim Anália Franco,NOVO_BAIRRO,"bairro próprio, adicionado ao dashboard"
Chácara Santo Antônio,STO AMARO,87,"04716001, 04713000, 04719050, 04718001, 04717900",Santo Amaro,NOVO_BAIRRO,"bairro próprio, adicionado ao dashboard"
Lapa,V IPOJUCA,86,"05061907, 05056000, 05056020, 05058000, 05057020",Vila Ipojuca,NOVO_BAIRRO,"bairro próprio, adicionado ao dashboard"
Vila Gumercindo,JARDIM DA SAUDE,85,"04133200, 04132000, 04289070, 04132001, 04133000",Jardim da Saúde,NOVO_BAIRRO,"bairro próprio, adicionado ao dashboard"
Brooklin,JD DAS ACACIAS,84,"04704090, 04707061, 04704070, 04704050, 04704030",Jardim das Acácias,NOVO_BAIRRO,"bairro próprio, adicionado ao dashboard"
Jardim Paulista,CERQ. CESAR,83,"01409001, 01409000, 01408000, 01424004, 01411000",Cerqueira César,NOVO_BAIRRO,"bairro próprio, adicionado ao dashboard"
Vila Mariana,V. CLEMENTINO,82,"04037003, 04025011, 04041002, 04023060, 04038900",Vila Clementino,NOVO_BAIRRO,"bairro próprio, adicionado ao dashboard"
Cambuci,VL. MONUMENTO,81,"01550000, 01548010, 01549000, 01548020, 01549040",Vila Monumento,NOVO_BAIRRO,"bairro próprio, adicionado ao dashboard"
Pompéia,SUMAREZINHO,80,"05022001, 05023001, 05023020, 05022970",Sumarezinho,NOVO_BAIRRO,"bairro próprio, adicionado ao dashboard"
Ipiranga,PQ FONGARO,76,"04257010, 04257040, 04257090, 04257045, 04256177",Parque Fongaro,NOVO_BAIRRO,"bairro próprio, adicionado ao dashboard"
Pinheiros,VILA SAO FRANCISCO,74,"05352903, 05352050, 05352060, 05352020, 05352904",Vila São Francisco,NOVO_BAIRRO,"bairro próprio, adicionado ao dashboard"
Vila da Saúde,JARDIM DA SAUDE,74,"04146051, 04146000, 04146020, 04146903, 04146050",Jardim da Saúde,NOVO_BAIRRO,"bairro próprio, adicionado ao dashboard"
Sumaré,SUMAREZINHO,73,"01257040, 01257090, 01257900, 01257030, 01257130",Sumarezinho,NOVO_BAIRRO,"bairro próprio, adicionado ao dashboard"
Tatuapé,VL REGENTE FEIJO,72,"03333000, 03342000, 03309001, 03337000, 03334060",Vila Regente Feijó,NOVO_BAIRRO,"bairro próprio, adicionado ao dashboard"
Vila da Saúde,JD DA SAUDE,72,"04146903, 04146020, 04146051, 04146000, 04143020",Jardim da Saúde,NOVO_BAIRRO,"bairro próprio, adicionado ao dashboard"
Pinheiros,VL SAO FRANCISCO,71,"05352080, 05352905, 05352050, 05352090, 05352060",Vila São Francisco,NOVO_BAIRRO,"bairro próprio, adicionado ao dashboard"
Alto da Boa Vista,STO. AMARO,68,"04737000, 04739000, 04738900, 04737030, 04739010",Santo Amaro,NOVO_BAIRRO,"bairro próprio, adicionado ao dashboard"
Bela Vista,CERQ. CESAR,66,"01310923, 01311929, 01308020, 01308030, 01312001",Cerqueira César,NOVO_BAIRRO,"bairro próprio, adicionado ao dashboard"
Tatuapé,VL. REGENTE FEIJO,66,"03336010, 03342000, 03333000",Vila Regente Feijó,NOVO_BAIRRO,"bairro próprio, adicionado ao dashboard"
Jardim América,CERQ. CESAR,64,"05409011, 01417020, 01417010, 05409002, 05409930",Cerqueira César,NOVO_BAIRRO,"bairro próprio, adicionado ao dashboard"
Planalto Paulista,SAUDE,64,"04069010, 04072000, 04307100, 04069901, 04061002",Saúde,NOVO_BAIRRO,"bairro próprio, adicionado ao dashboard"
Mooca,VL REGENTE FEIJO,61,"03344040, 03344000, 03344015, 03346020, 03372015",Vila Regente Feijó,NOVO_BAIRRO,"bairro próprio, adicionado ao dashboard"
Bela Vista,CERQ CESAR,58,"01310920, 01311921, 01311929, 01311926, 01310902",Cerqueira César,NOVO_BAIRRO,"bairro próprio, adicionado ao dashboard"
Tatuapé,VL N MANCHESTER,57,"03440060, 03442000, 03446010, 03443005, 03445030",Vila Nova Manchester,NOVO_BAIRRO,"bairro próprio, adicionado ao dashboard"
Ibirapuera,CIDADE MONCOES,55,"04566002, 04566000, 04566061, 04566060, 04566062",Cidade Monções,NOVO_BAIRRO,"bairro próprio, adicionado ao dashboard"
Ibirapuera,JD AEROPORTO,49,"04612010, 04355070, 04355080, 04355060, 04355001",Jardim Aeroporto,NOVO_BAIRRO,"bairro próprio, adicionado ao dashboard"
Vila Gumercindo,JD DA SAUDE,48,"04132001, 04133100, 04133200, 04130020, 04132002",Jardim da Saúde,NOVO_BAIRRO,"bairro próprio, adicionado ao dashboard"
Tatuapé,JD  ANALIA  FRANCO,47,03337070,Jardim Anália Franco,NOVO_BAIRRO,"bairro próprio, adicionado ao dashboard"
Ipiranga,PQ. FONGARO,46,"04257010, 04257090, 04257045, 04256120, 04256177",Parque Fongaro,NOVO_BAIRRO,"bairro próprio, adicionado ao dashboard"
Tatuapé,VL. ANTONIETA,45,"03474020, 03474050, 03475040, 03460000, 03474060",Vila Antonieta,NOVO_BAIRRO,"bairro próprio, adicionado ao dashboard"
Vila Firmiano Pinto,SAUDE,44,"04272300, 04272000, 04272100, 04272200",Saúde,NOVO_BAIRRO,"bairro próprio, adicionado ao dashboard"
Ibirapuera,JARDIM AEROPORTO,41,"04355070, 04355080, 04355000, 04355060, 04612040",Jardim Aeroporto,NOVO_BAIRRO,"bairro próprio, adicionado ao dashboard"
Brooklin,CID MONCOES,39,"04571927, 04563062, 04564010, 04564906, 04564040",Cidade Monções,NOVO_BAIRRO,"bairro próprio, adicionado ao dashboard"
Jardins,CERQUEIRA CEZAR,39,"01410020, 01413100, 01410000, 01410002, 01410001",Cerqueira César,NOVO_BAIRRO,"bairro próprio, adicionado ao dashboard"
Vila Mariana,VL. CLEMENTINO,39,"04040002, 04020060, 04038000, 04044010, 04040031",Vila Clementino,NOVO_BAIRRO,"bairro próprio, adicionado ao dashboard"
Jardim América,CERQUEIRA CEZAR,38,"01417010, 01417020, 05409011, 05411000, 05409002",Cerqueira César,NOVO_BAIRRO,"bairro próprio, adicionado ao dashboard"
Lapa,V ROMANA,38,"05051000, 05044040, 05041000, 05042000, 05047001",Vila Romana,NOVO_BAIRRO,"bairro próprio, adicionado ao dashboard"
Brooklin,VILA SAO FRANCISCO,31,"04710210, 04709020, 04710190, 04710180, 04710160",Vila São Francisco,NOVO_BAIRRO,"bairro próprio, adicionado ao dashboard"
Ibirapuera,STO AMARO,29,"04640230, 04640000, 04640020, 04708000, 04640001",Santo Amaro,NOVO_BAIRRO,"bairro próprio, adicionado ao dashboard"
Tatuapé,ALTO DA MOOCA,28,"03375060, 03304090, 03061000, 03342000, 03375005",Alto da Mooca,NOVO_BAIRRO,"bairro próprio, adicionado ao dashboard"
Tatuapé,V GOMES CARDIM,28,"03319000, 03320001, 03317000, 03321900, 03324002",Vila Gomes Cardim,NOVO_BAIRRO,"bairro próprio, adicionado ao dashboard"
Cambuci,V MONUMENTO,26,"01551020, 01552000, 01549000, 01549020, 01552001",Vila Monumento,NOVO_BAIRRO,"bairro próprio, adicionado ao dashboard"
Mooca,PQ. DA MOOCA,26,"03149000, 03127001, 03127175, 03127000, 03121020",Parque da Mooca,NOVO_BAIRRO,"bairro próprio, adicionado ao dashboard"
Brooklin,VL S FRANCISCO,25,"04710210, 04710180, 04710200, 04710190, 04709140",Vila São Francisco,NOVO_BAIRRO,"bairro próprio, adicionado ao dashboard"
Campo Belo,STO AMARO,24,"04617905, 04618907, 04610001, 04602007, 04609002",Santo Amaro,NOVO_BAIRRO,"bairro próprio, adicionado ao dashboard"
Jardim América,SUMAREZINHO,24,"05412004, 05410002, 05409003, 05410010, 05409020",Sumarezinho,NOVO_BAIRRO,"bairro próprio, adicionado ao dashboard"
Indianópolis,VILA CLEMENTINO,23,"04027040, 04027000, 04027030, 04513060, 04057000",Vila Clementino,NOVO_BAIRRO,"bairro próprio, adicionado ao dashboard"
Tatuapé,VL. GOMES CARDIM,23,"03320001, 03309060, 03312001",Vila Gomes Cardim,NOVO_BAIRRO,"bairro próprio, adicionado ao dashboard"
Bela Vista,STO AMARO,22,"04829060, 04829070, 04829400, 04829460, 01315001",Santo Amaro,NOVO_BAIRRO,"bairro próprio, adicionado ao dashboard"
Chácara Santo Antônio,VL SAO FRANCISCO,22,"04711090, 04711030, 04711060, 04716020, 04711100",Vila São Francisco,NOVO_BAIRRO,"bairro próprio, adicionado ao dashboard"
Brooklin,JD AEROPORTO,20,"04634020, 04634011, 04634010, 04635010, 04634901",Jardim Aeroporto,NOVO_BAIRRO,"bairro próprio, adicionado ao dashboard"
Campo Belo,JD. AEROPORTO,20,"04632040, 04633900, 04625900, 04625022, 04632030",Jardim Aeroporto,NOVO_BAIRRO,"bairro próprio, adicionado ao dashboard"
Paraíso,SAUDE,19,"04102010, 04102001",Saúde,NOVO_BAIRRO,"bairro próprio, adicionado ao dashboard"
Jardim Petrópolis,SANTO AMARO,18,"04639001, 04638020, 04638110, 04638000, 04638050",Santo Amaro,NOVO_BAIRRO,"bairro próprio, adicionado ao dashboard"
Jardim dos Estados,SANTO AMARO,18,"04641000, 04641070, 04641090, 04641080, 04641130",Santo Amaro,NOVO_BAIRRO,"bairro próprio, adicionado ao dashboard"
Vila Nova Conceição,SANTO AMARO,18,"04505001, 04506000, 04505000, 04505002, 04506020",Santo Amaro,NOVO_BAIRRO,"bairro próprio, adicionado ao dashboard"
Jardim Paulista,CERQUEIRA  CESAR,17,"01411000, 01418100, 01404100, 01421001, 01409000",Cerqueira César,NOVO_BAIRRO,"bairro próprio, adicionado ao dashboard"
Jardins,CERQ CESAR,17,"01413100, 01410001, 01410000, 01413000, 01410020",Cerqueira César,NOVO_BAIRRO,"bairro próprio, adicionado ao dashboard"
Jardins,CERQ. CESAR,14,"01413100, 01410001, 01413000, 01410000, 01410002",Cerqueira César,NOVO_BAIRRO,"bairro próprio, adicionado ao dashboard"
Mooca,V BERTIOGA,14,"03186030, 03185020, 03181020, 03184020, 03181100",Vila Bertioga,NOVO_BAIRRO,"bairro próprio, adicionado ao dashboard"
Mooca,V REGENTE FEIJO,14,"03344000, 03346010, 03372015, 03344030, 03344045",Vila Regente Feijó,NOVO_BAIRRO,"bairro próprio, adicionado ao dashboard"
Bosque da Saúde,JD. DA SAUDE,13,"04150000, 04148000, 04149120, 04136031, 04137080",Jardim da Saúde,NOVO_BAIRRO,"bairro próprio, adicionado ao dashboard"
Ipiranga,VL MONUMENTO,13,"01553010, 04264120, 01553120, 01553050, 01553030",Vila Monumento,NOVO_BAIRRO,"bairro próprio, adicionado ao dashboard"
Tatuapé,VL.GOMES CARDIM,13,"03320001, 03320000, 03309050",Vila Gomes Cardim,NOVO_BAIRRO,"bairro próprio, adicionado ao dashboard"
Paraíso,CERQUEIRA CESAR,12,"04002031, 04002000, 04001001, 04001081, 04003000",Cerqueira César,NOVO_BAIRRO,"bairro próprio, adicionado ao dashboard"
Pinheiros,CERQ CESAR,12,"05407001, 05408040, 05404013",Cerqueira César,NOVO_BAIRRO,"bairro próprio, adicionado ao dashboard"
Bela Vista,CERQUEIRA  CESAR,10,"01311931, 01419101, 01311200, 01419001, 01310000",Cerqueira César,NOVO_BAIRRO,"bairro próprio, adicionado ao dashboard"
Consolação,CERQUEIRA  CESAR,10,"01416002, 01307900, 01307001, 01309020, 01414000",Cerqueira César,NOVO_BAIRRO,"bairro próprio, adicionado ao dashboard"
Mirandópolis,V CLEMENTINO,10,"04042034, 04042004, 04042003, 04042035, 04043200",Vila Clementino,NOVO_BAIRRO,"bairro próprio, adicionado ao dashboard"
Lapa,VL. ROMANA,9,"05044010, 05043010, 05047000, 05044050, 05044000",Vila Romana,NOVO_BAIRRO,"bairro próprio, adicionado ao dashboard"
Lapa,VL. IPOJUCA,9,"05055030, 05056020, 05056001",Vila Ipojuca,NOVO_BAIRRO,"bairro próprio, adicionado ao dashboard"
Tatuapé,V REGENTE FEIJO,9,"03335090, 03334040, 03336010, 03333000",Vila Regente Feijó,NOVO_BAIRRO,"bairro próprio, adicionado ao dashboard"
Tatuapé,V ANTONIETA,9,"03460000, 03476000, 03474000, 03475070, 03475110",Vila Antonieta,NOVO_BAIRRO,"bairro próprio, adicionado ao dashboard"
Brooklin,JARDIM AEROPORTO,8,"04634020, 04635080, 04634000, 04634041, 04634042",Jardim Aeroporto,NOVO_BAIRRO,"bairro próprio, adicionado ao dashboard"
Chácara Inglesa,JARDIM DA SAUDE,8,"04140110, 04138030, 04140090, 04140080, 04138001",Jardim da Saúde,NOVO_BAIRRO,"bairro próprio, adicionado ao dashboard"
Ibirapuera,CID MONCOES,8,"04566080, 04566062, 04566002, 04566000",Cidade Monções,NOVO_BAIRRO,"bairro próprio, adicionado ao dashboard"
Ipiranga,PRQ. FONGARO,8,"04257045, 04257090, 04256090, 04256177, 04256120",Parque Fongaro,NOVO_BAIRRO,"bairro próprio, adicionado ao dashboard"
Jardim dos Estados,STO AMARO,8,"04641070, 04641130, 04641000, 04641080, 04641020",Santo Amaro,NOVO_BAIRRO,"bairro próprio, adicionado ao dashboard"
Lapa,SUMAREZINHO,8,"05061050, 05054010, 05054070, 05075000",Sumarezinho,NOVO_BAIRRO,"bairro próprio, adicionado ao dashboard"
Mooca,PRQ.DA MOOCA,8,03121030,Parque da Mooca,NOVO_BAIRRO,"bairro próprio, adicionado ao dashboard"
Pinheiros,ALTO DA LAPA,8,"05455010, 05455020, 05455040, 05455000, 05455901",Alto da Lapa,NOVO_BAIRRO,"bairro próprio, adicionado ao dashboard"
Santa Cecília,CERQUEIRA CESAR,8,"01225001, 01035100, 01202903, 01202002, 01202001",Cerqueira César,NOVO_BAIRRO,"bairro próprio, adicionado ao dashboard"
Vila Madalena,ALTO DA LAPA,8,"05453010, 05451120, 05451010, 05451070, 05451040",Alto da Lapa,NOVO_BAIRRO,"bairro próprio, adicionado ao dashboard"
Indianópolis,SAUDE,7,"04086901, 04027000, 04027040, 04081003, 04057000",Saúde,NOVO_BAIRRO,"bairro próprio, adicionado ao dashboard"
Jardim da Glória,VILA MONUMENTO,7,"01545001, 01546010, 01546100, 01545060",Vila Monumento,NOVO_BAIRRO,"bairro próprio, adicionado ao dashboard"
Tatuapé,VL.NOVA MANCHESTER,7,"03443020, 03442050, 03443000, 03443050, 03445000",Vila Nova Manchester,NOVO_BAIRRO,"bairro próprio, adicionado ao dashboard"
Vila Firmiano Pinto,MOINHO VELHO,7,04272300,Moinho Velho,NOVO_BAIRRO,"bairro próprio, adicionado ao dashboard"
Vila Mariana,VL.CLEMENTINO,7,"04044903, 04023000, 04037002, 04038032, 04038040",Vila Clementino,NOVO_BAIRRO,"bairro próprio, adicionado ao dashboard"
Bela Vista,CERQ CEZAR,6,01310920,Cerqueira César,NOVO_BAIRRO,"bairro próprio, adicionado ao dashboard"
Brooklin,JD. DAS ACACIAS,6,"04707061, 04704030, 04704000, 04704140, 04704080",Jardim das Acácias,NOVO_BAIRRO,"bairro próprio, adicionado ao dashboard"
Brooklin,CID. MONCOES,6,"04571010, 04562000, 04570110, 04565911",Cidade Monções,NOVO_BAIRRO,"bairro próprio, adicionado ao dashboard"
Cambuci,SAUDE,6,"01539000, 04260000, 04260020",Saúde,NOVO_BAIRRO,"bairro próprio, adicionado ao dashboard"
Cambuci,VILA  MONUMENTO,6,"01549020, 01551000, 01550030, 01549000, 01548020",Vila Monumento,NOVO_BAIRRO,"bairro próprio, adicionado ao dashboard"
Higienópolis,CERQUEIRA CESAR,6,"01244010, 01239060, 01239020, 01244000, 01228200",Cerqueira César,NOVO_BAIRRO,"bairro próprio, adicionado ao dashboard"
Ipiranga,VL. DAS MERCES,6,"04162900, 04162060",Vila das Mercês,NOVO_BAIRRO,"bairro próprio, adicionado ao dashboard"
Itaim Bibi,CERQUEIRA CESAR,6,"01451904, 01451001, 04534004, 04537002, 04537081",Cerqueira César,NOVO_BAIRRO,"bairro próprio, adicionado ao dashboard"
Pinheiros,CERQUEIRA CEZAR,6,"05407000, 05405000, 05408000, 05406050, 05404001",Cerqueira César,NOVO_BAIRRO,"bairro próprio, adicionado ao dashboard"
Tatuapé,V NOVA MANCHESTER,6,"03445060, 03442050, 03443000, 03442000, 03445050",Vila Nova Manchester,NOVO_BAIRRO,"bairro próprio, adicionado ao dashboard"
Vila Mariana,VILA  CLEMENTINO,6,"04022001, 04037001, 04020060, 04041002, 04041053",Vila Clementino,NOVO_BAIRRO,"bairro próprio, adicionado ao dashboard"
Bela Vista,SANTO AMARO,5,"01315000, 04829010, 04829020, 04829400, 04829390",Santo Amaro,NOVO_BAIRRO,"bairro próprio, adicionado ao dashboard"
Ipiranga,V DAS MERCES,5,04162900,Vila das Mercês,NOVO_BAIRRO,"bairro próprio, adicionado ao dashboard"
Jardim Paulista,CERQ CEZAR,5,"05401100, 01409001, 01420007",Cerqueira César,NOVO_BAIRRO,"bairro próprio, adicionado ao dashboard"
Jardim Petrópolis,STO AMARO,5,"04639020, 04639001",Santo Amaro,NOVO_BAIRRO,"bairro próprio, adicionado ao dashboard"
Lapa,V. IPOJUCA,5,"05054060, 05054030, 05056020",Vila Ipojuca,NOVO_BAIRRO,"bairro próprio, adicionado ao dashboard"
Mooca,VL. BERTIOGA,5,"03186040, 03186020, 03186030, 03185060",Vila Bertioga,NOVO_BAIRRO,"bairro próprio, adicionado ao dashboard"
Pompéia,VILA ROMANA,5,"05027000, 05027040, 05026001",Vila Romana,NOVO_BAIRRO,"bairro próprio, adicionado ao dashboard"
Vila Gumercindo,V CLEMENTINO,5,"04026090, 04026050, 04026001",Vila Clementino,NOVO_BAIRRO,"bairro próprio, adicionado ao dashboard"
Vila da Saúde,JD. DA SAUDE,5,"04146903, 04146000, 04146051",Jardim da Saúde,NOVO_BAIRRO,"bairro próprio, adicionado ao dashboard"
Cambuci,ACLIMACAO,4408,"01526000, 01530010, 01528020, 01534001, 01536000",FORA,SUGERIDO_FORA,"bairro distinto, fora da carteira"
Consolação,CENTRO,2803,"01046925, 01050070, 01041907, 01046915, 01209002",FORA,SUGERIDO_FORA,"bairro distinto, fora da carteira"
Vila Mariana,ACLIMACAO,2710,"01532020, 01532000, 01532001, 04105002, 01532030",FORA,SUGERIDO_FORA,"bairro distinto, fora da carteira"
Tatuapé,VILA CARRAO,2490,"03446000, 03436000, 03447060, 03421000, 03426000",FORA,SUGERIDO_FORA,"bairro distinto, fora da carteira"
Consolação,VILA BUARQUE,2485,"01221020, 01223001, 01222010, 01223010, 01220010",FORA,SUGERIDO_FORA,"bairro distinto, fora da carteira"
Santa Cecília,CAMPOS ELISEOS,2339,"01218012, 01202002, 01218011, 01217010, 01218020",FORA,SUGERIDO_FORA,"bairro distinto, fora da carteira"
Bela Vista,LIBERDADE,2284,"01320010, 01321906, 01317000, 01322000, 01322020",FORA,SUGERIDO_FORA,"bairro distinto, fora da carteira"
Lapa,ALTO DE PINHEIROS,2265,"05458901, 05458900, 05458001, 05466907, 05466010",FORA,SUGERIDO_FORA,"bairro distinto, fora da carteira"
Mooca,BELENZINHO,2080,"03170050, 03175010, 03174000, 03179900, 03177010",FORA,SUGERIDO_FORA,"bairro distinto, fora da carteira"
Planalto Paulista,SANTANA,1857,"02402400, 02402500, 02402200, 02402025, 02402100",FORA,SUGERIDO_FORA,"bairro distinto, fora da carteira"
Perdizes,BARRA FUNDA,1779,"01155040, 01155060, 01154050, 01154020, 01154030",FORA,SUGERIDO_FORA,"bairro distinto, fora da carteira"
Tatuapé,VL CARRAO,1566,"03426000, 03405040, 03428000, 03436000, 03319902",FORA,SUGERIDO_FORA,"bairro distinto, fora da carteira"
Paraíso,ACLIMACAO,1533,"04103030, 01533000, 01531001, 01533010, 01531000",FORA,SUGERIDO_FORA,"bairro distinto, fora da carteira"
Vila Mariana,SANTANA,1328,"02017012, 02017002, 02017011, 02017000, 02017030",FORA,SUGERIDO_FORA,"bairro distinto, fora da carteira"
Consolação,REPUBLICA,1237,"01046926, 01222001, 01046925, 01303010, 01219010",FORA,SUGERIDO_FORA,"bairro distinto, fora da carteira"
Tatuapé,VL FORMOSA,1212,"03414010, 03355050, 03355000, 03357020, 03416000",FORA,SUGERIDO_FORA,"bairro distinto, fora da carteira"
Lapa,VL LEOPOLDINA,1143,"05303903, 05305002, 05303000, 05302902, 05305904",FORA,SUGERIDO_FORA,"bairro distinto, fora da carteira"
Ipiranga,SAO JOAO CLIMACO,1064,"04244000, 04256000, 04240000, 04256090, 04256320",FORA,SUGERIDO_FORA,"bairro distinto, fora da carteira"
Lapa,VILA LEOPOLDINA,1052,"05089070, 05303000, 05305030, 05302001, 05089000",FORA,SUGERIDO_FORA,"bairro distinto, fora da carteira"
Tatuapé,VILA FORMOSA,1021,"03416000, 03357010, 03357000, 03355000, 03357020",FORA,SUGERIDO_FORA,"bairro distinto, fora da carteira"
Ipiranga,SACOMA,1020,"04248000, 04252000, 04249020, 04253000, 04248100",FORA,SUGERIDO_FORA,"bairro distinto, fora da carteira"
Santa Cecília,BARRA FUNDA,1018,"01138010, 01153000, 01202002, 01153010, 01153020",FORA,SUGERIDO_FORA,"bairro distinto, fora da carteira"
Bela Vista,CENTRO,1003,"01318001, 01313000, 01318000, 01049910, 01312000",FORA,SUGERIDO_FORA,"bairro distinto, fora da carteira"
Perdizes,AGUA BRANCA,928,"01155060, 05001000, 05005030, 05003040, 05003070",FORA,SUGERIDO_FORA,"bairro distinto, fora da carteira"
Mooca,VILA PRUDENTE,916,"03149100, 03129110, 03126000, 03126007, 03127000",FORA,SUGERIDO_FORA,"bairro distinto, fora da carteira"
Cambuci,LIBERDADE,906,"01526010, 01526000, 01527050, 01527020, 01519000",FORA,SUGERIDO_FORA,"bairro distinto, fora da carteira"
Ibirapuera,REAL PARQUE,865,"05686010, 05687010, 05686000, 05687001, 05687002",FORA,SUGERIDO_FORA,"bairro distinto, fora da carteira"
Paraíso,LIBERDADE,772,"01504000, 01504001, 01533000, 04004070, 01504010",FORA,SUGERIDO_FORA,"bairro distinto, fora da carteira"
Chácara Inglesa,PIRITUBA,756,"05145901, 05145100, 05145903, 05145200, 05140060",FORA,SUGERIDO_FORA,"bairro distinto, fora da carteira"
Consolação,VL BUARQUE,749,"01221010, 01223001, 01220000, 01221020, 01223010",FORA,SUGERIDO_FORA,"bairro distinto, fora da carteira"
Tatuapé,SAPOPEMBA,743,"03907010, 03907000, 03907030, 03907090, 03907080",FORA,SUGERIDO_FORA,"bairro distinto, fora da carteira"
Pinheiros,ALTO DE PINHEIROS,724,"05465050, 05459000, 05462010, 05459002, 05446000",FORA,SUGERIDO_FORA,"bairro distinto, fora da carteira"
Vila Mariana,LIBERDADE,724,"01503010, 01503001, 01532001, 01503020, 01503000",FORA,SUGERIDO_FORA,"bairro distinto, fora da carteira"
Tatuapé,BELENZINHO,652,"03061000, 03064100, 03061030, 03061040, 03019050",FORA,SUGERIDO_FORA,"bairro distinto, fora da carteira"
Mirandópolis,JABAQUARA,605,"04045002, 04055110, 04046500, 04046400, 04045900",FORA,SUGERIDO_FORA,"bairro distinto, fora da carteira"
Jardim da Glória,ACLIMACAO,567,"01545001, 01546010, 01545000, 01547100, 01545030",FORA,SUGERIDO_FORA,"bairro distinto, fora da carteira"
Mooca,AGUA RASA,548,"03344000, 03186010, 03344015, 03344070, 03175001",FORA,SUGERIDO_FORA,"bairro distinto, fora da carteira"
Tatuapé,JD ARICANDUVA,530,"03454000, 03455030, 03455080, 03455000, 03455070",FORA,SUGERIDO_FORA,"bairro distinto, fora da carteira"
Mooca,VL PRUDENTE,511,"03128170, 03125070, 03128050, 03129110, 03126000",FORA,SUGERIDO_FORA,"bairro distinto, fora da carteira"
Lapa,AGUA BRANCA,505,"05042000, 05033080, 05041000, 05043020, 05036001",FORA,SUGERIDO_FORA,"bairro distinto, fora da carteira"
Santa Cecília,CENTRO,499,"01205000, 01036100, 01211101, 01035100, 01036000",FORA,SUGERIDO_FORA,"bairro distinto, fora da carteira"
Campo Belo,REAL PARQUE,467,"05684030, 05684000, 05684010, 05684020, 05684011",FORA,SUGERIDO_FORA,"bairro distinto, fora da carteira"
Consolação,SANTA EFIGENIA,466,"01209003, 01209002, 01210003, 01209010, 01210001",FORA,SUGERIDO_FORA,"bairro distinto, fora da carteira"
Mooca,BRAS,457,"03042001, 03042000, 03005010, 03005020, 03005040",FORA,SUGERIDO_FORA,"bairro distinto, fora da carteira"
Santa Cecília,VILA BUARQUE,440,"01224010, 01224000, 01224020, 01226011, 01224001",FORA,SUGERIDO_FORA,"bairro distinto, fora da carteira"
Pinheiros,BUTANTA,430,"05352900, 05352901, 05352050, 05352906, 05352020",FORA,SUGERIDO_FORA,"bairro distinto, fora da carteira"
Ibirapuera,VILA SONIA,378,"05625001, 05625020, 05625000, 05625060, 05625160",FORA,SUGERIDO_FORA,"bairro distinto, fora da carteira"
Ibirapuera,MORUMBI,362,"05706290, 05686002, 05654000, 05687010, 05654030",FORA,SUGERIDO_FORA,"bairro distinto, fora da carteira"
Ibirapuera,JABAQUARA,335,"04345001, 04345030, 04345000, 04345020, 04355100",FORA,SUGERIDO_FORA,"bairro distinto, fora da carteira"
Santa Cecília,SANTA EFIGENIA,334,"01206000, 01214000, 01203001, 01205000, 01036100",FORA,SUGERIDO_FORA,"bairro distinto, fora da carteira"
Brooklin,MORUMBI,293,"04707900, 05690050, 04703004, 05690010, 05690080",FORA,SUGERIDO_FORA,"bairro distinto, fora da carteira"
Vila Madalena,ALTO DE PINHEIROS,288,"05450011, 05451900, 05450001, 05445915, 05448000",FORA,SUGERIDO_FORA,"bairro distinto, fora da carteira"
Tatuapé,JARDIM ARICANDUVA,161,"03454000, 03454050, 03454040, 03454060, 03454030",FORA,SUGERIDO_FORA,"bairro distinto, fora da carteira"
Tatuapé,AGUA RASA,140,"03333000, 03342000, 03335090, 03332000, 03335110",FORA,SUGERIDO_FORA,"bairro distinto, fora da carteira"
Planalto Paulista,JABAQUARA,135,"04307100, 04307000, 04069000, 04307050, 04307010",FORA,SUGERIDO_FORA,"bairro distinto, fora da carteira"
Campo Belo,MORUMBI,132,"05684020, 05684060, 05684000, 05684030, 05634001",FORA,SUGERIDO_FORA,"bairro distinto, fora da carteira"
Tatuapé,VL. CARRAO,126,"03429000, 03421000, 03422000, 03420000, 03424000",FORA,SUGERIDO_FORA,"bairro distinto, fora da carteira"
Tatuapé,VL MATILDE,109,"03514000, 03514003, 03522000, 03522010, 03514002",FORA,SUGERIDO_FORA,"bairro distinto, fora da carteira"
Santa Cecília,REPUBLICA,86,"01036100, 01035100, 01036903, 01036902, 01214000",FORA,SUGERIDO_FORA,"bairro distinto, fora da carteira"
Brooklin,JABAQUARA,85,"04635023, 04634000, 04635041, 04634020, 04635001",FORA,SUGERIDO_FORA,"bairro distinto, fora da carteira"
Tatuapé,VILA MATILDE,84,"03514000, 03514003, 03514002, 03514010, 03514080",FORA,SUGERIDO_FORA,"bairro distinto, fora da carteira"
Santa Cecília,STA EFIGENIA,82,"01205000, 01203001, 01214000, 01202001, 01206000",FORA,SUGERIDO_FORA,"bairro distinto, fora da carteira"
Consolação,STA EFIGENIA,80,"01209010, 01209002, 01210001, 01209900, 01209000",FORA,SUGERIDO_FORA,"bairro distinto, fora da carteira"
Bela Vista,PIRITUBA,78,"05132000, 05132130, 05132030, 05132070, 05132230",FORA,SUGERIDO_FORA,"bairro distinto, fora da carteira"
Bela Vista,SANTANA,77,"02617150, 02617140, 02617130, 02617080, 02617100",FORA,SUGERIDO_FORA,"bairro distinto, fora da carteira"
Ipiranga,S JOAO CLIMACO,73,"04244000, 04240000, 04256090, 04255120, 04252020",FORA,SUGERIDO_FORA,"bairro distinto, fora da carteira"
Tatuapé,CARRAO,73,"03447000, 03471000, 03402002, 03421000, 03429000",FORA,SUGERIDO_FORA,"bairro distinto, fora da carteira"
Vila Mariana,JABAQUARA,73,"04376040, 04376002, 04376070, 04376006, 04112070",FORA,SUGERIDO_FORA,"bairro distinto, fora da carteira"
Consolação,VL. BUARQUE,71,"01220000, 01223010, 01221001, 01223001, 01047911",FORA,SUGERIDO_FORA,"bairro distinto, fora da carteira"
Ipiranga,JABAQUARA,68,"04316060, 04316070, 04316020, 04316110, 04316000",FORA,SUGERIDO_FORA,"bairro distinto, fora da carteira"
Tatuapé,ITAQUERA,60,"03454000, 03306090, 03930030, 03930310, 03455070",FORA,SUGERIDO_FORA,"bairro distinto, fora da carteira"
Vila Mariana,CENTRO,60,"01503901, 01503904, 01503010, 04008090, 01503000",FORA,SUGERIDO_FORA,"bairro distinto, fora da carteira"
Campo Belo,JABAQUARA,54,"04361090, 04361040, 04361120, 04361000, 04361130",FORA,SUGERIDO_FORA,"bairro distinto, fora da carteira"
Jardim Paulistano,SAO MIGUEL,52,"08080000, 08080230, 08080190, 08080600, 08080330",FORA,SUGERIDO_FORA,"bairro distinto, fora da carteira"
Ibirapuera,VL SONIA,47,"05625000, 05625020, 05625050, 05625001, 05625040",FORA,SUGERIDO_FORA,"bairro distinto, fora da carteira"
Santa Cecília,VL BUARQUE,45,"01226030, 01224001, 01214000, 01224000, 01226011",FORA,SUGERIDO_FORA,"bairro distinto, fora da carteira"
Tatuapé,PENHA,44,"03090000, 03090020, 03064000, 03063000, 03090040",FORA,SUGERIDO_FORA,"bairro distinto, fora da carteira"
Tatuapé,VL. FORMOSA,43,"03416000, 03376100, 03415040, 03475000, 03454000",FORA,SUGERIDO_FORA,"bairro distinto, fora da carteira"
Tatuapé,PARI,41,"03019000, 03019040, 03325050, 03019030, 03019050",FORA,SUGERIDO_FORA,"bairro distinto, fora da carteira"
Campo Belo,BUTANTA,40,"05634010, 05634160, 05634020, 05634060, 05634150",FORA,SUGERIDO_FORA,"bairro distinto, fora da carteira"
Chácara Santo Antônio,MORUMBI,39,"04719060, 04719002",FORA,SUGERIDO_FORA,"bairro distinto, fora da carteira"
Ibirapuera,BUTANTA,36,"05625060, 05625160, 05625120, 05625020, 05625001",FORA,SUGERIDO_FORA,"bairro distinto, fora da carteira"
Planalto Paulista,MANDAQUI,35,"02402500, 02402700, 02402060",FORA,SUGERIDO_FORA,"bairro distinto, fora da carteira"
Consolação,V BUARQUE,34,"01222000, 01220010, 01222001, 01221902, 01223010",FORA,SUGERIDO_FORA,"bairro distinto, fora da carteira"
Tatuapé,BRAS,34,"03019000, 03019020, 03019010, 03019050, 03019030",FORA,SUGERIDO_FORA,"bairro distinto, fora da carteira"
Pinheiros,JAGUARE,30,"05352904, 05352020",FORA,SUGERIDO_FORA,"bairro distinto, fora da carteira"
Higienópolis,VILA BUARQUE,28,"01238010, 01241001, 01239906, 01240000, 01239000",FORA,SUGERIDO_FORA,"bairro distinto, fora da carteira"
Tatuapé,V CARRAO,28,"03424000, 03433000, 03428020, 03422000, 03436000",FORA,SUGERIDO_FORA,"bairro distinto, fora da carteira"
Santa Cecília,BOM RETIRO,27,"01138030, 01218000, 01138020, 01203003, 01217010",FORA,SUGERIDO_FORA,"bairro distinto, fora da carteira"
Tatuapé,VL. MATILDE,25,"03514000, 03514002, 03514070, 03514003, 03514075",FORA,SUGERIDO_FORA,"bairro distinto, fora da carteira"
Mooca,VL. PRUDENTE,22,"03192100, 03127070, 03127060, 03125080, 03128120",FORA,SUGERIDO_FORA,"bairro distinto, fora da carteira"
Tatuapé,ARICANDUVA,22,"03436000, 03930300, 03460000, 03454020, 03416050",FORA,SUGERIDO_FORA,"bairro distinto, fora da carteira"
Lapa,V LEOPOLDINA,21,"05303000, 05089001, 05302060, 05085901, 05088030",FORA,SUGERIDO_FORA,"bairro distinto, fora da carteira"
Tatuapé,V FORMOSA,21,"03357050, 03355000, 03414140, 03357000, 03376110",FORA,SUGERIDO_FORA,"bairro distinto, fora da carteira"
Cambuci,CENTRO,18,"01534001, 01518010, 01518070, 01526010, 01526000",FORA,SUGERIDO_FORA,"bairro distinto, fora da carteira"
Lapa,SANTANA,17,"02409071, 02409000, 02409060, 02409030, 02409040",FORA,SUGERIDO_FORA,"bairro distinto, fora da carteira"
Lapa,MANDAQUI,17,"02409040, 02409060, 02409000",FORA,SUGERIDO_FORA,"bairro distinto, fora da carteira"
Mooca,VL FORMOSA,17,"03373025, 03372015, 03373033, 03349060, 03372000",FORA,SUGERIDO_FORA,"bairro distinto, fora da carteira"
Vila da Saúde,JABAQUARA,17,"04144001, 04143050, 04144120, 04144020, 04144070",FORA,SUGERIDO_FORA,"bairro distinto, fora da carteira"
Ipiranga,S. JOAO CLIMACO,15,"04254050, 04241000, 04240000, 04241020, 04241050",FORA,SUGERIDO_FORA,"bairro distinto, fora da carteira"
Mooca,VILA FORMOSA,15,"03373025, 03372015, 03172020, 03188001, 03373080",FORA,SUGERIDO_FORA,"bairro distinto, fora da carteira"
Mooca,V PRUDENTE,14,"03129010, 03192070, 03127070, 03125080, 03126007",FORA,SUGERIDO_FORA,"bairro distinto, fora da carteira"
Pompéia,AGUA BRANCA,14,"05026000, 05026001, 05027020, 05027000",FORA,SUGERIDO_FORA,"bairro distinto, fora da carteira"
Tatuapé,JD. ARICANDUVA,14,"03455050, 03454000, 03454050, 03455010, 03454060",FORA,SUGERIDO_FORA,"bairro distinto, fora da carteira"
Jardim Paulista,CENTRO,13,"01423001, 01420000, 01421001, 01402000, 01420004",FORA,SUGERIDO_FORA,"bairro distinto, fora da carteira"
Jardim Paulistano,S. MIGUEL,13,"08080240, 08080080",FORA,SUGERIDO_FORA,"bairro distinto, fora da carteira"
Lapa,VL. LEOPOLDINA,13,"05305070, 05305012, 05305040, 05305001",FORA,SUGERIDO_FORA,"bairro distinto, fora da carteira"
Tatuapé,VILA  CARRAO,13,"03431000, 03447080, 03429050, 03421010, 03422000",FORA,SUGERIDO_FORA,"bairro distinto, fora da carteira"
Consolação,CAMPOS ELISEOS,11,"01221020, 01210002, 01209002, 01227100, 01210000",FORA,SUGERIDO_FORA,"bairro distinto, fora da carteira"
Brooklin,REAL PARQUE,10,"05690050, 05690010, 05690020, 05690901, 05690040",FORA,SUGERIDO_FORA,"bairro distinto, fora da carteira"
Campo Belo,CAMPO LIMPO,9,"04618919, 04602004, 04601061, 04605003, 04615001",FORA,SUGERIDO_FORA,"bairro distinto, fora da carteira"
Campo Belo,VILA SONIA,9,"05634001, 05634060, 05634100, 05634000, 05634010",FORA,SUGERIDO_FORA,"bairro distinto, fora da carteira"
Ipiranga,CURSINO,9,"04125100, 04124020, 04125150, 04125080, 04177000",FORA,SUGERIDO_FORA,"bairro distinto, fora da carteira"
Jardim Paulistano,S MIGUEL,9,"08080360, 08080570, 08080190, 08080320, 08080240",FORA,SUGERIDO_FORA,"bairro distinto, fora da carteira"
Bela Vista,REPUBLICA,8,"01316100, 01313000, 01316000, 01314000, 01312000",FORA,SUGERIDO_FORA,"bairro distinto, fora da carteira"
Paraíso,CENTRO,8,"04005000, 01504000, 04002902, 04003040, 04006052",FORA,SUGERIDO_FORA,"bairro distinto, fora da carteira"
Mooca,CENTRO,7,"03005020, 03101000, 03104003, 03105050, 03164120",FORA,SUGERIDO_FORA,"bairro distinto, fora da carteira"
Tatuapé,SAO MATEUS,7,"03932020, 03932000, 03930110",FORA,SUGERIDO_FORA,"bairro distinto, fora da carteira"
Vila Gumercindo,CURSINO,7,"04130040, 04130080, 04134070, 04131040, 04289100",FORA,SUGERIDO_FORA,"bairro distinto, fora da carteira"
Ibirapuera,V SONIA,6,"05625020, 05625000, 05625160, 05625900",FORA,SUGERIDO_FORA,"bairro distinto, fora da carteira"
Ibirapuera,VILA ANDRADE,6,"05706290, 05656010, 05687010",FORA,SUGERIDO_FORA,"bairro distinto, fora da carteira"
Jardim América,ALTO DE PINHEIROS,6,"05410001, 05411001, 05412004, 01454030",FORA,SUGERIDO_FORA,"bairro distinto, fora da carteira"
Jardim Paulistano,BRASILANDIA,6,"02814010, 02812190, 02814040, 02814000",FORA,SUGERIDO_FORA,"bairro distinto, fora da carteira"
Lapa,JAGUARE,6,"05466020, 05305010, 05303911, 05460020",FORA,SUGERIDO_FORA,"bairro distinto, fora da carteira"
Tatuapé,VL.FORMOSA,6,"03432010, 03357037, 03416010, 03357020, 03414020",FORA,SUGERIDO_FORA,"bairro distinto, fora da carteira"
Itaim Bibi,ALTO DE PINHEIROS,5,"04543000, 01451915",FORA,SUGERIDO_FORA,"bairro distinto, fora da carteira"
Lapa,V. LEOPOLDINA,5,"05302001, 05303000, 05305070",FORA,SUGERIDO_FORA,"bairro distinto, fora da carteira"
Santa Cecília,VILA  BUARQUE,5,"01224000, 01226031, 01224030, 01224001",FORA,SUGERIDO_FORA,"bairro distinto, fora da carteira"
Santa Cecília,CAMPOS  ELISEOS,5,"01202002, 01215010, 01203001",FORA,SUGERIDO_FORA,"bairro distinto, fora da carteira"
Santa Cecília,BARRA  FUNDA,5,"01218012, 01138000, 01153010, 01150001",FORA,SUGERIDO_FORA,"bairro distinto, fora da carteira"
Tatuapé,VL PRUDENTE,5,"03376080, 03429000, 03375003, 03911100, 03380160",FORA,SUGERIDO_FORA,"bairro distinto, fora da carteira"
Tatuapé,VL.CARRAO,5,"03431000, 03421000, 03474060, 03436090",FORA,SUGERIDO_FORA,"bairro distinto, fora da carteira"
Tatuapé,JD.ARICANDUVA,5,"03454000, 03455050, 03455070",FORA,SUGERIDO_FORA,"bairro distinto, fora da carteira"
Vila Mariana,CASA VERDE,5,02017004,FORA,SUGERIDO_FORA,"bairro distinto, fora da carteira"
Brooklin,VILA ALEXANDRIA,493,"04634020, 04635070, 04635080, 04635041, 04635071",FORA,PADRAO_FORA,nome pequeno/sem regra: padrão conservador
Lapa,VILA HAMBURGUESA,461,"05305030, 05303000, 05302060, 05302001, 05302907",FORA,PADRAO_FORA,nome pequeno/sem regra: padrão conservador
Jardim Paulistano,PQ PAULISTANO,460,"08080160, 08080360, 08080330, 08080030, 08080230",FORA,PADRAO_FORA,nome pequeno/sem regra: padrão conservador
Ipiranga,JARDIM PATENTE,457,"04232901, 04244000, 04242000, 04256000, 04256177",FORA,PADRAO_FORA,nome pequeno/sem regra: padrão conservador
Campo Belo,AMERICANOPOLIS,422,"04416020, 04416280, 04416200, 04416350, 04416230",FORA,PADRAO_FORA,nome pequeno/sem regra: padrão conservador
Brooklin,JD EDITH,419,"04571000, 04567003, 04571933, 04571011, 04562030",FORA,PADRAO_FORA,nome pequeno/sem regra: padrão conservador
Lapa,CD PODIUM V LEOPOLDINA,392,05089030,IGNORAR,AUTO_IGNORAR,
Ipiranga,NOVO JD PATENTE,388,"04256290, 04256280, 04256230, 04256240, 04256265",FORA,PADRAO_FORA,nome pequeno/sem regra: padrão conservador
Consolação,SUB ESCRITORIOS CADORO,387,01305000,IGNORAR,AUTO_IGNORAR,
Jardim Paulistano,PRQ PAULISTANO,381,"08080000, 08080190, 08080490, 08080570, 08080560",FORA,PADRAO_FORA,nome pequeno/sem regra: padrão conservador
Paraíso,CD.VARANDA PAULISTA,350,01504000,FORA,PADRAO_FORA,nome pequeno/sem regra: padrão conservador
Lapa,TERRAZZA MARINA,341,05036001,FORA,PADRAO_FORA,nome pequeno/sem regra: padrão conservador
Jardim Paulistano,SAO MIGUEL PAULISTA,337,"08080570, 08080490, 08080030, 08080650, 08080000",FORA,PADRAO_FORA,nome pequeno/sem regra: padrão conservador
Bela Vista,HORSA I,330,01311940,FORA,PADRAO_FORA,nome pequeno/sem regra: padrão conservador
Bela Vista,CJ HAB CACHOERINHA A,330,"02617145, 02617140",FORA,PADRAO_FORA,nome pequeno/sem regra: padrão conservador
Campo Belo,VL CAMPO BELO,327,"05634020, 05634010, 05634000, 05634150, 05634050",FORA,PADRAO_FORA,nome pequeno/sem regra: padrão conservador
Lapa,BELA ALIANCA,317,"05085000, 05088000, 05087000, 05085901, 05085060",FORA,PADRAO_FORA,nome pequeno/sem regra: padrão conservador
Tatuapé,CHACARA CALIFORNIA,313,"03407040, 03405040, 03402000, 03404000, 03406100",FORA,PADRAO_FORA,nome pequeno/sem regra: padrão conservador
Bela Vista,MORRO DOS INGLESES,312,"01329900, 01329010, 01329000, 01329902, 01330902",FORA,PADRAO_FORA,nome pequeno/sem regra: padrão conservador
Sumaré,THE COLLECTION,312,"01257080, 01257010",FORA,PADRAO_FORA,nome pequeno/sem regra: padrão conservador
Perdizes,ENT R MARIO DE ANDRADE,304,01154000,FORA,PADRAO_FORA,nome pequeno/sem regra: padrão conservador
Bela Vista,JD DAS IMBUIAS,303,"04829290, 04829440, 04829390, 04829450, 04829400",FORA,PADRAO_FORA,nome pequeno/sem regra: padrão conservador
Cambuci,PATIO CENTRAL,302,01519000,FORA,PADRAO_FORA,nome pequeno/sem regra: padrão conservador
Lapa,GIRASSOIS,300,05036040,FORA,PADRAO_FORA,nome pequeno/sem regra: padrão conservador
Tatuapé,C H PRQ CARRAO,300,"03314000, 03311900, 03311000",FORA,PADRAO_FORA,nome pequeno/sem regra: padrão conservador
Chácara Inglesa,JARDIM IRIS,296,"05145904, 05145901, 05145902, 05145903, 05145100",FORA,PADRAO_FORA,nome pequeno/sem regra: padrão conservador
Tatuapé,UNIVERSO TATUAPE,296,03069060,FORA,PADRAO_FORA,nome pequeno/sem regra: padrão conservador
Vila Olímpia,THE WORLD EXECUTIVE,286,04547004,FORA,PADRAO_FORA,nome pequeno/sem regra: padrão conservador
Itaim Bibi,BROOKLON - FOLLOW -THE,277,04705070,FORA,PADRAO_FORA,nome pequeno/sem regra: padrão conservador
Tatuapé,RESID ACTION LIFE,275,03073005,FORA,PADRAO_FORA,nome pequeno/sem regra: padrão conservador
Chácara Santo Antônio,CHC SANTO ANTONIO,273,"04718001, 04717905, 04719010, 04711100, 04711020",FORA,PADRAO_FORA,nome pequeno/sem regra: padrão conservador
Vila Madalena,VILA BEATRIZ,271,"05445917, 05447000, 05445040, 05447020, 05447060",FORA,PADRAO_FORA,nome pequeno/sem regra: padrão conservador
Jardim Paulistano,JD ALTO DE TAIPAS,269,"02812290, 02812240, 02812230, 02812260, 02812220",FORA,PADRAO_FORA,nome pequeno/sem regra: padrão conservador
Lapa,CON. ALLORI VL ROMANA,268,05051030,FORA,PADRAO_FORA,nome pequeno/sem regra: padrão conservador
Ipiranga,VILA VERA,266,"04295001, 04294000, 04296000, 04295020, 04295000",FORA,PADRAO_FORA,nome pequeno/sem regra: padrão conservador
Chácara Inglesa,CHAC INGLEZA,262,"05141000, 05141140, 05140060, 05141020, 05141040",FORA,PADRAO_FORA,nome pequeno/sem regra: padrão conservador
Santa Cecília,CAMPOS ELISIOS,261,"01202002, 01153000, 01218011, 01218012, 01206001",FORA,PADRAO_FORA,nome pequeno/sem regra: padrão conservador
Chácara Santo Antônio,RESERVA GRANJA JULIETA,260,04719905,FORA,PADRAO_FORA,nome pequeno/sem regra: padrão conservador
Chácara Santo Antônio,ESP EMPR NACOES UNIDAS,256,04719002,FORA,PADRAO_FORA,nome pequeno/sem regra: padrão conservador
Ipiranga,VL INDEP,255,"04240140, 04240170, 04240000, 04241000, 04241070",FORA,PADRAO_FORA,nome pequeno/sem regra: padrão conservador
Itaim Bibi,CHACARA ITAIM,253,"04533013, 04543070, 04532001, 04532080, 04536010",FORA,PADRAO_FORA,nome pequeno/sem regra: padrão conservador
Brooklin,JD BRASIL,251,"04634020, 04634900, 04635022, 04634042, 04634030",FORA,PADRAO_FORA,nome pequeno/sem regra: padrão conservador
Bela Vista,S IMBUIAS,246,"04829410, 04829300, 04829290, 04829210, 04829430",FORA,PADRAO_FORA,nome pequeno/sem regra: padrão conservador
Vila Mariana,VILA SANTA CATARINA,246,"04376070, 04376040, 04376002, 04376110, 04376060",FORA,PADRAO_FORA,nome pequeno/sem regra: padrão conservador
Jardim Paulistano,CARAMBIU - BRASILANDIA,242,"02812190, 02812110, 02812010, 02812150, 02812096",FORA,PADRAO_FORA,nome pequeno/sem regra: padrão conservador
Ipiranga,JD IMPERADOR,238,"04177220, 04177100, 04177160, 04177170, 04177270",FORA,PADRAO_FORA,nome pequeno/sem regra: padrão conservador
Chácara Santo Antônio,CHACARA SANTO ANTONI,233,"04717912, 04716003, 04716001, 04717003, 04716002",FORA,PADRAO_FORA,nome pequeno/sem regra: padrão conservador
Ibirapuera,VILA CONGONHAS,225,"04612900, 04612040, 04612090, 04612002, 04612041",FORA,PADRAO_FORA,nome pequeno/sem regra: padrão conservador
Tatuapé,JD CATARINA,222,"03910070, 03910040, 03910080, 03910020, 03910060",FORA,PADRAO_FORA,nome pequeno/sem regra: padrão conservador
Ipiranga,VILA GUARANI,220,"04316070, 04316060, 04316020, 04316000, 04316100",FORA,PADRAO_FORA,nome pequeno/sem regra: padrão conservador
Tatuapé,TATUAPE CD MONTSERRAT,220,03322001,FORA,PADRAO_FORA,nome pequeno/sem regra: padrão conservador
Campo Belo,AEROPORTO,218,"04613030, 04625051, 04625001, 04625030, 04633900",FORA,PADRAO_FORA,nome pequeno/sem regra: padrão conservador
Tatuapé,JARDIM VILA FORMOSA,215,"03460000, 03471130, 03471000, 03460170, 03460160",FORA,PADRAO_FORA,nome pequeno/sem regra: padrão conservador
Jardim Paulistano,S MIGUEL PAULISTA,213,"08080000, 08080570, 08080190, 08080490, 08080030",FORA,PADRAO_FORA,nome pequeno/sem regra: padrão conservador
Campo Belo,VL AEROPORTO,212,"04616005, 04615004, 04617015, 04617070",FORA,PADRAO_FORA,nome pequeno/sem regra: padrão conservador
Tatuapé,VL NOVA YORK,212,"03480030, 03480010, 03480000, 03480070, 03480060",FORA,PADRAO_FORA,nome pequeno/sem regra: padrão conservador
Itaim Bibi,MELIA CONFORT IGUATEMI,210,01451010,FORA,PADRAO_FORA,nome pequeno/sem regra: padrão conservador
Mooca,CONJ HAB BRESSER I,210,03164900,FORA,PADRAO_FORA,nome pequeno/sem regra: padrão conservador
Pinheiros,ALA A,210,05424150,IGNORAR,AUTO_IGNORAR,
Ipiranga,JD CLIMAX,209,"04177410, 04177430, 04177440, 04177240, 04177350",FORA,PADRAO_FORA,nome pequeno/sem regra: padrão conservador
Lapa,ORQUIDEAS,209,"05036040, 05038090",FORA,PADRAO_FORA,nome pequeno/sem regra: padrão conservador
Mooca,C H BRESSER II,209,03164901,FORA,PADRAO_FORA,nome pequeno/sem regra: padrão conservador
Tatuapé,JD TEXTIL,209,"03413030, 03413020, 03415000, 03413000, 03421000",FORA,PADRAO_FORA,nome pequeno/sem regra: padrão conservador
Chácara Santo Antônio,GRANJA JULIETA,208,"04719070, 04719001, 04716010, 04719060, 04719002",FORA,PADRAO_FORA,nome pequeno/sem regra: padrão conservador
Mooca,CHACARA MAFALDA,202,"03373000, 03372030, 03372020, 03372040, 03373015",FORA,PADRAO_FORA,nome pequeno/sem regra: padrão conservador
Vila Mariana,VL STA CATARINA,201,"04376110, 04376070, 04376008, 04376006, 04376040",FORA,PADRAO_FORA,nome pequeno/sem regra: padrão conservador
Brooklin,MELIA CONFORT BERRINI,200,04569011,FORA,PADRAO_FORA,nome pequeno/sem regra: padrão conservador
Ipiranga,CONJ HAB ANCHIETA A,200,04257143,FORA,PADRAO_FORA,nome pequeno/sem regra: padrão conservador
Cambuci,VILA DEODORO,199,"01544001, 01544010, 01543001, 01544000, 01544040",FORA,PADRAO_FORA,nome pequeno/sem regra: padrão conservador
Lapa,RESD ALTO DO BOSQUE,198,05089030,FORA,PADRAO_FORA,nome pequeno/sem regra: padrão conservador
Mooca,VILA DIVA,198,"03373000, 03372010, 03373015, 03373090, 03372050",FORA,PADRAO_FORA,nome pequeno/sem regra: padrão conservador
Lapa,BOACAVA,197,"05458001, 05471000, 05469040, 05469020, 05469000",FORA,PADRAO_FORA,nome pequeno/sem regra: padrão conservador
Brooklin,BROOKLIN PAULISTA NOVO,196,"04571912, 04571050, 04571938, 04560021, 04563903",FORA,PADRAO_FORA,nome pequeno/sem regra: padrão conservador
Ipiranga,VILA NAIR,196,"04280030, 04282000, 04280070, 04282030, 04281070",FORA,PADRAO_FORA,nome pequeno/sem regra: padrão conservador
Mooca,VILLAGIO E VITIELLO,196,03170904,FORA,PADRAO_FORA,nome pequeno/sem regra: padrão conservador
Mooca,SPAZIO VIVERE,195,03170010,FORA,PADRAO_FORA,nome pequeno/sem regra: padrão conservador
Tatuapé,SUBCONDOM. COMERCIAL,195,03305000,FORA,PADRAO_FORA,nome pequeno/sem regra: padrão conservador
Ipiranga,JD MARIA ESTELA,194,"04180081, 04180010, 04180090, 04177370, 04180110",FORA,PADRAO_FORA,nome pequeno/sem regra: padrão conservador
Ibirapuera,PARQUE JABAQUARA,192,"04345030, 04345020, 04355020, 04342010, 04342110",FORA,PADRAO_FORA,nome pequeno/sem regra: padrão conservador
Ipiranga,VILA CARIOCA,192,"04225030, 04225001, 04223000, 04223120, 04225080",FORA,PADRAO_FORA,nome pequeno/sem regra: padrão conservador
Pinheiros,ALA B,188,05424150,IGNORAR,AUTO_IGNORAR,
Mooca,JD STA RITA,187,"03189150, 03189140, 03189160, 03189170",FORA,PADRAO_FORA,nome pequeno/sem regra: padrão conservador
Vila Mariana,ADD VL MARIANA,186,04015001,FORA,PADRAO_FORA,nome pequeno/sem regra: padrão conservador
Jardim Paulistano,PARQUE PAULISTANO,183,"08080360, 08080600, 08080240, 08080000, 08080330",FORA,PADRAO_FORA,nome pequeno/sem regra: padrão conservador
Tatuapé,PARQUE SAO JORGE,182,"03087000, 03087010, 03086025, 03086040, 03085030",FORA,PADRAO_FORA,nome pequeno/sem regra: padrão conservador
Vila Olímpia,AFFINITY TO LIVE,182,04548003,FORA,PADRAO_FORA,nome pequeno/sem regra: padrão conservador
Bela Vista,SETIN DOWNTOWN GENEBRA,180,01316010,FORA,PADRAO_FORA,nome pequeno/sem regra: padrão conservador
Ipiranga,VILA MOINHO VELHO,179,"04284000, 04284070, 04286000, 04285020, 04286100",FORA,PADRAO_FORA,nome pequeno/sem regra: padrão conservador
Ipiranga,CONJ HAB ANCHIETA B,176,04257143,FORA,PADRAO_FORA,nome pequeno/sem regra: padrão conservador
Ipiranga,VILA DOM PEDRO I,175,"04269040, 04276000, 04269000, 04267000, 04279030",FORA,PADRAO_FORA,nome pequeno/sem regra: padrão conservador
Ipiranga,VL BRASILIO MACHADO,175,"04288080, 04288110, 04288000, 04282000, 04288090",FORA,PADRAO_FORA,nome pequeno/sem regra: padrão conservador
Mooca,RESD GRAN PARADISO,175,03180190,FORA,PADRAO_FORA,nome pequeno/sem regra: padrão conservador
Tatuapé,JD NOVA CARRAO,175,"03908000, 03908100, 03908080, 03908050, 03908140",FORA,PADRAO_FORA,nome pequeno/sem regra: padrão conservador
Chácara Santo Antônio,DESCOBERTA,174,04719904,FORA,PADRAO_FORA,nome pequeno/sem regra: padrão conservador
Lapa,CITY LAPA,174,"05085000, 05087900, 05077020, 05076050, 05086010",FORA,PADRAO_FORA,nome pequeno/sem regra: padrão conservador
Ipiranga,VL VERA,173,"04294000, 04295020, 04294100, 04296110, 04295030",FORA,PADRAO_FORA,nome pequeno/sem regra: padrão conservador
Tatuapé,VL ARICANDUVA,173,"03436000, 03447070, 03447050, 03447067, 03436040",FORA,PADRAO_FORA,nome pequeno/sem regra: padrão conservador
Tatuapé,JD VL FORMOSA,172,"03460130, 03460120, 03471000, 03460150, 03460000",FORA,PADRAO_FORA,nome pequeno/sem regra: padrão conservador
Brooklin,T RESIDENCE - T KANSAS,170,04571010,FORA,PADRAO_FORA,nome pequeno/sem regra: padrão conservador
Tatuapé,CIDADE MAE DO CEU,170,"03305000, 03304000, 03323020, 03332000, 03305010",FORA,PADRAO_FORA,nome pequeno/sem regra: padrão conservador
Campo Belo,VILA PAULISTA,169,"04361090, 04361130, 04361000, 04361040, 04361060",FORA,PADRAO_FORA,nome pequeno/sem regra: padrão conservador
Chácara Inglesa,CLASS VARANDA MARIANA,169,04140040,FORA,PADRAO_FORA,nome pequeno/sem regra: padrão conservador
Brooklin,MERCURE S PAULO NACOE,168,04583110,FORA,PADRAO_FORA,nome pequeno/sem regra: padrão conservador
Consolação,BELINT BELA CINTRA,167,01415001,FORA,PADRAO_FORA,nome pequeno/sem regra: padrão conservador
Lapa,LAPA DE BAIXO,167,"05069000, 05065902, 05068010, 05069020, 05068070",FORA,PADRAO_FORA,nome pequeno/sem regra: padrão conservador
Indianópolis,VERTEX MOEMA CORP OFF.,166,04089001,FORA,PADRAO_FORA,nome pequeno/sem regra: padrão conservador
Ipiranga,VL INDEPENDENCIA,165,"04240000, 04240140, 04240170, 04241000, 04241050",FORA,PADRAO_FORA,nome pequeno/sem regra: padrão conservador
Tatuapé,TIPO A,161,"03334000, 03357010, 03412050, 03410000",FORA,PADRAO_FORA,nome pequeno/sem regra: padrão conservador
Tatuapé,VILA SANTA ISABEL,161,"03425040, 03432000, 03432010, 03424020, 03425060",FORA,PADRAO_FORA,nome pequeno/sem regra: padrão conservador
Brooklin,LIKE BROOKLIN,160,04704000,FORA,PADRAO_FORA,nome pequeno/sem regra: padrão conservador
Perdizes,PERDIZES - ESSENCIA,159,05018000,FORA,PADRAO_FORA,nome pequeno/sem regra: padrão conservador
Tatuapé,CHAC CALIFORNIA,159,"03407020, 03406100, 03406040, 03404110, 03317035",FORA,PADRAO_FORA,nome pequeno/sem regra: padrão conservador
Vila Mariana,CHACARA KLABIN,158,"04115000, 04116240, 04116210, 04116260, 04116250",FORA,PADRAO_FORA,nome pequeno/sem regra: padrão conservador
Bela Vista,CERQUEIRA CESAR   CD.,157,01310200,FORA,PADRAO_FORA,nome pequeno/sem regra: padrão conservador
Ipiranga,PREMIATTO SACOMA,157,04253050,FORA,PADRAO_FORA,nome pequeno/sem regra: padrão conservador
Lapa,C CHATEAUX DE FRANCE,156,05085902,FORA,PADRAO_FORA,nome pequeno/sem regra: padrão conservador
Brooklin,MODERN HOUSE BROOKLIN,155,04563000,FORA,PADRAO_FORA,nome pequeno/sem regra: padrão conservador
Tatuapé,BELEM,155,"03061000, 03061030, 03061010, 03061040, 03302000",FORA,PADRAO_FORA,nome pequeno/sem regra: padrão conservador
Tatuapé,EAST SIDE T CANTAGALO,155,03319000,FORA,PADRAO_FORA,nome pequeno/sem regra: padrão conservador
Perdizes,VL ANGLO BRASILEIRA,153,"05438300, 05028140, 05028060, 05029010, 05029020",FORA,PADRAO_FORA,nome pequeno/sem regra: padrão conservador
Indianópolis,PISO JURUPIS,152,04029902,FORA,PADRAO_FORA,nome pequeno/sem regra: padrão conservador
Tatuapé,VILA AZEVEDO,152,"03309000, 03308050, 03308060, 03308010, 03308070",FORA,PADRAO_FORA,nome pequeno/sem regra: padrão conservador
Brooklin,T RESIDENCE - T TEXAS,151,04571010,FORA,PADRAO_FORA,nome pequeno/sem regra: padrão conservador
Ipiranga,VILA ARAPUA,150,"04257145, 04258050, 04257143, 04258035, 04258120",FORA,PADRAO_FORA,nome pequeno/sem regra: padrão conservador
Mooca,CJ HAB BRAS VII,149,03042000,FORA,PADRAO_FORA,nome pequeno/sem regra: padrão conservador
Pinheiros,RESIDENC,149,05423050,FORA,PADRAO_FORA,nome pequeno/sem regra: padrão conservador
Brooklin,PRATICAL LIFE BROOKLIN,148,04581000,FORA,PADRAO_FORA,nome pequeno/sem regra: padrão conservador
Ibirapuera,VL CONGONHAS,148,"04612900, 04612040, 04612061, 04612070, 04612090",FORA,PADRAO_FORA,nome pequeno/sem regra: padrão conservador
Indianópolis,PISO MOEMA,148,04029902,FORA,PADRAO_FORA,nome pequeno/sem regra: padrão conservador
Vila Mariana,VL N MAR CONDOMINIUM,148,04111020,FORA,PADRAO_FORA,nome pequeno/sem regra: padrão conservador
Bela Vista,B VISTA,145,"01330901, 01319030, 01319910, 01319010, 01324900",FORA,PADRAO_FORA,nome pequeno/sem regra: padrão conservador
Campo Belo,VL PATRIMONIAL,145,"04416000, 04416140, 04416130, 04416110, 04416100",FORA,PADRAO_FORA,nome pequeno/sem regra: padrão conservador
Tatuapé,JD VILA FORMOSA,144,"03460000, 03460170, 03460090, 03471000, 03460080",FORA,PADRAO_FORA,nome pequeno/sem regra: padrão conservador
Vila Olímpia,FL RESIDENCE,144,04552040,FORA,PADRAO_FORA,nome pequeno/sem regra: padrão conservador
Tatuapé,VL RICA,143,"03911000, 03911010, 03911015, 03911020, 03911040",FORA,PADRAO_FORA,nome pequeno/sem regra: padrão conservador
Tatuapé,JARDIM TEXTIL,142,"03415090, 03413030, 03421000, 03413020, 03415000",FORA,PADRAO_FORA,nome pequeno/sem regra: padrão conservador
Brooklin,VILA CORDEIRO  VN CASA,141,04582000,FORA,PADRAO_FORA,nome pequeno/sem regra: padrão conservador
Mooca,C H BRESSER III,140,03164902,FORA,PADRAO_FORA,nome pequeno/sem regra: padrão conservador
Tatuapé,VILA RICA,140,"03911010, 03911000, 03911020, 03911110, 03911180",FORA,PADRAO_FORA,nome pequeno/sem regra: padrão conservador
Vila Olímpia,CONDOM   VILLA FUNCHAL,140,04551080,FORA,PADRAO_FORA,nome pequeno/sem regra: padrão conservador
Tatuapé,VILA SANTO ESTEVAO,139,"03408050, 03409010, 03325050, 03325000, 03325100",FORA,PADRAO_FORA,nome pequeno/sem regra: padrão conservador
Cambuci,GAFISA LIKE ACLIMACAO,138,01543001,FORA,PADRAO_FORA,nome pequeno/sem regra: padrão conservador
Ibirapuera,JD COLOMBO,137,"05625100, 05625090, 05625001, 05625120, 05625000",FORA,PADRAO_FORA,nome pequeno/sem regra: padrão conservador
Ipiranga,CD RIVIERA TROPICAL,137,04277020,IGNORAR,AUTO_IGNORAR,
Campo Belo,JD MONTE KEMEL,136,"05634060, 05634000, 05634160, 05634001, 05634020",FORA,PADRAO_FORA,nome pequeno/sem regra: padrão conservador
Indianópolis,AMPLIFY MOEMA,135,04080001,FORA,PADRAO_FORA,nome pequeno/sem regra: padrão conservador
Bela Vista,RIO BONITO,134,"04829340, 04829270, 04829390, 04829280, 04829350",FORA,PADRAO_FORA,nome pequeno/sem regra: padrão conservador
Tatuapé,CHACARA BELENZINHO,132,"03376010, 03376000, 03376060, 03380160, 03380260",FORA,PADRAO_FORA,nome pequeno/sem regra: padrão conservador
Consolação,SANTA IFIGENIA,131,"01209002, 01209003, 01209010, 01210003, 01210000",FORA,PADRAO_FORA,nome pequeno/sem regra: padrão conservador
Planalto Paulista,VILA GUARANI,131,"04307000, 04307100, 04307010, 04307050, 04307040",FORA,PADRAO_FORA,nome pequeno/sem regra: padrão conservador
Tatuapé,JD SAO CRISTOVAO,129,"03930310, 03930070, 03930000, 03930010, 03930080",FORA,PADRAO_FORA,nome pequeno/sem regra: padrão conservador
Brooklin,VL PAULISTA,128,"04635030, 04634040, 04635070, 04635051, 04635022",FORA,PADRAO_FORA,nome pequeno/sem regra: padrão conservador
Ipiranga,SACOMA D,128,"04191270, 04191240",FORA,PADRAO_FORA,nome pequeno/sem regra: padrão conservador
Vila Olímpia,VL FUNCHAL,128,"04548903, 04547130, 04547005, 04547100, 04552020",FORA,PADRAO_FORA,nome pequeno/sem regra: padrão conservador
Vila Madalena,VL BEATRIZ,127,"05445906, 05442070, 05445020, 05445040, 05447020",FORA,PADRAO_FORA,nome pequeno/sem regra: padrão conservador
Brooklin,VL ALEXANDRIA,126,"04635051, 04635080, 04635070, 04634020, 04635041",FORA,PADRAO_FORA,nome pequeno/sem regra: padrão conservador
Tatuapé,TIPO C,126,"03334000, 03410000, 03357010, 03412050",FORA,PADRAO_FORA,nome pequeno/sem regra: padrão conservador
Bosque da Saúde,VILA MORAES,125,"04157000, 04157020, 04157050, 04157100, 04157080",FORA,PADRAO_FORA,nome pequeno/sem regra: padrão conservador
Ibirapuera,PQ JABAQUARA,124,"04355070, 04355080, 04342000, 04342010, 04345030",FORA,PADRAO_FORA,nome pequeno/sem regra: padrão conservador
Vila Olímpia,CONDOM   MAXHAUS ITAIM,124,04545010,FORA,PADRAO_FORA,nome pequeno/sem regra: padrão conservador
Bela Vista,VILA MANGALOT,123,"05132000, 05132130, 05132180, 05132900, 05132903",FORA,PADRAO_FORA,nome pequeno/sem regra: padrão conservador
Lapa,VL HAMBURGUESA,123,"05303000, 05302903, 05305030, 05302060, 05302031",FORA,PADRAO_FORA,nome pequeno/sem regra: padrão conservador
Tatuapé,VILA ARICANDUVA,123,"03426000, 03434000, 03436000, 03433010, 03437050",FORA,PADRAO_FORA,nome pequeno/sem regra: padrão conservador
Vila Gumercindo,LADO A - SETOR RESID,123,04026040,FORA,PADRAO_FORA,nome pequeno/sem regra: padrão conservador
Mooca,QUARTA PARADA,122,"03174080, 03177010, 03174090, 03175001, 03174000",FORA,PADRAO_FORA,nome pequeno/sem regra: padrão conservador
Ipiranga,SACOMAN,121,"04253000, 04247000, 04248100, 04252000, 04254000",FORA,PADRAO_FORA,nome pequeno/sem regra: padrão conservador
Mooca,VL DIVA,121,"03373000, 03373080, 03373075, 03372040, 03373015",FORA,PADRAO_FORA,nome pequeno/sem regra: padrão conservador
Tatuapé,ARISTO BY LINDENBERG,121,03319002,FORA,PADRAO_FORA,nome pequeno/sem regra: padrão conservador
Brooklin,JARDIM BRASIL,120,"04634020, 04634030, 04634901, 04634011, 04634010",FORA,PADRAO_FORA,nome pequeno/sem regra: padrão conservador
Mooca,ENTREG R SARA BERNHARD,120,03169010,FORA,PADRAO_FORA,nome pequeno/sem regra: padrão conservador
Pinheiros,SAO PAULO FASHION HALL,119,05429040,FORA,PADRAO_FORA,nome pequeno/sem regra: padrão conservador
Bela Vista,VL MANGALOT,118,"05132050, 05132000, 05132180, 05132150, 05132130",FORA,PADRAO_FORA,nome pequeno/sem regra: padrão conservador
Ipiranga,VL CARIOCA,118,"04225050, 04223010, 04225080, 04225001, 04217050",FORA,PADRAO_FORA,nome pequeno/sem regra: padrão conservador
Vila Mariana,MODERN LIFE VL MARIANA,117,04107000,FORA,PADRAO_FORA,nome pequeno/sem regra: padrão conservador
Indianópolis,PISO IBIRAPUERA,116,04029902,FORA,PADRAO_FORA,nome pequeno/sem regra: padrão conservador
Lapa,SKY HOUSE,116,05303000,FORA,PADRAO_FORA,nome pequeno/sem regra: padrão conservador
Tatuapé,VILA ANTONINA,116,"03412030, 03412040, 03412000, 03412015, 03412050",FORA,PADRAO_FORA,nome pequeno/sem regra: padrão conservador
Ipiranga,VILA INDEPENDENCIA,115,"04223000, 04222001, 04223120, 04222000, 04225030",FORA,PADRAO_FORA,nome pequeno/sem regra: padrão conservador
Ipiranga,VILA SAO JOSE,113,"04265010, 04271000, 04271060, 04274000, 04265000",FORA,PADRAO_FORA,nome pequeno/sem regra: padrão conservador
Itaim Bibi,VILA GERTRUDES,113,"04705000, 04705902, 04705010, 04705080, 04705070",FORA,PADRAO_FORA,nome pequeno/sem regra: padrão conservador
Mooca,BELEM,113,"03173010, 03174000, 03176001, 03175010, 03172010",FORA,PADRAO_FORA,nome pequeno/sem regra: padrão conservador
Vila Mariana,L C,113,01532001,FORA,PADRAO_FORA,nome pequeno/sem regra: padrão conservador
Lapa,TOP HOUSE,112,05303000,FORA,PADRAO_FORA,nome pequeno/sem regra: padrão conservador
Lapa,UPPER HOUSE,112,05303000,FORA,PADRAO_FORA,nome pequeno/sem regra: padrão conservador
Mooca,C SOLAR DOS GIRASSOIS,112,03164120,FORA,PADRAO_FORA,nome pequeno/sem regra: padrão conservador
Ibirapuera,PRQ JABAQUARA,111,"04342060, 04342011, 04342000, 04342001, 04355040",FORA,PADRAO_FORA,nome pequeno/sem regra: padrão conservador
Jardim Paulistano,VL PQ PAULISTANO,111,"08080030, 08080090, 08080270, 08080230, 08080360",FORA,PADRAO_FORA,nome pequeno/sem regra: padrão conservador
Perdizes,RESERVA VERDE PERDIZES,110,05018010,FORA,PADRAO_FORA,nome pequeno/sem regra: padrão conservador
Pinheiros,SUPERIA PINHEIROS,110,05407001,FORA,PADRAO_FORA,nome pequeno/sem regra: padrão conservador
Vila Mariana,ESPACO VIDA VL MARIANA,110,04119060,FORA,PADRAO_FORA,nome pequeno/sem regra: padrão conservador
Chácara Inglesa,PIQUERI,108,"05145901, 05145902",FORA,PADRAO_FORA,nome pequeno/sem regra: padrão conservador
Lapa,DO VD DA LAPA,108,05038020,FORA,PADRAO_FORA,nome pequeno/sem regra: padrão conservador
Tatuapé,VILA NOVA YORK,108,"03480000, 03480010, 03480030, 03908000, 03480050",FORA,PADRAO_FORA,nome pequeno/sem regra: padrão conservador
Vila Olímpia,AFFINITY TO WORK,108,04548003,FORA,PADRAO_FORA,nome pequeno/sem regra: padrão conservador
Ipiranga,VL GUARANI,107,"04316070, 04316080, 04316060, 04316000, 04316020",FORA,PADRAO_FORA,nome pequeno/sem regra: padrão conservador
Vila Mariana,LADO A,107,04107020,FORA,PADRAO_FORA,nome pequeno/sem regra: padrão conservador
Ipiranga,ALTO DO IPIRANGA,106,"04276060, 04276000, 04273100, 04269001, 04275050",FORA,PADRAO_FORA,nome pequeno/sem regra: padrão conservador
Ipiranga,JARDIM CLIMAX,105,"04177370, 04177420, 04191000, 04177350, 04177410",FORA,PADRAO_FORA,nome pequeno/sem regra: padrão conservador
Perdizes,VILA ANGLO BRASILEIR,105,"05028140, 05029020, 05028060, 05029000, 05028030",FORA,PADRAO_FORA,nome pequeno/sem regra: padrão conservador
Chácara Santo Antônio,ESTANP INTERNATIONAL,104,04716003,FORA,PADRAO_FORA,nome pequeno/sem regra: padrão conservador
Mirandópolis,BELLA BONINA,104,04049060,FORA,PADRAO_FORA,nome pequeno/sem regra: padrão conservador
Bela Vista,CD FOUR S RESIDENCE,103,01322020,IGNORAR,AUTO_IGNORAR,
Ibirapuera,BROOKLIN PTA NOVO,103,"04566062, 04566061, 04566001",FORA,PADRAO_FORA,nome pequeno/sem regra: padrão conservador
Tatuapé,TIPO B,103,"03357010, 03410000, 03412050, 03334000",FORA,PADRAO_FORA,nome pequeno/sem regra: padrão conservador
Cambuci,VL DEODORO,102,"01543001, 01544001, 01544010, 01544030, 01550080",FORA,PADRAO_FORA,nome pequeno/sem regra: padrão conservador
Paraíso,PARAIZO,102,"04004020, 04007005, 04002909, 04004001, 04005001",FORA,PADRAO_FORA,nome pequeno/sem regra: padrão conservador
Vila Olímpia,CYRELA BY PININFARINA,102,04545004,FORA,PADRAO_FORA,nome pequeno/sem regra: padrão conservador
Tatuapé,PC SILVIO ROMERO,101,03315000,FORA,PADRAO_FORA,nome pequeno/sem regra: padrão conservador
Vila Mariana,PALMAS DE MARIANA II,101,04017010,FORA,PADRAO_FORA,nome pequeno/sem regra: padrão conservador
Brooklin,SYMPHONIE,100,04635080,FORA,PADRAO_FORA,nome pequeno/sem regra: padrão conservador
Indianópolis,PISO C BELO,100,04029902,FORA,PADRAO_FORA,nome pequeno/sem regra: padrão conservador
Ipiranga,JD PATENTE,99,"04257230, 04242000, 04232901, 04244000, 04256177",FORA,PADRAO_FORA,nome pequeno/sem regra: padrão conservador
Pinheiros,TRADEMARK FARIA LIMA,99,05407004,FORA,PADRAO_FORA,nome pequeno/sem regra: padrão conservador
Cambuci,E DEP,98,01526010,FORA,PADRAO_FORA,nome pequeno/sem regra: padrão conservador
Jardim Paulistano,S M PAULISTA,98,"08080600, 08080190, 08080570, 08080330, 08080650",FORA,PADRAO_FORA,nome pequeno/sem regra: padrão conservador
Campo Belo,VILA MIRIAM,96,04416310,FORA,PADRAO_FORA,nome pequeno/sem regra: padrão conservador
Campo Belo,JD VILLAS BOAS,96,"04416060, 04416070, 04416050, 04416080, 04416090",FORA,PADRAO_FORA,nome pequeno/sem regra: padrão conservador
Ibirapuera,JD CORDEIRO,96,"04640230, 04640020, 04640001, 04640052, 04640050",FORA,PADRAO_FORA,nome pequeno/sem regra: padrão conservador
Tatuapé,VILA EMA,96,"03380160, 03375080",FORA,PADRAO_FORA,nome pequeno/sem regra: padrão conservador
Tatuapé,TIPO D,96,"03357010, 03410000, 03334000",FORA,PADRAO_FORA,nome pequeno/sem regra: padrão conservador
Bela Vista,IMBUIAS,95,"04829290, 04829220, 04829400, 04829300, 04829470",FORA,PADRAO_FORA,nome pequeno/sem regra: padrão conservador
Ipiranga,VL CARAGUATA,95,"04191200, 04191220, 04191140, 04191170, 04191110",FORA,PADRAO_FORA,nome pequeno/sem regra: padrão conservador
Lapa,SICILIANO,95,"05052000, 05046001, 05052070, 05048070, 05048030",FORA,PADRAO_FORA,nome pequeno/sem regra: padrão conservador
Lapa,VILA IDA,95,"05454010, 05454020, 05454030, 05452001, 05452010",FORA,PADRAO_FORA,nome pequeno/sem regra: padrão conservador
Mooca,TERRAZZO VIVERE,95,03186010,FORA,PADRAO_FORA,nome pequeno/sem regra: padrão conservador
Tatuapé,E VILLAGGIO DI COSENZA,95,03311000,FORA,PADRAO_FORA,nome pequeno/sem regra: padrão conservador
Tatuapé,E  DEP.,95,03401001,FORA,PADRAO_FORA,nome pequeno/sem regra: padrão conservador
Vila Mariana,LADO B,95,04107020,FORA,PADRAO_FORA,nome pequeno/sem regra: padrão conservador
Vila Olímpia,IGLOO VILA OLIMPIA,95,04546042,FORA,PADRAO_FORA,nome pequeno/sem regra: padrão conservador
Ipiranga,JD SECKLER,94,"04241030, 04242090, 04241100, 04242100, 04241070",FORA,PADRAO_FORA,nome pequeno/sem regra: padrão conservador
Ipiranga,JARDIM MARIA ESTELA,94,"04180900, 04180010, 04180050, 04180070, 04180140",FORA,PADRAO_FORA,nome pequeno/sem regra: padrão conservador
Ipiranga,VL ARAPUA,93,"04257145, 04258110, 04258000, 04258050, 04258035",FORA,PADRAO_FORA,nome pequeno/sem regra: padrão conservador
Lapa,CITY BOACAVA,93,"05458001, 05469020, 05469010, 05471030, 05471010",FORA,PADRAO_FORA,nome pequeno/sem regra: padrão conservador
Tatuapé,CD V DI ANALIA FRANCO,93,03414080,IGNORAR,AUTO_IGNORAR,
Lapa,BAIRRO BELA ALIANCA,92,"05085903, 05085904",FORA,PADRAO_FORA,nome pequeno/sem regra: padrão conservador
Tatuapé,VILA MAFRA,92,"03414010, 03414090, 03414080, 03414140, 03414110",FORA,PADRAO_FORA,nome pequeno/sem regra: padrão conservador
Vila Firmiano Pinto,VL BRASILIO MACHADO,92,04272300,FORA,PADRAO_FORA,nome pequeno/sem regra: padrão conservador
Bela Vista,VILA BELA VISTA,91,"02617090, 02617000, 02617060, 02617020, 02617050",FORA,PADRAO_FORA,nome pequeno/sem regra: padrão conservador
Mooca,VILA CLAUDIA,91,"03180090, 03180150, 03180001, 03180190, 03180100",FORA,PADRAO_FORA,nome pequeno/sem regra: padrão conservador
Mooca,VILA ORATORIO,91,"03189010, 03192100, 03189040, 03189060, 03192010",FORA,PADRAO_FORA,nome pequeno/sem regra: padrão conservador
Tatuapé,JD N CARRAO,91,"03908250, 03908000, 03908060, 03908050, 03908270",FORA,PADRAO_FORA,nome pequeno/sem regra: padrão conservador
Vila Olímpia,VN CASA FERREIRA LOBO,91,04544150,FORA,PADRAO_FORA,nome pequeno/sem regra: padrão conservador
Campo Belo,VILA CONGONHAS,90,"04614040, 04624000, 04613060, 04624080, 04624901",FORA,PADRAO_FORA,nome pequeno/sem regra: padrão conservador
Higienópolis,C PALAC HIGIENOPOLIS,89,01238000,FORA,PADRAO_FORA,nome pequeno/sem regra: padrão conservador
Santa Cecília,SANTA IFIGENIA,89,"01214000, 01205000, 01205901, 01206000, 01036100",FORA,PADRAO_FORA,nome pequeno/sem regra: padrão conservador
Tatuapé,CID IV CENTENARIO,89,"03932050, 03930300, 03932030, 03932040, 03932000",FORA,PADRAO_FORA,nome pequeno/sem regra: padrão conservador
Mirandópolis,ALA B,88,04049050,IGNORAR,AUTO_IGNORAR,
Tatuapé,VILA DIVA,87,"03375000, 03375080, 03376010, 03376150, 03375003",FORA,PADRAO_FORA,nome pequeno/sem regra: padrão conservador
Tatuapé,CARRAOZINHO,87,"03448010, 03447000, 03471130, 03448050, 03448070",FORA,PADRAO_FORA,nome pequeno/sem regra: padrão conservador
Vila Gumercindo,LADO B - SETOR RESID,87,04026040,FORA,PADRAO_FORA,nome pequeno/sem regra: padrão conservador
Campo Belo,JARDIM MONTE KEMEL,86,"05634020, 05634160, 05634001, 05634010, 05634901",FORA,PADRAO_FORA,nome pequeno/sem regra: padrão conservador
Jardim Paulistano,VL SIQUEIRA,86,"02816010, 02816011",FORA,PADRAO_FORA,nome pequeno/sem regra: padrão conservador
Vila Mariana,VL SANTA CATARINA,86,"04376008, 04376040, 04376110, 04376070, 04376002",FORA,PADRAO_FORA,nome pequeno/sem regra: padrão conservador
Vila da Saúde,PRACA DA ARVORE,86,"04144000, 04143030, 04143050, 04143040, 04143020",FORA,PADRAO_FORA,nome pequeno/sem regra: padrão conservador
Mooca,CITTA DELLA MOOCA,85,03183001,FORA,PADRAO_FORA,nome pequeno/sem regra: padrão conservador
Tatuapé,JD IVA,85,"03910090, 03911110, 03910035, 03910030, 03910000",FORA,PADRAO_FORA,nome pequeno/sem regra: padrão conservador
Brooklin,ALA B BROOKLIN NOVO,84,04571090,IGNORAR,AUTO_IGNORAR,
Jardim América,GAFISA,84,05412001,FORA,PADRAO_FORA,nome pequeno/sem regra: padrão conservador
Lapa,CON WEST GARDENS,84,05076010,FORA,PADRAO_FORA,nome pequeno/sem regra: padrão conservador
Mooca,ENTREG R BENJAMIN REIS,84,03169010,FORA,PADRAO_FORA,nome pequeno/sem regra: padrão conservador
Tatuapé,PQ SAO JORGE,84,"03087000, 03087010, 03086040, 03063000, 03086025",FORA,PADRAO_FORA,nome pequeno/sem regra: padrão conservador
Chácara Inglesa,JD IRIS,83,"05145901, 05145902, 05145903, 05145200",FORA,PADRAO_FORA,nome pequeno/sem regra: padrão conservador
Vila Mariana,SMART VILA MARIANA,83,04011061,FORA,PADRAO_FORA,nome pequeno/sem regra: padrão conservador
Bela Vista,JD DAS CAMELIAS,82,"04829240, 04829270, 04829090, 04829250, 04829280",FORA,PADRAO_FORA,nome pequeno/sem regra: padrão conservador
Brooklin,ALA A BROOKLIN NOVO,82,04571090,IGNORAR,AUTO_IGNORAR,
Brooklin,VILA PAULISTA,82,"04635080, 04634042, 04635070, 04634020, 04634045",FORA,PADRAO_FORA,nome pequeno/sem regra: padrão conservador
Campo Belo,SOPHISTIC CAMPO BELO,82,04608001,FORA,PADRAO_FORA,nome pequeno/sem regra: padrão conservador
Indianópolis,TIPO P,82,04081903,FORA,PADRAO_FORA,nome pequeno/sem regra: padrão conservador
Vila Gumercindo,PICTURE SANTA CRUZ,82,04130080,FORA,PADRAO_FORA,nome pequeno/sem regra: padrão conservador
Bosque da Saúde,DUPLA,81,04135000,FORA,PADRAO_FORA,nome pequeno/sem regra: padrão conservador
Lapa,SUB SOLO,81,05086010,IGNORAR,AUTO_IGNORAR,
Perdizes,DEP,81,"05016080, 01235000",IGNORAR,AUTO_IGNORAR,
Bosque da Saúde,VL MORAES,80,"04157000, 04157060, 04157080, 04157090, 04157020",FORA,PADRAO_FORA,nome pequeno/sem regra: padrão conservador
Brooklin,AEROPORTO,80,"04634041, 04634020, 04635080, 04635022, 04634901",FORA,PADRAO_FORA,nome pequeno/sem regra: padrão conservador
Campo Belo,PARQUE COLONIAL,80,"04611000, 04610005, 04610060, 04610002, 04611040",FORA,PADRAO_FORA,nome pequeno/sem regra: padrão conservador
Ipiranga,VILA CARAGUATA,80,"04191000, 04191230, 04191270, 04191140, 04191170",FORA,PADRAO_FORA,nome pequeno/sem regra: padrão conservador
Jardim da Glória,E DP,80,01545010,IGNORAR,AUTO_IGNORAR,
Mooca,VILA INVERNADA,80,"03349015, 03349030, 03349020, 03349000, 03349045",FORA,PADRAO_FORA,nome pequeno/sem regra: padrão conservador
Mirandópolis,ALA A,79,04049050,IGNORAR,AUTO_IGNORAR,
Mooca,VL LEME,78,"03192140, 03349045, 03190170, 03190900",FORA,PADRAO_FORA,nome pequeno/sem regra: padrão conservador
Paraíso,E DEP,78,"04006001, 04002032",FORA,PADRAO_FORA,nome pequeno/sem regra: padrão conservador
Pinheiros,CD. COMBINATTO,78,05415050,FORA,PADRAO_FORA,nome pequeno/sem regra: padrão conservador
Jardim Paulistano,JD NADIA,77,"08080330, 08080420, 08080410, 08080400",FORA,PADRAO_FORA,nome pequeno/sem regra: padrão conservador
Tatuapé,VILA DALILA,77,"03522010, 03522000, 03522020, 03522070, 03522050",FORA,PADRAO_FORA,nome pequeno/sem regra: padrão conservador
Brooklin,CD COSTA AMALFITANA,76,04635010,IGNORAR,AUTO_IGNORAR,
Campo Belo,UFFIZI GALLERY WORK,76,04601070,FORA,PADRAO_FORA,nome pequeno/sem regra: padrão conservador
Jardim América,CID JARDIM,76,"01454906, 01454011",FORA,PADRAO_FORA,nome pequeno/sem regra: padrão conservador
Lapa,EASY VILA ROMANA,76,05041000,FORA,PADRAO_FORA,nome pequeno/sem regra: padrão conservador
Lapa,VILA AURORA,76,"02409060, 02409080, 02409030, 02409090, 02409070",FORA,PADRAO_FORA,nome pequeno/sem regra: padrão conservador
Tatuapé,VL ZILDA,76,"03069040, 03069020, 03069000, 03069010",FORA,PADRAO_FORA,nome pequeno/sem regra: padrão conservador
Vila Mariana,VILA AFONSO CELSO,76,"04120110, 04120050, 04120150, 04119062, 04120100",FORA,PADRAO_FORA,nome pequeno/sem regra: padrão conservador
Chácara Inglesa,CD PANORAMA VL MARIANA,75,04140000,IGNORAR,AUTO_IGNORAR,
Alto da Boa Vista,CHACARA SANTO ANTONI,74,"04715005, 04715004, 04715003, 04715002, 04715010",FORA,PADRAO_FORA,nome pequeno/sem regra: padrão conservador
Campo Belo,BAIRRO DO AEROPORTO,74,"04617015, 04617904",FORA,PADRAO_FORA,nome pequeno/sem regra: padrão conservador
Ipiranga,VILA NATALIA,74,"04251010, 04251100, 04251060, 04251090, 04249000",FORA,PADRAO_FORA,nome pequeno/sem regra: padrão conservador
Tatuapé,MASSIMO VL CARRAO,74,03446000,FORA,PADRAO_FORA,nome pequeno/sem regra: padrão conservador
Tatuapé,MARANHAO,74,"03072010, 03073005, 03072030, 03089030, 03073090",FORA,PADRAO_FORA,nome pequeno/sem regra: padrão conservador
Ibirapuera,CONGONHAS,73,"04612902, 04612002, 04612041, 04612060, 04612080",FORA,PADRAO_FORA,nome pequeno/sem regra: padrão conservador
Perdizes,CAMPOS DA ESCOLASTICA,73,"01259040, 05018020, 05020010, 01259100, 01259010",FORA,PADRAO_FORA,nome pequeno/sem regra: padrão conservador
Tatuapé,VL STO ESTEVAO,73,"03420070, 03420060, 03420040, 03410030, 03412080",FORA,PADRAO_FORA,nome pequeno/sem regra: padrão conservador
Tatuapé,VL STA ISABEL,73,"03433060, 03432000, 03425030, 03432020, 03432040",FORA,PADRAO_FORA,nome pequeno/sem regra: padrão conservador
Vila Mariana,E I DEP,73,04014002,FORA,PADRAO_FORA,nome pequeno/sem regra: padrão conservador
Brooklin,JD CEDRO DO LIBANO,72,"04710041, 04710150, 04710010, 04710110, 04710100",FORA,PADRAO_FORA,nome pequeno/sem regra: padrão conservador
Indianópolis,TIPO M,72,04081903,FORA,PADRAO_FORA,nome pequeno/sem regra: padrão conservador
Ipiranga,VILA D PEDRO I,72,"04277010, 04269000, 04267000, 04270000, 04275050",FORA,PADRAO_FORA,nome pequeno/sem regra: padrão conservador
Ipiranga,VILA CONDE DO PINHAL,72,"04254030, 04254000, 04254010, 04254020, 04253050",FORA,PADRAO_FORA,nome pequeno/sem regra: padrão conservador
Ipiranga,S J CLIMACO,72,"04240000, 04240100, 04254070, 04254060, 04251010",FORA,PADRAO_FORA,nome pequeno/sem regra: padrão conservador
Santa Cecília,SSANDU,72,01035901,FORA,PADRAO_FORA,nome pequeno/sem regra: padrão conservador
Brooklin,HUB BROOKLIN,71,04569000,FORA,PADRAO_FORA,nome pequeno/sem regra: padrão conservador
Brooklin,VL S FCO,70,"04710220, 04710200, 04710180, 04710190",FORA,PADRAO_FORA,nome pequeno/sem regra: padrão conservador
Ipiranga,VL NAIR,70,"04280070, 04269010, 04281000, 04281060, 04281110",FORA,PADRAO_FORA,nome pequeno/sem regra: padrão conservador
Jardim América,VAGAS -J.AMERICA,70,01454902,FORA,PADRAO_FORA,nome pequeno/sem regra: padrão conservador
Jardim Paulista,J PAULISTA,70,"01405902, 01403002, 01403003, 01403901, 01420901",FORA,PADRAO_FORA,nome pequeno/sem regra: padrão conservador
Tatuapé,VL DIVA,69,"03375005, 03375000, 03375080, 03376140, 03375040",FORA,PADRAO_FORA,nome pequeno/sem regra: padrão conservador
Brooklin,JD ALICE,68,"04623120, 04623140, 04623130, 04623150, 04623100",FORA,PADRAO_FORA,nome pequeno/sem regra: padrão conservador
Consolação,RUA BASILIO DA,68,01046001,FORA,PADRAO_FORA,nome pequeno/sem regra: padrão conservador
Ibirapuera,PARAISO DO MORUMBI,68,"05706290, 05706280",FORA,PADRAO_FORA,nome pequeno/sem regra: padrão conservador
Mooca,E DP,68,03182040,IGNORAR,AUTO_IGNORAR,
Campo Belo,C R JD AEROPORTO,67,04633000,FORA,PADRAO_FORA,nome pequeno/sem regra: padrão conservador
Campo Belo,VL PAULISTA,67,"04361000, 04361090, 04361120, 04361010, 04361020",FORA,PADRAO_FORA,nome pequeno/sem regra: padrão conservador
Mooca,ALTO MOOCA-V BERTIOGA,67,03187010,FORA,PADRAO_FORA,nome pequeno/sem regra: padrão conservador
Ipiranga,VILA MARTE,66,"04250080, 04250100, 04250070, 04250000, 04250090",FORA,PADRAO_FORA,nome pequeno/sem regra: padrão conservador
Ipiranga,DESCOBERTA,66,04273200,FORA,PADRAO_FORA,nome pequeno/sem regra: padrão conservador
Vila Mariana,CD. DOM,66,04106001,FORA,PADRAO_FORA,nome pequeno/sem regra: padrão conservador
Ipiranga,VILA SANTO ESTEFANO,65,"04152100, 04152050, 04152101, 04152010, 04152030",FORA,PADRAO_FORA,nome pequeno/sem regra: padrão conservador
Lapa,AGUA FRIA,65,"02409000, 02409030, 02409002, 02409004, 02409060",FORA,PADRAO_FORA,nome pequeno/sem regra: padrão conservador
Tatuapé,VL. SANTO ESTEVAO,65,"03410000, 03410075",FORA,PADRAO_FORA,nome pequeno/sem regra: padrão conservador
Bela Vista,ASCENT PAULISTA SELECT,64,01331020,FORA,PADRAO_FORA,nome pequeno/sem regra: padrão conservador
Chácara Inglesa,CITY AMERICA,64,"05145200, 05145903, 05145000",FORA,PADRAO_FORA,nome pequeno/sem regra: padrão conservador
Ibirapuera,JARDIM LUZITANIA,64,"04032120, 04032020, 04031000, 04031120, 04032060",FORA,PADRAO_FORA,nome pequeno/sem regra: padrão conservador
Tatuapé,JD YARA,64,"03380190, 03380160, 03380210, 03380200, 03380150",FORA,PADRAO_FORA,nome pequeno/sem regra: padrão conservador
Alto da Boa Vista,SPOT ALTO DA BOA VISTA,63,04750000,FORA,PADRAO_FORA,nome pequeno/sem regra: padrão conservador
Bosque da Saúde,TIPO A,63,04135000,FORA,PADRAO_FORA,nome pequeno/sem regra: padrão conservador
Ipiranga,VILA ELISIO,63,"04295001, 04294000, 04296070, 04294090, 04296000",FORA,PADRAO_FORA,nome pequeno/sem regra: padrão conservador
Pinheiros,RESID LAURA,63,05425011,FORA,PADRAO_FORA,nome pequeno/sem regra: padrão conservador
Tatuapé,VL SANTO ESTEVAO,63,"03325060, 03412090, 03410075, 03409010, 03410020",FORA,PADRAO_FORA,nome pequeno/sem regra: padrão conservador
Vila Nova Conceição,CJS MAISON GUY LAROCHE,63,04510001,FORA,PADRAO_FORA,nome pequeno/sem regra: padrão conservador
Ibirapuera,JARDIM CORDEIRO,62,"04640110, 04640055, 04640070, 04640020, 04640230",FORA,PADRAO_FORA,nome pequeno/sem regra: padrão conservador
Itaim Bibi,ITAIM BUILDING,62,04532002,FORA,PADRAO_FORA,nome pequeno/sem regra: padrão conservador
Jardim da Glória,JD GLORIA,62,"01545010, 01545001, 01547130, 01545070, 01546100",FORA,PADRAO_FORA,nome pequeno/sem regra: padrão conservador
Santa Cecília,DE MAIO,62,01035901,FORA,PADRAO_FORA,nome pequeno/sem regra: padrão conservador
Tatuapé,CJ HAB SP BELEM I,62,03064100,FORA,PADRAO_FORA,nome pequeno/sem regra: padrão conservador
Tatuapé,PLATINUM,62,03308010,FORA,PADRAO_FORA,nome pequeno/sem regra: padrão conservador
Vila Madalena,VL MAD,62,05441000,FORA,PADRAO_FORA,nome pequeno/sem regra: padrão conservador
Itaim Bibi,ITAIMBIBI,61,"04532082, 04537012, 04532906, 04530051, 04536903",FORA,PADRAO_FORA,nome pequeno/sem regra: padrão conservador
Jardim América,T -  TERRACO,60,05409010,FORA,PADRAO_FORA,nome pequeno/sem regra: padrão conservador
Lapa,SONARE ALTO DE,60,05468010,FORA,PADRAO_FORA,nome pequeno/sem regra: padrão conservador
Tatuapé,C V DIANALIA FRANCO,60,03414080,FORA,PADRAO_FORA,nome pequeno/sem regra: padrão conservador
Vila Mariana,ALA B,60,04022002,IGNORAR,AUTO_IGNORAR,
Bela Vista,ITO,59,"04829020, 04829090, 04829100, 04829140, 04829150",FORA,PADRAO_FORA,nome pequeno/sem regra: padrão conservador
Ipiranga,VILA MORAES,59,"04162900, 04162002, 04162000, 04162001, 04162070",FORA,PADRAO_FORA,nome pequeno/sem regra: padrão conservador
Planalto Paulista,CD IN CITTA,59,04070000,IGNORAR,AUTO_IGNORAR,
Tatuapé,HELBOR VIVERE,59,03355010,FORA,PADRAO_FORA,nome pequeno/sem regra: padrão conservador
Vila Mariana,VG IND,59,04008900,FORA,PADRAO_FORA,nome pequeno/sem regra: padrão conservador
Vila Mariana,VL GLORIA,59,"04116020, 04116060, 04116200, 04116070, 04116180",FORA,PADRAO_FORA,nome pequeno/sem regra: padrão conservador
Ipiranga,ALA A,58,04269001,IGNORAR,AUTO_IGNORAR,
Ipiranga,ALA B,58,04269001,IGNORAR,AUTO_IGNORAR,
Pompéia,VILA ANGLO BRASILEIR,58,"05027000, 05027020, 05027060, 05027070, 05027040",FORA,PADRAO_FORA,nome pequeno/sem regra: padrão conservador
Bela Vista,VL AMALIA,56,"02617120, 02617130, 02617000, 02617140, 02617150",FORA,PADRAO_FORA,nome pequeno/sem regra: padrão conservador
Campo Belo,VILA AEROPORTO,56,"04615902, 04624002, 04615006, 04615050, 04625000",FORA,PADRAO_FORA,nome pequeno/sem regra: padrão conservador
Campo Belo,VL CAPELA,56,"04416370, 04416060, 04416160, 04416170",FORA,PADRAO_FORA,nome pequeno/sem regra: padrão conservador
Ipiranga,VILA SECKLER,56,04279030,FORA,PADRAO_FORA,nome pequeno/sem regra: padrão conservador
Tatuapé,DEP,56,03333060,IGNORAR,AUTO_IGNORAR,
Tatuapé,VL SARA,56,"03471000, 03471065, 03471005, 03471060, 03471040",FORA,PADRAO_FORA,nome pequeno/sem regra: padrão conservador
Vila Mariana,PALMAS DE MARIANA I,56,04017010,FORA,PADRAO_FORA,nome pequeno/sem regra: padrão conservador
Vila Mariana,ALA A,56,04022002,IGNORAR,AUTO_IGNORAR,
Vila Olímpia,RESIDENZIALE VARIETA,56,04551010,FORA,PADRAO_FORA,nome pequeno/sem regra: padrão conservador
Campo Belo,JD MONT KEMEL,55,"05634060, 05634110, 05634160, 05634070, 05634000",FORA,PADRAO_FORA,nome pequeno/sem regra: padrão conservador
Jardim América,SETOR SERVICOS MORADIA,55,05409011,FORA,PADRAO_FORA,nome pequeno/sem regra: padrão conservador
Lapa,E ARMARIO,55,"05468010, 05056020",FORA,PADRAO_FORA,nome pequeno/sem regra: padrão conservador
Santa Cecília,E PLACE DE LA CONCORDE,55,01232011,FORA,PADRAO_FORA,nome pequeno/sem regra: padrão conservador
Tatuapé,VL DALILA,55,"03522050, 03522000, 03522010, 03522080, 03522070",FORA,PADRAO_FORA,nome pequeno/sem regra: padrão conservador
Consolação,ESQUINA ALAMEDA ITU,54,01415004,FORA,PADRAO_FORA,nome pequeno/sem regra: padrão conservador
Lapa,DEP,54,"05045020, 05054040",IGNORAR,AUTO_IGNORAR,
Mirandópolis,SIMPLES TIPO A,54,04042004,FORA,PADRAO_FORA,nome pequeno/sem regra: padrão conservador
Tatuapé,VILA OLINDA,54,"03380200, 03380230, 03380260, 03380210, 03380190",FORA,PADRAO_FORA,nome pequeno/sem regra: padrão conservador
Vila Mariana,PLACE DE LA CONCORDE,54,04116060,FORA,PADRAO_FORA,nome pequeno/sem regra: padrão conservador
Ipiranga,VILA BRASILIO MACHAD,53,"04288080, 04288000, 04288110, 04288120, 04288150",FORA,PADRAO_FORA,nome pequeno/sem regra: padrão conservador
Jardim Paulista,EGEU,53,05401200,FORA,PADRAO_FORA,nome pequeno/sem regra: padrão conservador
Mooca,JD ITALIA,53,"03192100, 03195010, 03192190, 03192070, 03192080",FORA,PADRAO_FORA,nome pequeno/sem regra: padrão conservador
Bela Vista,D DAS IMBUIAS,52,"04829410, 04829300, 04829430, 04829380, 04829390",FORA,PADRAO_FORA,nome pequeno/sem regra: padrão conservador
Chácara Santo Antônio,CHC S. ANTONIO,52,04717905,FORA,PADRAO_FORA,nome pequeno/sem regra: padrão conservador
Ipiranga,CID NOVA HELIOPOLIS,52,"04230042, 04230046, 04230045, 04230043, 04230044",FORA,PADRAO_FORA,nome pequeno/sem regra: padrão conservador
Itaim Bibi,VL GERTRUDES,52,"04705010, 04705902, 04705050, 04705070, 04705000",FORA,PADRAO_FORA,nome pequeno/sem regra: padrão conservador
Pompéia,VL ANGLO BRASILEIRA,52,"05027000, 05027020, 05027060, 05027070, 05022060",FORA,PADRAO_FORA,nome pequeno/sem regra: padrão conservador
Tatuapé,VILA MANCHESTER,52,"03440040, 03443015, 03445040, 03443040, 03445030",FORA,PADRAO_FORA,nome pequeno/sem regra: padrão conservador
Jardim Paulista,E DP,51,"01404200, 01408010, 01433010",IGNORAR,AUTO_IGNORAR,
Santa Cecília,OJA,51,01035901,FORA,PADRAO_FORA,nome pequeno/sem regra: padrão conservador
Tatuapé,JD A FRANCO,51,"03337060, 03337070, 03337020, 03337080",FORA,PADRAO_FORA,nome pequeno/sem regra: padrão conservador
Vila Madalena,VILA IDA,51,"05453040, 05453001, 05453000, 05453020, 05453070",FORA,PADRAO_FORA,nome pequeno/sem regra: padrão conservador
Bela Vista,JARDIM DAS IMBUIAS,50,"04829300, 04829220, 04829290, 04829360, 04829390",FORA,PADRAO_FORA,nome pequeno/sem regra: padrão conservador
Ipiranga,VL MOINHO VELHO,50,"04284070, 04285120, 04284080, 04286000, 04285020",FORA,PADRAO_FORA,nome pequeno/sem regra: padrão conservador
Jardim Paulistano,SETOR COMERCIAL,50,01445000,FORA,PADRAO_FORA,nome pequeno/sem regra: padrão conservador
Tatuapé,SUBCONDOM. CORPORATIVO,50,03305000,FORA,PADRAO_FORA,nome pequeno/sem regra: padrão conservador
Tatuapé,CHAC BELENZINHO,50,"03375130, 03376010, 03376110, 03376060, 03376040",FORA,PADRAO_FORA,nome pequeno/sem regra: padrão conservador
Chácara Santo Antônio,CHC S ANTONIO,49,04717905,FORA,PADRAO_FORA,nome pequeno/sem regra: padrão conservador
Mooca,VILA RIO BRANCO,49,"03349020, 03349000, 03349015, 03344120, 03349045",FORA,PADRAO_FORA,nome pequeno/sem regra: padrão conservador
Paraíso,VERG,49,04102000,FORA,PADRAO_FORA,nome pequeno/sem regra: padrão conservador
Tatuapé,VILA MOREIRA,49,"03088000, 03088030, 03088020, 03088010, 03088050",FORA,PADRAO_FORA,nome pequeno/sem regra: padrão conservador
Lapa,V HAMBURGUESA,48,"05302041, 05302060, 05305030, 05303000, 05302001",FORA,PADRAO_FORA,nome pequeno/sem regra: padrão conservador
Perdizes,V ANGLO BRASILEIRA,48,"05028140, 05028090, 05029020, 05028100, 05028030",FORA,PADRAO_FORA,nome pequeno/sem regra: padrão conservador
Pinheiros,ALTO DOS PINHEIROS,48,"05463010, 05420003, 05446000, 05419001, 05463020",FORA,PADRAO_FORA,nome pequeno/sem regra: padrão conservador
Pinheiros,E DP,48,05428001,IGNORAR,AUTO_IGNORAR,
Tatuapé,JD STA MARIA,48,"03930060, 03930040, 03480080, 03930030, 03930020",FORA,PADRAO_FORA,nome pequeno/sem regra: padrão conservador
Vila Mariana,OCO A,48,"01532001, 04110060",FORA,PADRAO_FORA,nome pequeno/sem regra: padrão conservador
Bela Vista,HORSA II,47,01311940,FORA,PADRAO_FORA,nome pequeno/sem regra: padrão conservador
Bela Vista,JD UNIVERSITARIO,47,"04829390, 04829320, 04829310, 04829170, 04829300",FORA,PADRAO_FORA,nome pequeno/sem regra: padrão conservador
Brooklin,VILA GERTRUDES,47,"04707910, 04703001, 04707000",FORA,PADRAO_FORA,nome pequeno/sem regra: padrão conservador
Ibirapuera,AEROPORTO,47,"04612100, 04612041, 04612010, 04612040, 04612090",FORA,PADRAO_FORA,nome pequeno/sem regra: padrão conservador
Ibirapuera,PAINEIRAS DO MORUMBI,47,"05687000, 05687030",FORA,PADRAO_FORA,nome pequeno/sem regra: padrão conservador
Pinheiros,T - EDGE,47,05404014,FORA,PADRAO_FORA,nome pequeno/sem regra: padrão conservador
Tatuapé,VILA ZILDA,47,"03069010, 03069020, 03069000, 03069030, 03314000",FORA,PADRAO_FORA,nome pequeno/sem regra: padrão conservador
Tatuapé,VL ALZIRA,47,"03908030, 03908080, 03908210, 03908230, 03908120",FORA,PADRAO_FORA,nome pequeno/sem regra: padrão conservador
Tatuapé,JARDIM IVA,47,"03910000, 03910090, 03911110, 03910030, 03910035",FORA,PADRAO_FORA,nome pequeno/sem regra: padrão conservador
Vila Mariana,UPUS II,47,04041901,FORA,PADRAO_FORA,nome pequeno/sem regra: padrão conservador
Alto da Boa Vista,DONAIRE ALTO BOA VISTA,46,04735001,FORA,PADRAO_FORA,nome pequeno/sem regra: padrão conservador
Ipiranga,HAPPENING IPIRANGA,46,04282000,FORA,PADRAO_FORA,nome pequeno/sem regra: padrão conservador
Paraíso,DESCOBERTA,46,01504000,FORA,PADRAO_FORA,nome pequeno/sem regra: padrão conservador
Santa Cecília,HIGIANOPOLIS,46,"01232010, 01229000, 01226002, 01230001, 01232011",FORA,PADRAO_FORA,nome pequeno/sem regra: padrão conservador
Santa Cecília,E DP,46,"01232000, 01232010",IGNORAR,AUTO_IGNORAR,
Tatuapé,VILA SANTA IZABEL,46,"03432000, 03425040, 03425060, 03425020, 03425030",FORA,PADRAO_FORA,nome pequeno/sem regra: padrão conservador
Tatuapé,VILA CALIFORNIA,46,"03407040, 03402000, 03440005, 03410000, 03411090",FORA,PADRAO_FORA,nome pequeno/sem regra: padrão conservador
Bela Vista,VL BELA VISTA,45,"02617020, 02617000, 02617090, 02617060, 02617130",FORA,PADRAO_FORA,nome pequeno/sem regra: padrão conservador
Brooklin,GRANJA JULIETA,45,"04583110, 04702002, 04702902, 04707061",FORA,PADRAO_FORA,nome pequeno/sem regra: padrão conservador
Campo Belo,CD PIAZZA D ARTE,45,04610004,IGNORAR,AUTO_IGNORAR,
Ibirapuera,JARDIM LUSITANIA,45,"04031120, 04032120, 04032020, 04032000, 04032060",FORA,PADRAO_FORA,nome pequeno/sem regra: padrão conservador
Indianópolis,INDIANAPOLIS,45,"04029200, 04090003, 04516000, 04516001, 04524020",FORA,PADRAO_FORA,nome pequeno/sem regra: padrão conservador
Ipiranga,JD PATENTE NOVO,45,"04256177, 04256120, 04256000, 04256180, 04256265",FORA,PADRAO_FORA,nome pequeno/sem regra: padrão conservador
Lapa,VL AURORA,45,"02409060, 02409090, 02409040, 02409030",FORA,PADRAO_FORA,nome pequeno/sem regra: padrão conservador
Perdizes,TIPO II,45,05004010,FORA,PADRAO_FORA,nome pequeno/sem regra: padrão conservador
Perdizes,CD. VIA,45,05015001,FORA,PADRAO_FORA,nome pequeno/sem regra: padrão conservador
Tatuapé,CJ COM A DOS PASSAROS,45,03090020,FORA,PADRAO_FORA,nome pequeno/sem regra: padrão conservador
Bela Vista,JD BELA VISTA,44,"04829060, 04829070, 04829050, 04829020, 04829000",FORA,PADRAO_FORA,nome pequeno/sem regra: padrão conservador
Bela Vista,N,44,"01329900, 01329010, 01326010",FORA,PADRAO_FORA,nome pequeno/sem regra: padrão conservador
Bela Vista,NITO,44,"04829090, 04829150, 04829110, 04829130, 04829140",FORA,PADRAO_FORA,nome pequeno/sem regra: padrão conservador
Campo Belo,NOVA PIRAJU,44,"04625900, 04625000, 04625904, 04625901, 04625022",FORA,PADRAO_FORA,nome pequeno/sem regra: padrão conservador
Campo Belo,FERREIRA,44,"05634160, 05634020, 05634060, 05634100, 05634050",FORA,PADRAO_FORA,nome pequeno/sem regra: padrão conservador
Ibirapuera,JD MORUMBI,44,"05656000, 05656020, 05656010, 05656030, 05656050",FORA,PADRAO_FORA,nome pequeno/sem regra: padrão conservador
Ibirapuera,ALTOS DO PANAMBI,44,05706290,FORA,PADRAO_FORA,nome pequeno/sem regra: padrão conservador
Indianópolis,VL NOVA CONCEIAO,44,04511001,FORA,PADRAO_FORA,nome pequeno/sem regra: padrão conservador
Jardim América,SETOR SERV MORADIA,44,05410002,FORA,PADRAO_FORA,nome pequeno/sem regra: padrão conservador
Lapa,VICINO PASSO,44,05088000,FORA,PADRAO_FORA,nome pequeno/sem regra: padrão conservador
Paraíso,E DP CHACARA KLABIN,44,04102010,IGNORAR,AUTO_IGNORAR,
Pinheiros,CONJ. NOVO PINHEIROS,44,05416010,FORA,PADRAO_FORA,nome pequeno/sem regra: padrão conservador
Vila Mariana,JARDIM LUZITANIA,44,"04030000, 04030040, 04039034, 04030030, 04030080",FORA,PADRAO_FORA,nome pequeno/sem regra: padrão conservador
Vila Olímpia,VILA FUNCHAL,44,"04548903, 04552000, 04551060, 04551010, 04551080",FORA,PADRAO_FORA,nome pequeno/sem regra: padrão conservador
Chácara Inglesa,ALA A,43,04140000,IGNORAR,AUTO_IGNORAR,
Lapa,ALTO DOS PINHEIROS,43,"05454030, 05454080, 05454110, 05460010, 05452030",FORA,PADRAO_FORA,nome pequeno/sem regra: padrão conservador
Bela Vista,JD BONITO,42,"04829040, 04829150, 04829120, 04829110, 04829020",FORA,PADRAO_FORA,nome pequeno/sem regra: padrão conservador
Campo Belo,SIMPLES   CAMPO BELO,42,04618918,FORA,PADRAO_FORA,nome pequeno/sem regra: padrão conservador
Consolação,SETOR CORPORATIVO,42,01301100,FORA,PADRAO_FORA,nome pequeno/sem regra: padrão conservador
Ibirapuera,JARDIM COLOMBO,42,"05625900, 05625000, 05625100, 05625030, 05625090",FORA,PADRAO_FORA,nome pequeno/sem regra: padrão conservador
Ipiranga,VILA BRASILINA,42,"04162000, 04162001, 04162050, 04162900, 04162030",FORA,PADRAO_FORA,nome pequeno/sem regra: padrão conservador
Ipiranga,JD STO A CURSINO,42,"04177170, 04177010, 04177270, 04177030, 04177000",FORA,PADRAO_FORA,nome pequeno/sem regra: padrão conservador
Jardim Paulistano,JD HELENA,42,"08080030, 08080330, 08080650, 08080600, 08080240",FORA,PADRAO_FORA,nome pequeno/sem regra: padrão conservador
Perdizes,TIPO I,42,05004010,FORA,PADRAO_FORA,nome pequeno/sem regra: padrão conservador
Perdizes,E BOX,42,05006000,FORA,PADRAO_FORA,nome pequeno/sem regra: padrão conservador
Tatuapé,JARDIM CATARINA,42,"03910040, 03910020, 03910070, 03910080, 03475120",FORA,PADRAO_FORA,nome pequeno/sem regra: padrão conservador
Vila Mariana,LUPUS I,42,04041901,FORA,PADRAO_FORA,nome pequeno/sem regra: padrão conservador
Bosque da Saúde,JD SAUDE,41,"04150040, 04150050, 04149120, 04150000, 04150070",FORA,PADRAO_FORA,nome pequeno/sem regra: padrão conservador
Brooklin,BROOKLIN PAULISTA NO,41,"04564003, 04561000, 04568030, 04564900, 04565910",FORA,PADRAO_FORA,nome pequeno/sem regra: padrão conservador
Campo Belo,CD HELBOR ATMOSPHERE,41,04610002,IGNORAR,AUTO_IGNORAR,
Chácara Santo Antônio,SUB SOLO,41,04719904,IGNORAR,AUTO_IGNORAR,
Ipiranga,V DOM PEDRO I,41,"04276000, 04276030, 04277010, 04275050, 04269001",FORA,PADRAO_FORA,nome pequeno/sem regra: padrão conservador
Mooca,MULT SHOPP,41,03115001,FORA,PADRAO_FORA,nome pequeno/sem regra: padrão conservador
Vila Gumercindo,ALA CRISANTEMO,41,04026040,IGNORAR,AUTO_IGNORAR,
Bela Vista,PAULISTA,40,"01311915, 01311926, 01311913, 01310907, 01310910",FORA,PADRAO_FORA,nome pequeno/sem regra: padrão conservador
Brooklin,IBIRPUERA,40,04560001,FORA,PADRAO_FORA,nome pequeno/sem regra: padrão conservador
Cambuci,E ARMARIO,40,01548050,FORA,PADRAO_FORA,nome pequeno/sem regra: padrão conservador
Chácara Inglesa,ALA B,40,04140000,IGNORAR,AUTO_IGNORAR,
Consolação,BLII,40,01209002,FORA,PADRAO_FORA,nome pequeno/sem regra: padrão conservador
Ipiranga,VL DOM PEDRO I,40,"04278050, 04269000, 04277010, 04276000, 04276030",FORA,PADRAO_FORA,nome pequeno/sem regra: padrão conservador
Ipiranga,VL. NOVA MERCES,40,"04257045, 04257050, 04257140, 04257070, 04257095",FORA,PADRAO_FORA,nome pequeno/sem regra: padrão conservador
Santa Cecília,S SOLO,40,01035901,FORA,PADRAO_FORA,nome pequeno/sem regra: padrão conservador
Bela Vista,GRANDE UFFICIALE,39,01311300,FORA,PADRAO_FORA,nome pequeno/sem regra: padrão conservador
Bela Vista,GANCA,39,01323902,FORA,PADRAO_FORA,nome pequeno/sem regra: padrão conservador
Ibirapuera,JD LUZITANIA,39,"04031120, 04032120, 04032020, 04031000, 04031010",FORA,PADRAO_FORA,nome pequeno/sem regra: padrão conservador
Ibirapuera,VL. CONGONHAS,39,"04612040, 04612060, 04612903, 04612900",FORA,PADRAO_FORA,nome pequeno/sem regra: padrão conservador
Indianópolis,TIPO A,39,"04085901, 04029200, 04516000",FORA,PADRAO_FORA,nome pequeno/sem regra: padrão conservador
Indianópolis,PISO CAMPO BELO,39,04029902,FORA,PADRAO_FORA,nome pequeno/sem regra: padrão conservador
Ipiranga,TIPO A,39,04152080,FORA,PADRAO_FORA,nome pequeno/sem regra: padrão conservador
Ipiranga,JARDIM PATENTE NOVO,39,"04256120, 04256177, 04256000, 04256240, 04256265",FORA,PADRAO_FORA,nome pequeno/sem regra: padrão conservador
Bela Vista,AINE,38,01329900,FORA,PADRAO_FORA,nome pequeno/sem regra: padrão conservador
Bosque da Saúde,AGUA FUNDA,38,"04157020, 04157000, 04157070, 04157040, 04157010",FORA,PADRAO_FORA,nome pequeno/sem regra: padrão conservador
Brooklin,VILA UNIAO,38,"04707055, 04710020, 04707060, 04707903, 04710010",FORA,PADRAO_FORA,nome pequeno/sem regra: padrão conservador
Campo Belo,PAINEIRAS DO MORUMBI,38,"05684040, 05684011",FORA,PADRAO_FORA,nome pequeno/sem regra: padrão conservador
Ipiranga,JD YARA,38,"04177330, 04177300, 04177345, 04177320",FORA,PADRAO_FORA,nome pequeno/sem regra: padrão conservador
Ipiranga,PARQUE BRISTOL,38,"04177100, 04177130, 04191030, 04191050, 04191210",FORA,PADRAO_FORA,nome pequeno/sem regra: padrão conservador
Tatuapé,VL ANTONINA,38,"03412000, 03412060, 03412015, 03412010, 03412040",FORA,PADRAO_FORA,nome pequeno/sem regra: padrão conservador
Tatuapé,SITIO ARICANDUVA,38,"03437000, 03447090, 03447100, 03437070, 03436000",FORA,PADRAO_FORA,nome pequeno/sem regra: padrão conservador
Vila Olímpia,JD PAULIST A,38,04546044,FORA,PADRAO_FORA,nome pequeno/sem regra: padrão conservador
Campo Belo,VL SUZANA,37,05634001,FORA,PADRAO_FORA,nome pequeno/sem regra: padrão conservador
Higienópolis,AGE,37,01238904,FORA,PADRAO_FORA,nome pequeno/sem regra: padrão conservador
Jardim Paulistano,SAO MIGUEL PTA,37,"08080040, 08080360, 08080230, 08080440, 08080490",FORA,PADRAO_FORA,nome pequeno/sem regra: padrão conservador
Mooca,VL ORATORIO,37,"03189060, 03189010, 03189040, 03128120, 03186010",FORA,PADRAO_FORA,nome pequeno/sem regra: padrão conservador
Vila Gumercindo,ALA BEGONIA,37,04026040,IGNORAR,AUTO_IGNORAR,
Bela Vista,AGEM,36,"01311912, 01419001, 01311927",FORA,PADRAO_FORA,nome pequeno/sem regra: padrão conservador
Brooklin,CHACARA SANTO ANTONI,36,"04709011, 04710041, 04710900, 04702902, 04709110",FORA,PADRAO_FORA,nome pequeno/sem regra: padrão conservador
Brooklin,VL MASCOTE,36,"04635023, 04635903, 04635021, 04635080, 04635022",FORA,PADRAO_FORA,nome pequeno/sem regra: padrão conservador
Campo Belo,VILA INDEPENDENCIA,36,"04619000, 04605003, 04611002, 04614001, 04608010",FORA,PADRAO_FORA,nome pequeno/sem regra: padrão conservador
Ibirapuera,ONLY BOULEVARD,36,"05686002, 05686020",FORA,PADRAO_FORA,nome pequeno/sem regra: padrão conservador
Jardim América,SETOR SERV DE MORADIA,36,05412001,FORA,PADRAO_FORA,nome pequeno/sem regra: padrão conservador
Jardim Paulistano,S. MIGUEL PAULISTA,36,"08080490, 08080190, 08080570, 08080685, 08080395",FORA,PADRAO_FORA,nome pequeno/sem regra: padrão conservador
Jardim Paulistano,MAIA,36,"08080320, 08080570",FORA,PADRAO_FORA,nome pequeno/sem regra: padrão conservador
Moema,INDIANOOPOLIS,36,04078908,FORA,PADRAO_FORA,nome pequeno/sem regra: padrão conservador
Mooca,VILA LEME,36,"03190170, 03190900, 03192140, 03349045, 03189010",FORA,PADRAO_FORA,nome pequeno/sem regra: padrão conservador
Planalto Paulista,PLTO PAULISTA,36,"04067030, 04067003, 04066003, 04067041, 04064002",FORA,PADRAO_FORA,nome pequeno/sem regra: padrão conservador
Tatuapé,MAISON ANALIA FRANCO,36,03335045,FORA,PADRAO_FORA,nome pequeno/sem regra: padrão conservador
Tatuapé,E. KATHERINE MANSFIELD,36,03336010,FORA,PADRAO_FORA,nome pequeno/sem regra: padrão conservador
Tatuapé,VL N YORK,36,"03480060, 03480010, 03480020, 03480000, 03480050",FORA,PADRAO_FORA,nome pequeno/sem regra: padrão conservador
Vila Gumercindo,SANTA CRUZ,36,04130040,FORA,PADRAO_FORA,nome pequeno/sem regra: padrão conservador
Vila Mariana,E DP,36,04116060,IGNORAR,AUTO_IGNORAR,
Vila Olímpia,V FUNCHAL,36,"04551060, 04548905",FORA,PADRAO_FORA,nome pequeno/sem regra: padrão conservador
Bela Vista,DAS IMBUIAS,35,"04829290, 04829380, 04829210, 04829220, 04829400",FORA,PADRAO_FORA,nome pequeno/sem regra: padrão conservador
Brooklin,VILA MASCOTE,35,"04635903, 04635023, 04635022, 04634020, 04635080",FORA,PADRAO_FORA,nome pequeno/sem regra: padrão conservador
Jardim Paulistano,PQ. PAULISTANO,35,"08080095, 08080097, 08080190, 08080160, 08080096",FORA,PADRAO_FORA,nome pequeno/sem regra: padrão conservador
Jardins,INDET NA GARAGE,35,01410000,FORA,PADRAO_FORA,nome pequeno/sem regra: padrão conservador
Mooca,VL INVERNADA,35,"03349000, 03349030, 03349015, 03349020, 03349050",FORA,PADRAO_FORA,nome pequeno/sem regra: padrão conservador
Tatuapé,TATAUPE,35,"03401001, 03064000, 03066070, 03308070, 03305000",FORA,PADRAO_FORA,nome pequeno/sem regra: padrão conservador
Tatuapé,VL MANCHESTER,35,"03445030, 03446010, 03443040, 03443000, 03446040",FORA,PADRAO_FORA,nome pequeno/sem regra: padrão conservador
Tatuapé,CV DI ANALIA FRANCO,35,03414080,FORA,PADRAO_FORA,nome pequeno/sem regra: padrão conservador
Tatuapé,TONIETA,35,"03475020, 03475015, 03475100, 03475040, 03474060",FORA,PADRAO_FORA,nome pequeno/sem regra: padrão conservador
Vila Gumercindo,ALA AZALEIA,35,04026040,IGNORAR,AUTO_IGNORAR,
Brooklin,PQ JABAQUARA,34,"04635071, 04634011",FORA,PADRAO_FORA,nome pequeno/sem regra: padrão conservador
Ipiranga,ESQ CIPRIANO BARATA,34,04202010,FORA,PADRAO_FORA,nome pequeno/sem regra: padrão conservador
Jardim Paulista,VILA PRIMAVERA,34,"01435030, 01435040, 01433040, 01435050, 01435010",FORA,PADRAO_FORA,nome pequeno/sem regra: padrão conservador
Lapa,VL ARGENTINA,34,"05054130, 05054010, 05061200, 05053010",FORA,PADRAO_FORA,nome pequeno/sem regra: padrão conservador
Mooca,VILA CANERO,34,"03190900, 03190140, 03344060, 03190090, 03190110",FORA,PADRAO_FORA,nome pequeno/sem regra: padrão conservador
Perdizes,GRANDE,34,05020000,FORA,PADRAO_FORA,nome pequeno/sem regra: padrão conservador
Pinheiros,ENTRADA R HENRIQUE MON,34,05423040,FORA,PADRAO_FORA,nome pequeno/sem regra: padrão conservador
Pinheiros,DUAS VAGAS NA GARAGE,34,05427000,FORA,PADRAO_FORA,nome pequeno/sem regra: padrão conservador
Pompéia,DUPLA,34,05027000,FORA,PADRAO_FORA,nome pequeno/sem regra: padrão conservador
Tatuapé,TIPO PEQUENA,34,03342000,FORA,PADRAO_FORA,nome pequeno/sem regra: padrão conservador
Tatuapé,VL MAFRA,34,"03414110, 03414140, 03416050, 03414120, 03414010",FORA,PADRAO_FORA,nome pequeno/sem regra: padrão conservador
Vila Mariana,ALA MAGGIORE,34,04111081,IGNORAR,AUTO_IGNORAR,
Brooklin,CENTRO EMPR E CULTURAL,33,04571150,FORA,PADRAO_FORA,nome pequeno/sem regra: padrão conservador
Indianópolis,PREDIO I,33,04081903,FORA,PADRAO_FORA,nome pequeno/sem regra: padrão conservador
Indianópolis,PREDIO II,33,04081903,FORA,PADRAO_FORA,nome pequeno/sem regra: padrão conservador
Lapa,VGS,33,05056000,FORA,PADRAO_FORA,nome pequeno/sem regra: padrão conservador
Mooca,ALTO MOOCA,33,"03195100, 03121020, 03120001, 03178140, 03180140",FORA,PADRAO_FORA,nome pequeno/sem regra: padrão conservador
Mooca,CD DOMO,33,03175001,IGNORAR,AUTO_IGNORAR,
Tatuapé,E DEP,33,03337060,FORA,PADRAO_FORA,nome pequeno/sem regra: padrão conservador
Tatuapé,PIAZZA SAN MARCO,33,03425030,FORA,PADRAO_FORA,nome pequeno/sem regra: padrão conservador
Ipiranga,E DP,32,04276000,IGNORAR,AUTO_IGNORAR,
Paraíso,E ARMARIO,32,04006052,FORA,PADRAO_FORA,nome pequeno/sem regra: padrão conservador
Tatuapé,VL CALIFORNIA,32,"03411060, 03411090, 03411050, 03407040, 03431000",FORA,PADRAO_FORA,nome pequeno/sem regra: padrão conservador
Vila Madalena,JD ATIBAIA,32,"05451020, 05448020, 05448000, 05451130, 05448030",FORA,PADRAO_FORA,nome pequeno/sem regra: padrão conservador
Vila Madalena,DESCOBERTA,32,"05443030, 05443900",FORA,PADRAO_FORA,nome pequeno/sem regra: padrão conservador
Vila Madalena,CD RESID ACACIA,32,05433002,IGNORAR,AUTO_IGNORAR,
Vila Mariana,DEP,32,04021020,IGNORAR,AUTO_IGNORAR,
Vila Mariana,ALA PADOVA,32,04111081,IGNORAR,AUTO_IGNORAR,
Alto da Boa Vista,ALTO BOA VISTA,31,"04735000, 04735001, 04736003, 04736000, 04739060",FORA,PADRAO_FORA,nome pequeno/sem regra: padrão conservador
Ibirapuera,PARQUE MORUMBI,31,"05706280, 05706290",FORA,PADRAO_FORA,nome pequeno/sem regra: padrão conservador
Indianópolis,E CASTELLI DI AMARETO,31,04081001,FORA,PADRAO_FORA,nome pequeno/sem regra: padrão conservador
Ipiranga,VILA CRISTALIA,31,"04257250, 04244070, 04244020, 04244040, 04244000",FORA,PADRAO_FORA,nome pequeno/sem regra: padrão conservador
Mirandópolis,PRACA DA ARVORE,31,"04052030, 04046100, 04052020, 04045000, 04052010",FORA,PADRAO_FORA,nome pequeno/sem regra: padrão conservador
Mooca,AGUA RAZA,31,"03344000, 03346100, 03344020, 03188002, 03344040",FORA,PADRAO_FORA,nome pequeno/sem regra: padrão conservador
Planalto Paulista,CD FLORES DO CAMPO,31,04060000,IGNORAR,AUTO_IGNORAR,
Pompéia,VILA ANGLO BRASILEIRA,31,"05027000, 05027020, 05027050",FORA,PADRAO_FORA,nome pequeno/sem regra: padrão conservador
Tatuapé,UNIDADE A,31,03336010,FORA,PADRAO_FORA,nome pequeno/sem regra: padrão conservador
Tatuapé,VL OLINDA,31,"03380250, 03376000, 03376060, 03376050, 03380260",FORA,PADRAO_FORA,nome pequeno/sem regra: padrão conservador
Ibirapuera,TIPO M,30,05625060,FORA,PADRAO_FORA,nome pequeno/sem regra: padrão conservador
Indianópolis,ANDAR INTERMEDIARIO,30,04087905,FORA,PADRAO_FORA,nome pequeno/sem regra: padrão conservador
Ipiranga,VL DON PEDRO I,30,"04278060, 04279070",FORA,PADRAO_FORA,nome pequeno/sem regra: padrão conservador
Ipiranga,V BRASILIO MACHADO,30,"04288150, 04288000, 04288120, 04288110, 04288080",FORA,PADRAO_FORA,nome pequeno/sem regra: padrão conservador
Jardim América,VAGAS  -J.AMERICA,30,01454902,FORA,PADRAO_FORA,nome pequeno/sem regra: padrão conservador
Jardim Paulistano,PAULISTANO,30,"08080560, 08080670, 08080700, 08080320, 08080500",FORA,PADRAO_FORA,nome pequeno/sem regra: padrão conservador
Lapa,VILA AUGUSTO,30,"05055010, 05056020, 05055020, 05056000, 05058010",FORA,PADRAO_FORA,nome pequeno/sem regra: padrão conservador
Perdizes,PEQUENA,30,05020000,FORA,PADRAO_FORA,nome pequeno/sem regra: padrão conservador
Perdizes,T - A - JACARANDA,30,05016010,FORA,PADRAO_FORA,nome pequeno/sem regra: padrão conservador
Tatuapé,VL STA IZABEL,30,"03432020, 03432000, 03432040, 03424010, 03432070",FORA,PADRAO_FORA,nome pequeno/sem regra: padrão conservador
Vila Mariana,PREDIO II,30,04021070,FORA,PADRAO_FORA,nome pequeno/sem regra: padrão conservador
Bela Vista,ACAIA,29,01323902,FORA,PADRAO_FORA,nome pequeno/sem regra: padrão conservador
Campo Belo,BRILLIANCE,29,04618032,FORA,PADRAO_FORA,nome pequeno/sem regra: padrão conservador
Campo Belo,VILA CAMPO BELO,29,"05634150, 05634901, 05634050, 05634010, 05634900",FORA,PADRAO_FORA,nome pequeno/sem regra: padrão conservador
Jardim Paulista,J. PAULISTA,29,"01405902, 01420007, 01408020",FORA,PADRAO_FORA,nome pequeno/sem regra: padrão conservador
Jardim Paulistano,S. M. PAULISTA,29,"08080160, 08080360, 08080030, 08080570",FORA,PADRAO_FORA,nome pequeno/sem regra: padrão conservador
Tatuapé,UNIDADE B,29,03336010,FORA,PADRAO_FORA,nome pequeno/sem regra: padrão conservador
Tatuapé,JD S CRISTOVAO,29,"03930000, 03930070, 03930010, 03930080, 03930310",FORA,PADRAO_FORA,nome pequeno/sem regra: padrão conservador
Tatuapé,IV CENTENARIO,29,"03932008, 03932040, 03932060, 03932000, 03932010",FORA,PADRAO_FORA,nome pequeno/sem regra: padrão conservador
Vila Madalena,JARDIM ATIBAIA,29,"05451090, 05451030, 05448060, 05451050, 05451907",FORA,PADRAO_FORA,nome pequeno/sem regra: padrão conservador
Alto da Boa Vista,KLASSE ALTO DA,28,04738020,FORA,PADRAO_FORA,nome pequeno/sem regra: padrão conservador
Brooklin,ESTUDIOS,28,04707051,FORA,PADRAO_FORA,nome pequeno/sem regra: padrão conservador
Brooklin,JD CORDEIRO,28,"04623060, 04623050, 04637001, 04583908, 04582050",FORA,PADRAO_FORA,nome pequeno/sem regra: padrão conservador
Brooklin,BROKLIN,28,"04562000, 04570000, 04582020, 04583050, 04556300",FORA,PADRAO_FORA,nome pequeno/sem regra: padrão conservador
Consolação,CIRCUS,28,01416906,FORA,PADRAO_FORA,nome pequeno/sem regra: padrão conservador
Ibirapuera,JD ESTADIO,28,"05654010, 05654000, 05654040",FORA,PADRAO_FORA,nome pequeno/sem regra: padrão conservador
Jardim América,CIDADE JARDIM,28,"01454901, 01453000, 01455010, 01453020, 01454000",FORA,PADRAO_FORA,nome pequeno/sem regra: padrão conservador
Jardim da Glória,VILA DEODORO,28,"01545001, 01546010, 01545000, 01546090, 01545090",FORA,PADRAO_FORA,nome pequeno/sem regra: padrão conservador
Lapa,VILA ANASTACIO,28,"05094010, 05094000, 05077000, 05077904",FORA,PADRAO_FORA,nome pequeno/sem regra: padrão conservador
Pinheiros,PINHEIRO,28,"05415040, 05416000, 05421000, 05427020, 05405000",FORA,PADRAO_FORA,nome pequeno/sem regra: padrão conservador
Planalto Paulista,VL GUARANI,28,"04307050, 04307000, 04307100, 04069070, 04307070",FORA,PADRAO_FORA,nome pequeno/sem regra: padrão conservador
Tatuapé,DUPLA,28,03425040,FORA,PADRAO_FORA,nome pequeno/sem regra: padrão conservador
Tatuapé,ONIETA,28,"03476040, 03475015, 03474050, 03475075, 03475090",FORA,PADRAO_FORA,nome pequeno/sem regra: padrão conservador
Vila Madalena,VL IDA,28,"05453001, 05453000, 05453040, 05453030, 05453010",FORA,PADRAO_FORA,nome pequeno/sem regra: padrão conservador
Vila Mariana,PREDIO I,28,04021070,FORA,PADRAO_FORA,nome pequeno/sem regra: padrão conservador
Vila Mariana,ANITA - ALA A,28,"04011030, 04011031",FORA,PADRAO_FORA,nome pequeno/sem regra: padrão conservador
Vila Mariana,TARSILA - ALA B,28,04011030,FORA,PADRAO_FORA,nome pequeno/sem regra: padrão conservador
Vila Mariana,YOLANDA - ALA C,28,04011030,FORA,PADRAO_FORA,nome pequeno/sem regra: padrão conservador
Bela Vista,ANAJAS,27,01327002,FORA,PADRAO_FORA,nome pequeno/sem regra: padrão conservador
Bosque da Saúde,VILA MORAIS,27,"04157110, 04157060, 04157020, 04157000, 04157080",FORA,PADRAO_FORA,nome pequeno/sem regra: padrão conservador
Campo Belo,JD STA EDWIGES,27,"04416180, 04416190",FORA,PADRAO_FORA,nome pequeno/sem regra: padrão conservador
Ipiranga,VILA FIRMINO PINTO,27,"04273100, 04125050, 04294090, 04125040, 04124150",FORA,PADRAO_FORA,nome pequeno/sem regra: padrão conservador
Tatuapé,CID MAE DO CEU,27,"03304000, 03305000, 03306090, 03306000, 03304050",FORA,PADRAO_FORA,nome pequeno/sem regra: padrão conservador
Vila Madalena,VILA JATAI,27,"05451070, 05451000, 05451030, 05451010, 05451080",FORA,PADRAO_FORA,nome pequeno/sem regra: padrão conservador
Vila Mariana,SETOR CONSULTORIOS,27,04013044,FORA,PADRAO_FORA,nome pequeno/sem regra: padrão conservador
Vila Olímpia,ALA A COLUMBUS,27,04550003,IGNORAR,AUTO_IGNORAR,
Vila Olímpia,ALA B MADISON,27,04550003,IGNORAR,AUTO_IGNORAR,
Bela Vista,AGE,26,"01326010, 01311912",FORA,PADRAO_FORA,nome pequeno/sem regra: padrão conservador
Brooklin,BROOKLIN PTA NOVO,26,"04563903, 04558000, 04559011, 04559001, 04560020",FORA,PADRAO_FORA,nome pequeno/sem regra: padrão conservador
Campo Belo,SPLENDOUR,26,04618032,FORA,PADRAO_FORA,nome pequeno/sem regra: padrão conservador
Campo Belo,CRYSTAL,26,04618032,FORA,PADRAO_FORA,nome pequeno/sem regra: padrão conservador
Campo Belo,SERENADE,26,04618032,FORA,PADRAO_FORA,nome pequeno/sem regra: padrão conservador
Chácara Inglesa,CHC INGLESA,26,"05140060, 05140040, 05141160, 05141000, 05140120",FORA,PADRAO_FORA,nome pequeno/sem regra: padrão conservador
Ibirapuera,DUPLA,26,05687001,FORA,PADRAO_FORA,nome pequeno/sem regra: padrão conservador
Jardim Paulistano,AULISTANO,26,"08080360, 02814000, 02816030, 02814040, 08080710",FORA,PADRAO_FORA,nome pequeno/sem regra: padrão conservador
Lapa,PARQUE DA LAPA,26,"05303100, 05303110, 05305040, 05303000, 05088000",FORA,PADRAO_FORA,nome pequeno/sem regra: padrão conservador
Lapa,ALTO PINHEIROS,26,"05466040, 05460010, 05468140, 05460000, 05458001",FORA,PADRAO_FORA,nome pequeno/sem regra: padrão conservador
Mirandópolis,A MIRANDOPOLIS,26,04048061,FORA,PADRAO_FORA,nome pequeno/sem regra: padrão conservador
Pinheiros,VL BIBI,26,04538110,FORA,PADRAO_FORA,nome pequeno/sem regra: padrão conservador
Pinheiros,SEISA LUX,26,05424150,FORA,PADRAO_FORA,nome pequeno/sem regra: padrão conservador
Tatuapé,ANALIA FRANCO,26,"03337060, 03342000, 03336010, 03337020, 03320000",FORA,PADRAO_FORA,nome pequeno/sem regra: padrão conservador
Tatuapé,VILA FERNANDES,26,"03433025, 03433000, 03433030, 03433040, 03433090",FORA,PADRAO_FORA,nome pequeno/sem regra: padrão conservador
Tatuapé,CHC CALIFORNIA,26,"03406050, 03404120, 03406045, 03404050",FORA,PADRAO_FORA,nome pequeno/sem regra: padrão conservador
Tatuapé,GRANVILLE,26,03420000,FORA,PADRAO_FORA,nome pequeno/sem regra: padrão conservador
Tatuapé,VL DONA SARA,26,"03471000, 03471020, 03471030, 03471060, 03474017",FORA,PADRAO_FORA,nome pequeno/sem regra: padrão conservador
Tatuapé,JD JOSE RENATO,26,"03930100, 03930310, 03930095",FORA,PADRAO_FORA,nome pequeno/sem regra: padrão conservador
Vila Mariana,ALA ACLIMACAO,26,04010100,IGNORAR,AUTO_IGNORAR,
Vila Mariana,ALA IBIRAPUERA,26,04010100,IGNORAR,AUTO_IGNORAR,
Bela Vista,AS IMBUIAS,25,"04829390, 04829400, 04829500, 04829360, 04829460",FORA,PADRAO_FORA,nome pequeno/sem regra: padrão conservador
Brooklin,VL STA CATARINA,25,"04635000, 04634011, 04634020, 04635001, 04635022",FORA,PADRAO_FORA,nome pequeno/sem regra: padrão conservador
Campo Belo,CELEBRATION,25,04618032,FORA,PADRAO_FORA,nome pequeno/sem regra: padrão conservador
Ibirapuera,VILA MORUMBI,25,"05687010, 05687001, 05687002, 05654040, 05686040",FORA,PADRAO_FORA,nome pequeno/sem regra: padrão conservador
Ipiranga,UACU,25,04207909,FORA,PADRAO_FORA,nome pequeno/sem regra: padrão conservador
Ipiranga,VL SACOMA,25,"04248100, 04252000, 04253000, 04254000, 04248080",FORA,PADRAO_FORA,nome pequeno/sem regra: padrão conservador
Ipiranga,VL CDE DO PINHAL,25,"04251040, 04251030, 04251020, 04253020, 04254030",FORA,PADRAO_FORA,nome pequeno/sem regra: padrão conservador
Ipiranga,VL PEDROSO,25,"04177450, 04177480, 04177460",FORA,PADRAO_FORA,nome pequeno/sem regra: padrão conservador
Ipiranga,O CURSINO,25,"04177170, 04177020, 04177270, 04177290, 04177030",FORA,PADRAO_FORA,nome pequeno/sem regra: padrão conservador
Itaim Bibi,DUAS VAGAS,25,"04530000, 04536001",FORA,PADRAO_FORA,nome pequeno/sem regra: padrão conservador
Jardim América,E DP,25,01417010,IGNORAR,AUTO_IGNORAR,
Mooca,OLO,25,03104000,FORA,PADRAO_FORA,nome pequeno/sem regra: padrão conservador
Mooca,CHAC MAFALDA,25,"03372020, 03372000, 03373025, 03372030, 03372010",FORA,PADRAO_FORA,nome pequeno/sem regra: padrão conservador
Perdizes,VILA ANGLO BRASILEIRA,25,"05028140, 05028000, 05028060, 05029000, 05029010",FORA,PADRAO_FORA,nome pequeno/sem regra: padrão conservador
Perdizes,JD VERA CRUZ,25,"05030000, 05030010, 05029000, 05030020, 05030110",FORA,PADRAO_FORA,nome pequeno/sem regra: padrão conservador
Pinheiros,SIMPLES BUTANTA,25,05352050,FORA,PADRAO_FORA,nome pequeno/sem regra: padrão conservador
Planalto Paulista,VILA NOCA,25,"04071050, 04072050, 04071040, 04072030, 04072060",FORA,PADRAO_FORA,nome pequeno/sem regra: padrão conservador
Tatuapé,VILA GOMES CARDIN,25,"03317000, 03320901, 03309000, 03320000, 03322000",FORA,PADRAO_FORA,nome pequeno/sem regra: padrão conservador
Tatuapé,VL STA THEREZA,25,"03447160, 03447000",FORA,PADRAO_FORA,nome pequeno/sem regra: padrão conservador
Tatuapé,JD JUREMA,25,03908070,FORA,PADRAO_FORA,nome pequeno/sem regra: padrão conservador
Tatuapé,CIDADE IV CENTENARIO,25,03932010,FORA,PADRAO_FORA,nome pequeno/sem regra: padrão conservador
Vila Olímpia,BLI,25,04550900,FORA,PADRAO_FORA,nome pequeno/sem regra: padrão conservador
Bela Vista,ROT,24,01329900,FORA,PADRAO_FORA,nome pequeno/sem regra: padrão conservador
Bela Vista,SETOR SV MORADIA,24,01331010,FORA,PADRAO_FORA,nome pequeno/sem regra: padrão conservador
Campo Belo,SUBLIME,24,04618032,FORA,PADRAO_FORA,nome pequeno/sem regra: padrão conservador
Campo Belo,SETOR COMERCIAL,24,05634001,FORA,PADRAO_FORA,nome pequeno/sem regra: padrão conservador
Consolação,GALERIA SUPERIOR,24,01043902,FORA,PADRAO_FORA,nome pequeno/sem regra: padrão conservador
Consolação,RACUA,24,01221901,FORA,PADRAO_FORA,nome pequeno/sem regra: padrão conservador
Ipiranga,VL D PEDRO I,24,"04276000, 04267000, 04269000, 04280050, 04279080",FORA,PADRAO_FORA,nome pequeno/sem regra: padrão conservador
Ipiranga,VL MARTE,24,"04250030, 04250100, 04250090, 04250000, 04250020",FORA,PADRAO_FORA,nome pequeno/sem regra: padrão conservador
Ipiranga,PRQ BRISTOL,24,"04191140, 04191220, 04191270, 04177200, 04177130",FORA,PADRAO_FORA,nome pequeno/sem regra: padrão conservador
Jardim América,VAGAS - J.AMERICA,24,01454902,FORA,PADRAO_FORA,nome pequeno/sem regra: padrão conservador
Lapa,AS AZALEAS,24,05038090,FORA,PADRAO_FORA,nome pequeno/sem regra: padrão conservador
Mooca,ENTREG R ITAIUBA,24,03169010,FORA,PADRAO_FORA,nome pequeno/sem regra: padrão conservador
Mooca,ENTREG R DECIO ABRAMO,24,03169010,FORA,PADRAO_FORA,nome pequeno/sem regra: padrão conservador
Tatuapé,CHACARA SANTO ANTONI,24,"03408020, 03411000, 03411090, 03410060, 03409040",FORA,PADRAO_FORA,nome pequeno/sem regra: padrão conservador
Tatuapé,UAPE,24,03322901,FORA,PADRAO_FORA,nome pequeno/sem regra: padrão conservador
Vila Madalena,VL JATAHY,24,"05451090, 05449030, 05451080, 05451010, 05451070",FORA,PADRAO_FORA,nome pequeno/sem regra: padrão conservador
Vila Madalena,ECOS VL MADALENA,24,05441000,FORA,PADRAO_FORA,nome pequeno/sem regra: padrão conservador
Vila Mariana,ALA A - PAINEIRA,24,04014020,IGNORAR,AUTO_IGNORAR,
Vila Mariana,ALA EXCLUSIVE,24,04118130,IGNORAR,AUTO_IGNORAR,
Brooklin,MONCOES,23,"04564900, 04563013, 04561907, 04558001, 04569002",FORA,PADRAO_FORA,nome pequeno/sem regra: padrão conservador
Brooklin,JD. BRASIL,23,"04634020, 04634031",FORA,PADRAO_FORA,nome pequeno/sem regra: padrão conservador
Ipiranga,VL SAO JOSE,23,"04265060, 04265000, 04274000, 04264120, 04271060",FORA,PADRAO_FORA,nome pequeno/sem regra: padrão conservador
Ipiranga,VL BRASILINA,23,"04162001, 04162000, 04162020, 04288090, 04152110",FORA,PADRAO_FORA,nome pequeno/sem regra: padrão conservador
Ipiranga,VILA SACOMA,23,"04248100, 04252000, 04248040, 04248020, 04249050",FORA,PADRAO_FORA,nome pequeno/sem regra: padrão conservador
Ipiranga,JARDIM SECKLER,23,"04241030, 04242110, 04242020, 04242130, 04242160",FORA,PADRAO_FORA,nome pequeno/sem regra: padrão conservador
Ipiranga,URSINO,23,"04177030, 04177010, 04177000, 04177290",FORA,PADRAO_FORA,nome pequeno/sem regra: padrão conservador
Jardim América,VAGAS-J.AMERICA,23,01454902,FORA,PADRAO_FORA,nome pequeno/sem regra: padrão conservador
Perdizes,T - B - MANACA,23,05016010,FORA,PADRAO_FORA,nome pequeno/sem regra: padrão conservador
Vila Mariana,ALA ROYAL,23,04118130,IGNORAR,AUTO_IGNORAR,
Cambuci,CD SOLARES DE BRAGANCA,22,01548050,IGNORAR,AUTO_IGNORAR,
Chácara Inglesa,SETOR SL COMERCIAL,22,04140000,FORA,PADRAO_FORA,nome pequeno/sem regra: padrão conservador
Consolação,SOHOS PLACE,22,01222010,FORA,PADRAO_FORA,nome pequeno/sem regra: padrão conservador
Higienópolis,E VG INDET,22,01228100,IGNORAR,AUTO_IGNORAR,
Indianópolis,ESTACIONAMENTO,22,04522020,FORA,PADRAO_FORA,nome pequeno/sem regra: padrão conservador
Ipiranga,VL NATALIA,22,"04251100, 04249000, 04251080, 04251060, 04251050",FORA,PADRAO_FORA,nome pequeno/sem regra: padrão conservador
Lapa,SIMPLES TIPO PEQUENO,22,05058000,FORA,PADRAO_FORA,nome pequeno/sem regra: padrão conservador
Mooca,DAR,22,03104000,FORA,PADRAO_FORA,nome pequeno/sem regra: padrão conservador
Mooca,COM ENTRADA PELA RUA,22,03115001,FORA,PADRAO_FORA,nome pequeno/sem regra: padrão conservador
Perdizes,JARDIM VERA CRUZ,22,"05029000, 05030000, 05030010, 05029010, 05030020",FORA,PADRAO_FORA,nome pequeno/sem regra: padrão conservador
Perdizes,PRUMADA ABSOLUT,22,05017020,FORA,PADRAO_FORA,nome pequeno/sem regra: padrão conservador
Perdizes,PRUMADA AUTHENTIC,22,05017020,FORA,PADRAO_FORA,nome pequeno/sem regra: padrão conservador
Perdizes,II SUB SOLO,22,05016081,FORA,PADRAO_FORA,nome pequeno/sem regra: padrão conservador
Pinheiros,VILA IDA,22,"05455002, 05455000, 05455010, 05455060, 05455020",FORA,PADRAO_FORA,nome pequeno/sem regra: padrão conservador
Tatuapé,C V DI ANALIA FRANCO,22,03414080,FORA,PADRAO_FORA,nome pequeno/sem regra: padrão conservador
Tatuapé,JD IV CENTENARIO,22,"03932000, 03930300, 03932010, 03932005, 03932040",FORA,PADRAO_FORA,nome pequeno/sem regra: padrão conservador
Tatuapé,VILA TEREZINHA,22,"03380070, 03380030, 03380050",FORA,PADRAO_FORA,nome pequeno/sem regra: padrão conservador
Vila Mariana,CD MARQUISE IBIRAPUERA,22,04008080,IGNORAR,AUTO_IGNORAR,
Vila Mariana,VILA CLEMENTINA,22,"04038002, 04022001, 04021050, 04038001, 04039002",FORA,PADRAO_FORA,nome pequeno/sem regra: padrão conservador
Bela Vista,VL NOVA CACHOEIRINHA,21,"02617000, 02617090, 02617020, 02617080, 02617070",FORA,PADRAO_FORA,nome pequeno/sem regra: padrão conservador
Ipiranga,VILA SANTA EULALIA,21,"04261000, 04261060, 04261070, 04261140, 04261100",FORA,PADRAO_FORA,nome pequeno/sem regra: padrão conservador
Ipiranga,JD FIRMIANO PINTO,21,"04124130, 04273000, 04124080, 04125010",FORA,PADRAO_FORA,nome pequeno/sem regra: padrão conservador
Ipiranga,BRASILIO MACHADO,21,"04288110, 04288080, 04288140, 04288090, 04288000",FORA,PADRAO_FORA,nome pequeno/sem regra: padrão conservador
Ipiranga,VILA ELISEO,21,"04294000, 04295001, 04296030, 04296000, 04286130",FORA,PADRAO_FORA,nome pequeno/sem regra: padrão conservador
Ipiranga,VL FIRMINIANO PINTO,21,"04125200, 04125010, 04273200, 04125070, 04125050",FORA,PADRAO_FORA,nome pequeno/sem regra: padrão conservador
Lapa,VILA VITORIO MAZZEI,21,"02409060, 02409040, 02409010, 02409000, 02409050",FORA,PADRAO_FORA,nome pequeno/sem regra: padrão conservador
Mooca,ALTO MOOCA-V.BERTIOGA,21,"03187010, 03188001",FORA,PADRAO_FORA,nome pequeno/sem regra: padrão conservador
Mooca,VL EMA,21,"03373000, 03373120, 03373075, 03373070, 03373125",FORA,PADRAO_FORA,nome pequeno/sem regra: padrão conservador
Perdizes,DUPLA,21,05017040,FORA,PADRAO_FORA,nome pequeno/sem regra: padrão conservador
Pompéia,V ANGLO BRASILEIRA,21,"05027000, 05027020, 05027060, 05027070, 05027100",FORA,PADRAO_FORA,nome pequeno/sem regra: padrão conservador
Tatuapé,VILA REG.FEIJO-TATUAPE,21,03335070,FORA,PADRAO_FORA,nome pequeno/sem regra: padrão conservador
Tatuapé,SIMPLES,21,03425040,FORA,PADRAO_FORA,nome pequeno/sem regra: padrão conservador
Tatuapé,JD. VL. FORMOSA,21,"03460110, 03460090, 03460000, 03460160",FORA,PADRAO_FORA,nome pequeno/sem regra: padrão conservador
Tatuapé,VA YORK,21,"03480000, 03480010, 03480030, 03480060, 03480100",FORA,PADRAO_FORA,nome pequeno/sem regra: padrão conservador
Tatuapé,VL GUARANI,21,"03380000, 03380220, 03376000, 03380260, 03380230",FORA,PADRAO_FORA,nome pequeno/sem regra: padrão conservador
Vila Gumercindo,VILA SIMOES,21,"04289030, 04289020, 04289070, 04289060, 04289010",FORA,PADRAO_FORA,nome pequeno/sem regra: padrão conservador
Vila Madalena,ALTO DOS PINHEIROS,21,"05450011, 05450010, 05449060, 05444010, 05449001",FORA,PADRAO_FORA,nome pequeno/sem regra: padrão conservador
Vila Madalena,TIPO A,21,05434020,FORA,PADRAO_FORA,nome pequeno/sem regra: padrão conservador
Vila Mariana,VMARIANA,21,"04105002, 04013042, 04011030, 04012060, 04011061",FORA,PADRAO_FORA,nome pequeno/sem regra: padrão conservador
Vila Mariana,ALA B - JEQUITIBA,21,04014020,IGNORAR,AUTO_IGNORAR,
Alto da Boa Vista,S AMARO,20,04734010,FORA,PADRAO_FORA,nome pequeno/sem regra: padrão conservador
Bela Vista,CAPELA DO SOCORRO,20,"04829080, 04829290, 04829300, 04829380, 04829410",FORA,PADRAO_FORA,nome pequeno/sem regra: padrão conservador
Campo Belo,PENTHOUSE CAMPO BELO,20,04609004,FORA,PADRAO_FORA,nome pequeno/sem regra: padrão conservador
Chácara Inglesa,CD PEDRA,20,04138030,IGNORAR,AUTO_IGNORAR,
Consolação,SETOR COMERCIAL,20,01301100,FORA,PADRAO_FORA,nome pequeno/sem regra: padrão conservador
Ibirapuera,PQ. JABAQUARA,20,"04355080, 04342090, 04342000, 04355010, 04342011",FORA,PADRAO_FORA,nome pequeno/sem regra: padrão conservador
Ipiranga,JD. CLIMAX,20,"04177410, 04177440, 04177420, 04177430, 04177210",FORA,PADRAO_FORA,nome pequeno/sem regra: padrão conservador
Ipiranga,TIPO B IPIRANGA,20,04216030,FORA,PADRAO_FORA,nome pequeno/sem regra: padrão conservador
Ipiranga,JARDIM MARISTELA,20,"04180900, 04180040, 04180140, 04180110, 04180080",FORA,PADRAO_FORA,nome pequeno/sem regra: padrão conservador
Ipiranga,PERADOR,20,"04177220, 04177240, 04177210",FORA,PADRAO_FORA,nome pequeno/sem regra: padrão conservador
Ipiranga,ARAGUATA,20,"04191220, 04191140, 04191300, 04191210, 04191190",FORA,PADRAO_FORA,nome pequeno/sem regra: padrão conservador
Lapa,VILA AURORA AGUA FRIA,20,02409030,FORA,PADRAO_FORA,nome pequeno/sem regra: padrão conservador
Mirandópolis,SAO JUDAS,20,"04045004, 04046400, 04045003",FORA,PADRAO_FORA,nome pequeno/sem regra: padrão conservador
Mooca,JARDIM ITALIA,20,"03192100, 03192080, 03192020, 03192070, 03195100",FORA,PADRAO_FORA,nome pequeno/sem regra: padrão conservador
Planalto Paulista,SAO JUDAS,20,"04307100, 04307060, 04070030, 04069030, 04069040",FORA,PADRAO_FORA,nome pequeno/sem regra: padrão conservador
Planalto Paulista,S JUDAS TADEU,20,04064005,FORA,PADRAO_FORA,nome pequeno/sem regra: padrão conservador
Pompéia,VILA ANGLO,20,"05027000, 05027020, 05027070, 05027080, 05027050",FORA,PADRAO_FORA,nome pequeno/sem regra: padrão conservador
Tatuapé,JD GUARA,20,03380160,FORA,PADRAO_FORA,nome pequeno/sem regra: padrão conservador
Vila Gumercindo,AGUA FUNDA,20,"04123011, 04133300, 04132002",FORA,PADRAO_FORA,nome pequeno/sem regra: padrão conservador
Vila Madalena,E DEP,20,05439010,FORA,PADRAO_FORA,nome pequeno/sem regra: padrão conservador
Vila Mariana,JD LUZITANIA,20,"04030000, 04030080, 04030010, 04030030, 04039034",FORA,PADRAO_FORA,nome pequeno/sem regra: padrão conservador
Bela Vista,-SOLO,19,01332905,FORA,PADRAO_FORA,nome pequeno/sem regra: padrão conservador
Bela Vista,JD. DAS IMBUIAS,19,"04829380, 04829400, 04829360, 04829180, 04829300",FORA,PADRAO_FORA,nome pequeno/sem regra: padrão conservador
Brooklin,JARDIM EDITH,19,"04562030, 04562080, 04571010, 04567003, 04567120",FORA,PADRAO_FORA,nome pequeno/sem regra: padrão conservador
Campo Belo,CONGONHAS,19,"04610005, 04613060, 04610080, 04609004, 04613000",FORA,PADRAO_FORA,nome pequeno/sem regra: padrão conservador
Campo Belo,TIPO C CAMPO BELO,19,04610010,FORA,PADRAO_FORA,nome pequeno/sem regra: padrão conservador
Campo Belo,VILA PATRIMONIAL,19,"04416130, 04416110, 04416310, 04416340, 04416120",FORA,PADRAO_FORA,nome pequeno/sem regra: padrão conservador
Consolação,ANHANGABAU,19,"01050070, 01050020, 01302902, 01046912, 01303902",FORA,PADRAO_FORA,nome pequeno/sem regra: padrão conservador
Ibirapuera,JD LUSITANIA,19,"04031120, 04031100, 04031010, 04032120, 04032110",FORA,PADRAO_FORA,nome pequeno/sem regra: padrão conservador
Ipiranga,VILA DOM PEDRO,19,"04269000, 04279030, 04277040, 04269040, 04275040",FORA,PADRAO_FORA,nome pequeno/sem regra: padrão conservador
Ipiranga,TIPO A IPIRANGA,19,04216030,FORA,PADRAO_FORA,nome pequeno/sem regra: padrão conservador
Itaim Bibi,AGEM,19,04531011,FORA,PADRAO_FORA,nome pequeno/sem regra: padrão conservador
Lapa,VILA ARGENTINA,19,"05054010, 05056000, 05056001, 05054030, 05061100",FORA,PADRAO_FORA,nome pequeno/sem regra: padrão conservador
Perdizes,VILA ANGLO,19,"05029000, 05028100, 05028060, 05030010, 05028090",FORA,PADRAO_FORA,nome pequeno/sem regra: padrão conservador
Planalto Paulista,PL PAULISTA,19,"04064030, 04065050, 04059000, 04064002, 04061002",FORA,PADRAO_FORA,nome pequeno/sem regra: padrão conservador
Tatuapé,SUBCONDOMINIO LOJAS,19,03305000,FORA,PADRAO_FORA,nome pequeno/sem regra: padrão conservador
Tatuapé,STA IZABEL,19,"03424020, 03432010",FORA,PADRAO_FORA,nome pequeno/sem regra: padrão conservador
Vila Gumercindo,ALTO DO IPIRANGA,19,"04133000, 04289120, 04131900, 04131000, 04132900",FORA,PADRAO_FORA,nome pequeno/sem regra: padrão conservador
Vila Madalena,V BEATRIZ,19,"05445050, 05445915, 05442070",FORA,PADRAO_FORA,nome pequeno/sem regra: padrão conservador
Vila Mariana,BOX,19,"04105061, 04011910",FORA,PADRAO_FORA,nome pequeno/sem regra: padrão conservador
Vila Mariana,JD AURELIA,19,"04118010, 04118060, 04118050, 04118020, 04118030",FORA,PADRAO_FORA,nome pequeno/sem regra: padrão conservador
Alto da Boa Vista,MAISON SAINT HONORE,18,04736040,FORA,PADRAO_FORA,nome pequeno/sem regra: padrão conservador
Bela Vista,BELAVISTA,18,"01308000, 01319070, 01313000, 01313020, 01332000",FORA,PADRAO_FORA,nome pequeno/sem regra: padrão conservador
Bela Vista,JARDIM BELA VISTA,18,"04829050, 02617000, 04829060, 04829080, 01308000",FORA,PADRAO_FORA,nome pequeno/sem regra: padrão conservador
Bela Vista,JD IMBUIAS,18,"04829290, 04829200, 04829180, 04829420, 04829400",FORA,PADRAO_FORA,nome pequeno/sem regra: padrão conservador
Brooklin,CD SAINT JAMES SPECIAL,18,04620001,IGNORAR,AUTO_IGNORAR,
Cambuci,VARZEA DO CARMO,18,"01518010, 01518020, 01519010, 01517030, 01518030",FORA,PADRAO_FORA,nome pequeno/sem regra: padrão conservador
Campo Belo,VL CONGONHAS,18,"04613030, 04624090, 04624002, 04624060, 04613010",FORA,PADRAO_FORA,nome pequeno/sem regra: padrão conservador
Campo Belo,JARDIM MIRIAM,18,"04416230, 04416200, 04416190, 04416180, 04416240",FORA,PADRAO_FORA,nome pequeno/sem regra: padrão conservador
Campo Belo,VL STA MARGARIDA,18,04416060,FORA,PADRAO_FORA,nome pequeno/sem regra: padrão conservador
Chácara Inglesa,CHC INGLEZA,18,"05141000, 05140000, 05140060, 05145200, 05141040",FORA,PADRAO_FORA,nome pequeno/sem regra: padrão conservador
Consolação,GALERIA METROPOLE,18,01043902,FORA,PADRAO_FORA,nome pequeno/sem regra: padrão conservador
Consolação,ARACUA,18,01221901,FORA,PADRAO_FORA,nome pequeno/sem regra: padrão conservador
Ipiranga,VILA BRASILIO MACHADO,18,"04273200, 04288110, 04288080, 04281000, 04280140",FORA,PADRAO_FORA,nome pequeno/sem regra: padrão conservador
Ipiranga,VL MORAES,18,"04162060, 04162900, 04152050, 04152000, 04162030",FORA,PADRAO_FORA,nome pequeno/sem regra: padrão conservador
Ipiranga,VILA VERMELHA,18,"04162900, 04296110, 04296113, 04295001, 04295030",FORA,PADRAO_FORA,nome pequeno/sem regra: padrão conservador
Ipiranga,JD MARISTELA,18,"04180900, 04180080, 04180090, 04180050, 04180110",FORA,PADRAO_FORA,nome pequeno/sem regra: padrão conservador
Itaim Bibi,AGE,18,04531011,FORA,PADRAO_FORA,nome pequeno/sem regra: padrão conservador
Jardim América,VAGAS-J AMERICA,18,01454902,FORA,PADRAO_FORA,nome pequeno/sem regra: padrão conservador
Jardim Paulistano,V. PRQ. PAULISTANO,18,08080190,FORA,PADRAO_FORA,nome pequeno/sem regra: padrão conservador
Jardim Paulistano,VL TEIXEIRA,18,08080360,FORA,PADRAO_FORA,nome pequeno/sem regra: padrão conservador
Jardim Paulistano,TORIA,18,"08080470, 08080480, 08080460, 08080030",FORA,PADRAO_FORA,nome pequeno/sem regra: padrão conservador
Lapa,BAIRRO SICILIANO,18,"05052000, 05052060, 05048010, 05052020, 05048000",FORA,PADRAO_FORA,nome pequeno/sem regra: padrão conservador
Lapa,CON ESPAZIO QUATTRO,18,05055010,FORA,PADRAO_FORA,nome pequeno/sem regra: padrão conservador
Lapa,VL IDA,18,"05454000, 05452000, 05454100, 05452060, 05452050",FORA,PADRAO_FORA,nome pequeno/sem regra: padrão conservador
Lapa,ARGARIDAS,18,05038090,FORA,PADRAO_FORA,nome pequeno/sem regra: padrão conservador
Lapa,AS ROSAS,18,05038090,FORA,PADRAO_FORA,nome pequeno/sem regra: padrão conservador
Perdizes,CAMPOS DA ESCOLASTIC,18,"01259000, 01259010, 05020010, 01259090, 01259070",FORA,PADRAO_FORA,nome pequeno/sem regra: padrão conservador
Perdizes,ALA JEQUITIBA,18,05004000,IGNORAR,AUTO_IGNORAR,
Perdizes,ALA PAINEIRAS,18,05004000,IGNORAR,AUTO_IGNORAR,
Planalto Paulista,JARDIM CECI,18,"04071050, 04070070, 04071045, 04071040, 04071020",FORA,PADRAO_FORA,nome pequeno/sem regra: padrão conservador
Tatuapé,TAUAPE,18,"03077040, 03064000, 03315000, 03305010, 03320000",FORA,PADRAO_FORA,nome pequeno/sem regra: padrão conservador
Tatuapé,TATUAPE - MAX HOUSE,18,03308030,FORA,PADRAO_FORA,nome pequeno/sem regra: padrão conservador
Tatuapé,VL SANTA ISABEL,18,"03432010, 03425040, 03432050, 03432000, 03424030",FORA,PADRAO_FORA,nome pequeno/sem regra: padrão conservador
Tatuapé,GRANVILLE I,18,03420000,FORA,PADRAO_FORA,nome pequeno/sem regra: padrão conservador
Vila Gumercindo,SETOR CORPORATIVO,18,04026040,FORA,PADRAO_FORA,nome pequeno/sem regra: padrão conservador
Vila Gumercindo,VL BRASILIO MACHADO,18,"04289120, 04289130, 04289000, 04289010, 04289137",FORA,PADRAO_FORA,nome pequeno/sem regra: padrão conservador
Vila Gumercindo,VILA MORAES,18,"04133300, 04132002",FORA,PADRAO_FORA,nome pequeno/sem regra: padrão conservador
Vila Madalena,VL JATAI,18,"05451010, 05451090, 05451070, 05451060, 05451020",FORA,PADRAO_FORA,nome pequeno/sem regra: padrão conservador
Vila Mariana,JARDIM LUSITANIA,18,"04030000, 04030040, 04030080, 04039034, 04039004",FORA,PADRAO_FORA,nome pequeno/sem regra: padrão conservador
Vila Nova Conceição,JL LIFE BY DESIGN,18,04508031,FORA,PADRAO_FORA,nome pequeno/sem regra: padrão conservador
Vila da Saúde,VILA SAUDE,18,"04144100, 04146051, 04144900, 04144020, 04143010",FORA,PADRAO_FORA,nome pequeno/sem regra: padrão conservador
Bela Vista,INE,17,01329900,FORA,PADRAO_FORA,nome pequeno/sem regra: padrão conservador
Bosque da Saúde,VL MORAIS,17,"04157110, 04157090, 04157050, 04157020, 04157000",FORA,PADRAO_FORA,nome pequeno/sem regra: padrão conservador
Chácara Santo Antônio,CHAC SAO LUIZ,17,"04716110, 04716050, 04716090, 04716070",FORA,PADRAO_FORA,nome pequeno/sem regra: padrão conservador
Consolação,STA IFIGENIA,17,"01210002, 01209010, 01210001, 01210000, 01209002",FORA,PADRAO_FORA,nome pequeno/sem regra: padrão conservador
Ibirapuera,PANAMBY,17,05706290,FORA,PADRAO_FORA,nome pequeno/sem regra: padrão conservador
Ibirapuera,SIMPLES,17,05687001,FORA,PADRAO_FORA,nome pequeno/sem regra: padrão conservador
Ipiranga,JD SAUDE,17,"04152030, 04152101, 04152000, 04152100, 04152130",FORA,PADRAO_FORA,nome pequeno/sem regra: padrão conservador
Ipiranga,VILA SANTO STEFANO,17,"04152100, 04152050, 04152101, 04152040, 04152110",FORA,PADRAO_FORA,nome pequeno/sem regra: padrão conservador
Ipiranga,VL CONDE DO PINHAL,17,"04254000, 04251020, 04253040, 04254010, 04254030",FORA,PADRAO_FORA,nome pequeno/sem regra: padrão conservador
Ipiranga,VL. ARAPUA,17,"04258050, 04258000, 04257145, 04258035, 04257050",FORA,PADRAO_FORA,nome pequeno/sem regra: padrão conservador
Ipiranga,PQ BRISTOL,17,"04177130, 04191200, 04191130, 04191270, 04191230",FORA,PADRAO_FORA,nome pequeno/sem regra: padrão conservador
Jardim da Glória,VL DEODORO,17,"01545010, 01545001, 01545000, 01546000, 01546010",FORA,PADRAO_FORA,nome pequeno/sem regra: padrão conservador
Jardim da Glória,VL GLORIA,17,"04114030, 04114010, 04114080, 04114060, 04114040",FORA,PADRAO_FORA,nome pequeno/sem regra: padrão conservador
Lapa,SIMPLES TIPO MEDIO,17,05058000,FORA,PADRAO_FORA,nome pequeno/sem regra: padrão conservador
Lapa,AS VIOLETAS,17,05038090,FORA,PADRAO_FORA,nome pequeno/sem regra: padrão conservador
Mirandópolis,MATR,17,04049050,FORA,PADRAO_FORA,nome pequeno/sem regra: padrão conservador
Mooca,PQ MOOCA,17,"03121030, 03124021, 03149000, 03195100, 03127000",FORA,PADRAO_FORA,nome pequeno/sem regra: padrão conservador
Perdizes,CHACARA ANDREA,17,05014020,FORA,PADRAO_FORA,nome pequeno/sem regra: padrão conservador
Perdizes,E BOXES,17,05013001,FORA,PADRAO_FORA,nome pequeno/sem regra: padrão conservador
Pinheiros,CID SAO FRANCISCO,17,"05352080, 05352090, 05352060, 05352070",FORA,PADRAO_FORA,nome pequeno/sem regra: padrão conservador
Tatuapé,CHACARA MAFALDA,17,"03375000, 03375005, 03375050, 03375060, 03375070",FORA,PADRAO_FORA,nome pequeno/sem regra: padrão conservador
Vila Gumercindo,VILA BRASILIO MACHAD,17,"04289070, 04289120, 04289130, 04289090, 04289060",FORA,PADRAO_FORA,nome pequeno/sem regra: padrão conservador
Vila Mariana,VCLEMENTINO,17,"04021020, 04023001, 04023000, 04019090, 04019060",FORA,PADRAO_FORA,nome pequeno/sem regra: padrão conservador
Vila Mariana,VL AFONSO CELSO,17,"04120150, 04119010, 04120060, 04120020, 04118080",FORA,PADRAO_FORA,nome pequeno/sem regra: padrão conservador
Alto da Boa Vista,GRANJA JULIETA,16,"04715020, 04738000, 04739900, 04715005, 04738900",FORA,PADRAO_FORA,nome pequeno/sem regra: padrão conservador
Bela Vista,SOLO CERQUEIRA CESAR,16,01419100,FORA,PADRAO_FORA,nome pequeno/sem regra: padrão conservador
Bosque da Saúde,JARDIM SAUDE,16,"04149120, 04150080, 04148000, 04149130, 04150900",FORA,PADRAO_FORA,nome pequeno/sem regra: padrão conservador
Brooklin,E DEP,16,04564001,FORA,PADRAO_FORA,nome pequeno/sem regra: padrão conservador
Cambuci,CD MAISON DU SOLEIL,16,01544010,IGNORAR,AUTO_IGNORAR,
Campo Belo,CAMPO BELO/IBIRAPUERA,16,"04618003, 04618032, 04618030, 04616001, 04616901",FORA,PADRAO_FORA,nome pequeno/sem regra: padrão conservador
Campo Belo,MONTE KEMEL,16,"05634160, 05634901, 05634050, 05634060, 05634902",FORA,PADRAO_FORA,nome pequeno/sem regra: padrão conservador
Consolação,LII,16,01209002,FORA,PADRAO_FORA,nome pequeno/sem regra: padrão conservador
Ibirapuera,JARDIM MORUMBI,16,"05687002, 05656000, 05656020, 05656010",FORA,PADRAO_FORA,nome pequeno/sem regra: padrão conservador
Indianópolis,VAGAS P/ MOTOS,16,04081903,FORA,PADRAO_FORA,nome pequeno/sem regra: padrão conservador
Indianópolis,CD VILLE ROYALE,16,04081006,IGNORAR,AUTO_IGNORAR,
Ipiranga,AGUA FUNDA,16,"04152000, 04316025, 04316020",FORA,PADRAO_FORA,nome pequeno/sem regra: padrão conservador
Ipiranga,TIPO P,16,"04316060, 04152080",FORA,PADRAO_FORA,nome pequeno/sem regra: padrão conservador
Itaim Bibi,ITAM BIBI,16,"04532082, 04530050, 04530906, 04531921, 01451010",FORA,PADRAO_FORA,nome pequeno/sem regra: padrão conservador
Itaim Bibi,STA,16,04530080,FORA,PADRAO_FORA,nome pequeno/sem regra: padrão conservador
Itaim Bibi,J. PAULISTA,16,04530080,FORA,PADRAO_FORA,nome pequeno/sem regra: padrão conservador
Jardim América,ALA TOCANTINS,16,05412003,IGNORAR,AUTO_IGNORAR,
Jardim Paulistano,ALA B,16,01457020,IGNORAR,AUTO_IGNORAR,
Jardim Paulistano,AIA,16,"08080570, 08080320",FORA,PADRAO_FORA,nome pequeno/sem regra: padrão conservador
Jardim Petrópolis,JARDIM CORDEIRO,16,"04639001, 04639030, 04639040",FORA,PADRAO_FORA,nome pequeno/sem regra: padrão conservador
Lapa,ALTO DE PINHEIRO,16,"05454010, 05458001, 05468140, 05458900, 05454000",FORA,PADRAO_FORA,nome pequeno/sem regra: padrão conservador
Lapa,TIPO A,16,05075030,FORA,PADRAO_FORA,nome pequeno/sem regra: padrão conservador
Lapa,RQUIDEAS,16,05038090,FORA,PADRAO_FORA,nome pequeno/sem regra: padrão conservador
Lapa,RISANTEMOS,16,05038090,FORA,PADRAO_FORA,nome pequeno/sem regra: padrão conservador
Mooca,JD GUANABARA,16,"03344090, 03346115",FORA,PADRAO_FORA,nome pequeno/sem regra: padrão conservador
Mooca,VL RIO BRANCO,16,"03349030, 03349000, 03349015, 03349045, 03344005",FORA,PADRAO_FORA,nome pequeno/sem regra: padrão conservador
Paraíso,IND SS,16,04002021,FORA,PADRAO_FORA,nome pequeno/sem regra: padrão conservador
Planalto Paulista,VL NOCA,16,"04072060, 04072030, 04072050, 04071070, 04071020",FORA,PADRAO_FORA,nome pequeno/sem regra: padrão conservador
Santa Cecília,STACECILIA,16,"01230020, 01230000, 01231000, 01224030, 01224900",FORA,PADRAO_FORA,nome pequeno/sem regra: padrão conservador
Santa Cecília,INDET,16,01225001,FORA,PADRAO_FORA,nome pequeno/sem regra: padrão conservador
Tatuapé,JD SAO JOSE,16,"03930310, 03930095, 03930100, 03930070",FORA,PADRAO_FORA,nome pequeno/sem regra: padrão conservador
Vila Gumercindo,VL SIMOES,16,"04289010, 04289030, 04289060, 04289050, 04289100",FORA,PADRAO_FORA,nome pequeno/sem regra: padrão conservador
Vila Madalena,P BOA VISTA V MADALENA,16,05451902,FORA,PADRAO_FORA,nome pequeno/sem regra: padrão conservador
Vila Madalena,TIPO B,16,05434020,FORA,PADRAO_FORA,nome pequeno/sem regra: padrão conservador
Vila Mariana,LOTEAMENTO,16,04030015,FORA,PADRAO_FORA,nome pequeno/sem regra: padrão conservador
Vila Mariana,VILA STA CATARINA,16,"04376070, 04376004, 04376040, 04376002, 04376006",FORA,PADRAO_FORA,nome pequeno/sem regra: padrão conservador
Vila Nova Conceição,BLOCOA,16,04509000,FORA,PADRAO_FORA,nome pequeno/sem regra: padrão conservador
Vila Olímpia,B E VG,16,04546003,FORA,PADRAO_FORA,nome pequeno/sem regra: padrão conservador
Alto da Boa Vista,JD STELLA,15,"04741110, 04741070",FORA,PADRAO_FORA,nome pequeno/sem regra: padrão conservador
Alto da Boa Vista,JD ESTRELA,15,"04741180, 04741190, 04741150, 04741178",FORA,PADRAO_FORA,nome pequeno/sem regra: padrão conservador
Bela Vista,DESCOBERTA,15,"01333001, 01306010",FORA,PADRAO_FORA,nome pequeno/sem regra: padrão conservador
Brooklin,BROKLIN NOVO,15,"04571010, 04703003, 04556300, 04559906, 04562000",FORA,PADRAO_FORA,nome pequeno/sem regra: padrão conservador
Brooklin,DUPLA,15,04564002,FORA,PADRAO_FORA,nome pequeno/sem regra: padrão conservador
Campo Belo,COB TIPO / A,15,04361050,FORA,PADRAO_FORA,nome pequeno/sem regra: padrão conservador
Chácara Inglesa,CHAC. INGLEZA,15,"05140140, 05140120, 05141020, 05141160, 05140060",FORA,PADRAO_FORA,nome pequeno/sem regra: padrão conservador
Chácara Inglesa,PRACA DA ARVORE,15,"04138001, 04141100, 04141001, 04138002, 04141070",FORA,PADRAO_FORA,nome pequeno/sem regra: padrão conservador
Consolação,CO A,15,"01046925, 01243000",FORA,PADRAO_FORA,nome pequeno/sem regra: padrão conservador
Consolação,L II,15,01209002,FORA,PADRAO_FORA,nome pequeno/sem regra: padrão conservador
Consolação,R BLII,15,01209002,FORA,PADRAO_FORA,nome pequeno/sem regra: padrão conservador
Ibirapuera,TIPO P/M,15,05625060,FORA,PADRAO_FORA,nome pequeno/sem regra: padrão conservador
Ibirapuera,JD MORUMBY,15,"05656050, 05656020, 05656040, 05654040, 05656030",FORA,PADRAO_FORA,nome pequeno/sem regra: padrão conservador
Ipiranga,VL. CARAGUATA,15,"04191140, 04191220, 04191200",FORA,PADRAO_FORA,nome pequeno/sem regra: padrão conservador
Ipiranga,RAGUATA,15,"04191150, 04191200, 04191140, 04191190, 04191170",FORA,PADRAO_FORA,nome pequeno/sem regra: padrão conservador
Itaim Bibi,ITAIM PAULISTA,15,"04537011, 04530050, 04532082, 04530051, 04531000",FORA,PADRAO_FORA,nome pequeno/sem regra: padrão conservador
Jardim América,ALA JAPURA,15,05412003,IGNORAR,AUTO_IGNORAR,
Jardim Paulista,JARDIN PAULISTA,15,"01425011, 01435040, 01435001, 01418100, 01404000",FORA,PADRAO_FORA,nome pequeno/sem regra: padrão conservador
Jardim Paulistano,ORIA,15,"08080480, 08080470, 08080460",FORA,PADRAO_FORA,nome pequeno/sem regra: padrão conservador
Lapa,SAN SIROO,15,05060030,FORA,PADRAO_FORA,nome pequeno/sem regra: padrão conservador
Lapa,OS JASMINS,15,05038090,FORA,PADRAO_FORA,nome pequeno/sem regra: padrão conservador
Mooca,MEDIAS,15,03175001,FORA,PADRAO_FORA,nome pequeno/sem regra: padrão conservador
Mooca,A DA MOOCA,15,"03183001, 03181050, 03181040, 03180150, 03185020",FORA,PADRAO_FORA,nome pequeno/sem regra: padrão conservador
Perdizes,AGE,15,05014900,FORA,PADRAO_FORA,nome pequeno/sem regra: padrão conservador
Pinheiros,ZZO,15,05424140,FORA,PADRAO_FORA,nome pequeno/sem regra: padrão conservador
Tatuapé,CHACARA TATUAPE,15,"03061030, 03061040, 03061010, 03065000, 03081015",FORA,PADRAO_FORA,nome pequeno/sem regra: padrão conservador
Tatuapé,GOMES CARDIM,15,"03321901, 03323040, 03307010, 03322000, 03320001",FORA,PADRAO_FORA,nome pequeno/sem regra: padrão conservador
Tatuapé,VAGAS,15,03321001,FORA,PADRAO_FORA,nome pequeno/sem regra: padrão conservador
Tatuapé,JARDIM NOVA CARRAO,15,"03908050, 03908000, 03908100, 03908220, 03908060",FORA,PADRAO_FORA,nome pequeno/sem regra: padrão conservador
Tatuapé,BAIRRO DO FONSECA,15,"03908220, 03908020, 03908150, 03908280",FORA,PADRAO_FORA,nome pequeno/sem regra: padrão conservador
Tatuapé,JD STO EDUARDO,15,"03475025, 03911015, 03380020, 03911020",FORA,PADRAO_FORA,nome pequeno/sem regra: padrão conservador
Tatuapé,VILA GUARANI,15,"03380220, 03380000, 03376000, 03380235, 03380200",FORA,PADRAO_FORA,nome pequeno/sem regra: padrão conservador
Tatuapé,VL REAL,15,"03380080, 03380100, 03380120, 03380110, 03380070",FORA,PADRAO_FORA,nome pequeno/sem regra: padrão conservador
Vila Mariana,CENTRO COMERCIAL,15,04101300,FORA,PADRAO_FORA,nome pequeno/sem regra: padrão conservador
Vila Mariana,JARDIM KLABIN,15,"04115000, 04116040",FORA,PADRAO_FORA,nome pequeno/sem regra: padrão conservador
Alto da Boa Vista,CHACARA PAINEIRAS,14,"04748020, 04748050, 04748060, 04748000",FORA,PADRAO_FORA,nome pequeno/sem regra: padrão conservador
Bela Vista,CEQUEIRA CESAR,14,"01310300, 01310920, 01308000, 01318000, 01333902",FORA,PADRAO_FORA,nome pequeno/sem regra: padrão conservador
Bela Vista,ANHANGABAU,14,"01312000, 01313901, 01049901, 01049905, 01049909",FORA,PADRAO_FORA,nome pequeno/sem regra: padrão conservador
Bela Vista,ARAGEM,14,"01310000, 01322000, 01311927, 01419001",FORA,PADRAO_FORA,nome pequeno/sem regra: padrão conservador
Bela Vista,TIPO PM,14,01329000,FORA,PADRAO_FORA,nome pequeno/sem regra: padrão conservador
Brooklin,VILA SANTA CATARINA,14,"04635001, 04635080, 04635010, 04634000, 04635000",FORA,PADRAO_FORA,nome pequeno/sem regra: padrão conservador
Brooklin,VILA TRAMONTANO,14,"05690050, 05690040, 05690010, 05690000, 05690030",FORA,PADRAO_FORA,nome pequeno/sem regra: padrão conservador
Campo Belo,DOUBLE  FLOOR,14,04619001,FORA,PADRAO_FORA,nome pequeno/sem regra: padrão conservador
Campo Belo,SIMPLES  CAMPO BELO,14,04618918,FORA,PADRAO_FORA,nome pequeno/sem regra: padrão conservador
Chácara Inglesa,CHACARA INGLEZA,14,"05145200, 05140060, 05141080, 05141140, 05140040",FORA,PADRAO_FORA,nome pequeno/sem regra: padrão conservador
Chácara Santo Antônio,CHACARA STOANTONIO,14,"04717003, 04711090, 04718001, 04716003, 04713030",FORA,PADRAO_FORA,nome pequeno/sem regra: padrão conservador
Ibirapuera,PARQUE REAL,14,05687000,FORA,PADRAO_FORA,nome pequeno/sem regra: padrão conservador
Indianópolis,MOTO,14,04516000,FORA,PADRAO_FORA,nome pequeno/sem regra: padrão conservador
Ipiranga,TIPO M,14,"04152080, 04316060",FORA,PADRAO_FORA,nome pequeno/sem regra: padrão conservador
Ipiranga,VILA ANCHIETA,14,"04249000, 04250000, 04250030, 04250020, 04250070",FORA,PADRAO_FORA,nome pequeno/sem regra: padrão conservador
Itaim Bibi,ITAIM BIB,14,"04534002, 04530050, 04536001, 04531904, 04531011",FORA,PADRAO_FORA,nome pequeno/sem regra: padrão conservador
Jardim América,ALA MAMORE,14,05412003,IGNORAR,AUTO_IGNORAR,
Jardim Paulista,ARAGE,14,"01404100, 01418002, 05401150",FORA,PADRAO_FORA,nome pequeno/sem regra: padrão conservador
Jardim Paulista,JARDIM PRIMAVERA,14,"01435030, 01428000, 01433000, 01435050, 01435060",FORA,PADRAO_FORA,nome pequeno/sem regra: padrão conservador
Jardim Paulista,AD   D JARDIM PAULISTA,14,01435030,FORA,PADRAO_FORA,nome pequeno/sem regra: padrão conservador
Jardim Paulistano,ALA C,14,01457020,IGNORAR,AUTO_IGNORAR,
Jardim Paulistano,SM PAULISTA,14,"08080030, 08080040, 08080650, 08080730",FORA,PADRAO_FORA,nome pequeno/sem regra: padrão conservador
Lapa,SAN SIRO,14,05060030,FORA,PADRAO_FORA,nome pequeno/sem regra: padrão conservador
Moema,PLTO PAULISTA,14,"04084060, 04078000, 04084100",FORA,PADRAO_FORA,nome pequeno/sem regra: padrão conservador
Perdizes,PERDISES,14,"01235000, 05013001, 05007000, 05438000, 01259030",FORA,PADRAO_FORA,nome pequeno/sem regra: padrão conservador
Perdizes,URBANIZADORA,14,"01252901, 05017040, 01252050, 01252030, 05012010",FORA,PADRAO_FORA,nome pequeno/sem regra: padrão conservador
Pinheiros,TIPO H DUPLA,14,05352903,FORA,PADRAO_FORA,nome pequeno/sem regra: padrão conservador
Pinheiros,VILA BEATRIZ,14,"05446900, 05446040, 05446010, 05446020, 05446030",FORA,PADRAO_FORA,nome pequeno/sem regra: padrão conservador
Planalto Paulista,AEROPORTO,14,"04071000, 04083900, 04072060, 04072080, 04071040",FORA,PADRAO_FORA,nome pequeno/sem regra: padrão conservador
Planalto Paulista,VILAGGIO,14,04083004,FORA,PADRAO_FORA,nome pequeno/sem regra: padrão conservador
Santa Cecília,SANTA CECILA,14,"01232010, 01232011, 01230010, 01229001, 01224020",FORA,PADRAO_FORA,nome pequeno/sem regra: padrão conservador
Santa Cecília,E DEPOS,14,01233001,FORA,PADRAO_FORA,nome pequeno/sem regra: padrão conservador
Tatuapé,APE,14,"03322901, 03412030",FORA,PADRAO_FORA,nome pequeno/sem regra: padrão conservador
Tatuapé,VL TUCURY,14,03411005,FORA,PADRAO_FORA,nome pequeno/sem regra: padrão conservador
Tatuapé,OVA YORK,14,"03480000, 03480010, 03480060",FORA,PADRAO_FORA,nome pequeno/sem regra: padrão conservador
Vila Gumercindo,JD SAUDE,14,"04132001, 04131080, 04131000, 04133200, 04289000",FORA,PADRAO_FORA,nome pequeno/sem regra: padrão conservador
Vila Madalena,PARQUE REBOUCAS,14,"05447010, 05448010, 05447000, 05447080, 05447030",FORA,PADRAO_FORA,nome pequeno/sem regra: padrão conservador
Vila Mariana,VILA MARINA,14,"04019000, 04012060, 04015902, 04016031, 04014002",FORA,PADRAO_FORA,nome pequeno/sem regra: padrão conservador
Vila Mariana,GARAGE,14,04013060,FORA,PADRAO_FORA,nome pequeno/sem regra: padrão conservador
Vila Mariana,JD KLABIN,14,04115000,FORA,PADRAO_FORA,nome pequeno/sem regra: padrão conservador
Alto da Boa Vista,CHAC SANTANA,13,04715000,FORA,PADRAO_FORA,nome pequeno/sem regra: padrão conservador
Alto da Boa Vista,CHACARA FLORA,13,"04642000, 04739060, 04740900, 04748000, 04740010",FORA,PADRAO_FORA,nome pequeno/sem regra: padrão conservador
Bela Vista,COBERTA,13,01333001,FORA,PADRAO_FORA,nome pequeno/sem regra: padrão conservador
Bela Vista,SOLO,13,"01419100, 01310933",FORA,PADRAO_FORA,nome pequeno/sem regra: padrão conservador
Bela Vista,CCEZAR,13,"01311931, 01310300",FORA,PADRAO_FORA,nome pequeno/sem regra: padrão conservador
Bela Vista,VISTA,13,"04829060, 04829070, 04829050, 04829010",FORA,PADRAO_FORA,nome pequeno/sem regra: padrão conservador
Bela Vista,JD DAS EMBUIAS,13,"04829450, 04829350, 04829300, 04829390, 04829280",FORA,PADRAO_FORA,nome pequeno/sem regra: padrão conservador
Bosque da Saúde,VILA SAUDE,13,"04145030, 04145020, 04145010, 04142020",FORA,PADRAO_FORA,nome pequeno/sem regra: padrão conservador
Brooklin,BROOKLIN P NOVO,13,"04557001, 04571220, 04565001, 04559012, 04558070",FORA,PADRAO_FORA,nome pequeno/sem regra: padrão conservador
Campo Belo,VILA CLARA,13,"04416280, 04416370, 04416340",FORA,PADRAO_FORA,nome pequeno/sem regra: padrão conservador
Consolação,GAR INF,13,01221010,FORA,PADRAO_FORA,nome pequeno/sem regra: padrão conservador
Ibirapuera,JD RECANTO DO MORUMBI,13,"05706340, 05706290, 05706310, 05706320, 05706300",FORA,PADRAO_FORA,nome pequeno/sem regra: padrão conservador
Indianópolis,TIPO B,13,"04085901, 04029200, 04087916",FORA,PADRAO_FORA,nome pequeno/sem regra: padrão conservador
Ipiranga,VL FIRMINO PINTO,13,"04125200, 04124120, 04125220, 04125130, 04125040",FORA,PADRAO_FORA,nome pequeno/sem regra: padrão conservador
Ipiranga,VL STO ESTEFANO,13,"04152101, 04152010, 04152000, 04152050, 04152100",FORA,PADRAO_FORA,nome pequeno/sem regra: padrão conservador
Jardim Paulistano,ALA A,13,01457020,IGNORAR,AUTO_IGNORAR,
Lapa,COLORS ALTO DA LAPA,13,05089030,FORA,PADRAO_FORA,nome pequeno/sem regra: padrão conservador
Lapa,CENTRAL PARQUE LAPA,13,"05065070, 05065080, 05065040, 05065060, 05038902",FORA,PADRAO_FORA,nome pequeno/sem regra: padrão conservador
Mooca,BRAZ,13,"03005010, 03164200, 03005000, 03005020, 03042001",FORA,PADRAO_FORA,nome pequeno/sem regra: padrão conservador
Perdizes,I SUB SOLO,13,05016081,FORA,PADRAO_FORA,nome pequeno/sem regra: padrão conservador
Pinheiros,PINEIROS,13,"05416010, 05404012, 05415050, 05404030, 05405250",FORA,PADRAO_FORA,nome pequeno/sem regra: padrão conservador
Pinheiros,ALTO PINHEIROS,13,"05465050, 05465070, 05459002, 05446020, 05463020",FORA,PADRAO_FORA,nome pequeno/sem regra: padrão conservador
Planalto Paulista,JARDIM CECY,13,"04070070, 04071045, 04071040, 04071050, 04071020",FORA,PADRAO_FORA,nome pequeno/sem regra: padrão conservador
Santa Cecília,SANTACECILIA,13,"01233001, 01232904, 01232001, 01226900, 01226001",FORA,PADRAO_FORA,nome pequeno/sem regra: padrão conservador
Sumaré,CAMPOS DA ESCOLASTIC,13,"01257040, 01257000, 01257090, 01257030, 01257080",FORA,PADRAO_FORA,nome pequeno/sem regra: padrão conservador
Tatuapé,VILA GOMES GARDIM,13,"03315000, 03317000, 03321901, 03322000, 03321001",FORA,PADRAO_FORA,nome pequeno/sem regra: padrão conservador
Tatuapé,VILA CARAO,13,"03431000, 03420040, 03447000, 03436000, 03425000",FORA,PADRAO_FORA,nome pequeno/sem regra: padrão conservador
Tatuapé,VILA ALZIRA,13,"03908030, 03908080, 03908180, 03908120, 03908210",FORA,PADRAO_FORA,nome pequeno/sem regra: padrão conservador
Tatuapé,B DO FONSECA,13,"03908010, 03908150, 03908020, 03908190, 03908240",FORA,PADRAO_FORA,nome pequeno/sem regra: padrão conservador
Tatuapé,VILA MATIAS,13,"03380020, 03380005, 03380120, 03380030, 03380140",FORA,PADRAO_FORA,nome pequeno/sem regra: padrão conservador
Vila Madalena,DUPLAS,13,05433010,FORA,PADRAO_FORA,nome pequeno/sem regra: padrão conservador
Vila da Saúde,PARQUE IMPERIAL,13,"04144001, 04144070, 04146000, 04144120",FORA,PADRAO_FORA,nome pequeno/sem regra: padrão conservador
Bela Vista,B CERQUEIRA CESAR,12,01311940,FORA,PADRAO_FORA,nome pequeno/sem regra: padrão conservador
Bosque da Saúde,PRACA DA ARVORE,12,"04135000, 04142081, 04142090, 04142010, 04142050",FORA,PADRAO_FORA,nome pequeno/sem regra: padrão conservador
Brooklin,BROKLIN PAULISTA,12,"04560010, 04704100, 04583010, 04559003, 04559907",FORA,PADRAO_FORA,nome pequeno/sem regra: padrão conservador
Brooklin,SUBSETOR EDUC A,12,04707000,FORA,PADRAO_FORA,nome pequeno/sem regra: padrão conservador
Brooklin,JD STO INACIO,12,"05690010, 05690020, 05690000, 05690040, 05690030",FORA,PADRAO_FORA,nome pequeno/sem regra: padrão conservador
Campo Belo,VILA MASCOTE,12,04361040,FORA,PADRAO_FORA,nome pequeno/sem regra: padrão conservador
Higienópolis,CO B,12,01239903,FORA,PADRAO_FORA,nome pequeno/sem regra: padrão conservador
Higienópolis,HIGIANOPOLIS,12,"01240020, 01240001, 01242001, 01241001, 01242000",FORA,PADRAO_FORA,nome pequeno/sem regra: padrão conservador
Ibirapuera,TIPO C,12,05625160,FORA,PADRAO_FORA,nome pequeno/sem regra: padrão conservador
Ibirapuera,JD LEONOR,12,"05654010, 05654000, 05654050, 05654040, 05654030",FORA,PADRAO_FORA,nome pequeno/sem regra: padrão conservador
Ibirapuera,REAL PARQUE MORUMBI,12,"05687010, 05687002, 05687901, 05687001",FORA,PADRAO_FORA,nome pequeno/sem regra: padrão conservador
Ipiranga,FIRMIANO PINTO,12,"04125040, 04273200, 04273100, 04125150, 04124150",FORA,PADRAO_FORA,nome pequeno/sem regra: padrão conservador
Ipiranga,JARDIM SAO MIGUEL,12,"04124120, 04124070, 04124080, 04124130, 04125210",FORA,PADRAO_FORA,nome pequeno/sem regra: padrão conservador
Ipiranga,E ORLAIR R B FILHO,12,04288020,FORA,PADRAO_FORA,nome pequeno/sem regra: padrão conservador
Ipiranga,JD MORGADO,12,"04244040, 04244060",FORA,PADRAO_FORA,nome pequeno/sem regra: padrão conservador
Itaim Bibi,CH ITAIM,12,"04543070, 01451010, 04530050, 04531931, 04537010",FORA,PADRAO_FORA,nome pequeno/sem regra: padrão conservador
Itaim Bibi,VL S FCO,12,"04705010, 04705080",FORA,PADRAO_FORA,nome pequeno/sem regra: padrão conservador
Jardim América,NA GARAGE,12,05409001,FORA,PADRAO_FORA,nome pequeno/sem regra: padrão conservador
Jardim América,CHACARA ITAIM,12,"01453905, 01453011, 01453030, 01453080, 01454000",FORA,PADRAO_FORA,nome pequeno/sem regra: padrão conservador
Jardim América,E DEP,12,01455010,FORA,PADRAO_FORA,nome pequeno/sem regra: padrão conservador
Jardim Paulista,JDPAULISTA,12,"01405100, 01406000, 01420001, 01403020, 01403010",FORA,PADRAO_FORA,nome pequeno/sem regra: padrão conservador
Jardim Paulista,SETOR ESCRITORIOS,12,01403001,FORA,PADRAO_FORA,nome pequeno/sem regra: padrão conservador
Jardim Paulista,O C,12,01408001,FORA,PADRAO_FORA,nome pequeno/sem regra: padrão conservador
Jardim Paulistano,QUEIRA,12,02816010,FORA,PADRAO_FORA,nome pequeno/sem regra: padrão conservador
Jardim Petrópolis,JD CORDEIRO,12,"04639030, 04639050, 04639001, 04638070, 04639040",FORA,PADRAO_FORA,nome pequeno/sem regra: padrão conservador
Jardim da Glória,NUC COL DA GLORIA,12,04114000,FORA,PADRAO_FORA,nome pequeno/sem regra: padrão conservador
Lapa,ALTO LAPA,12,"05054010, 05084020, 05083110, 05088000, 05080000",FORA,PADRAO_FORA,nome pequeno/sem regra: padrão conservador
Lapa,LEOPOLDINA,12,"05089000, 05302060, 05089120, 05302905, 05303010",FORA,PADRAO_FORA,nome pequeno/sem regra: padrão conservador
Lapa,VILA HAMBURGUEZA,12,"05305030, 05302020, 05303000, 05302041, 05302060",FORA,PADRAO_FORA,nome pequeno/sem regra: padrão conservador
Lapa,JD CALIFORNIA,12,"05454001, 05454010, 05061250, 05454060, 05454120",FORA,PADRAO_FORA,nome pequeno/sem regra: padrão conservador
Lapa,VL ANASTACIO,12,"05094010, 05077010, 05094000, 05077013",FORA,PADRAO_FORA,nome pequeno/sem regra: padrão conservador
Lapa,OS LIRIOS,12,05038090,FORA,PADRAO_FORA,nome pequeno/sem regra: padrão conservador
Moema,UBERABINHA,12,"04514000, 04514103, 04514030, 04514040, 04514100",FORA,PADRAO_FORA,nome pequeno/sem regra: padrão conservador
Mooca,PEQUENA,12,03175001,FORA,PADRAO_FORA,nome pequeno/sem regra: padrão conservador
Mooca,PQUE DA MOOCA,12,"03122060, 03125010, 03126007, 03184040, 03122000",FORA,PADRAO_FORA,nome pequeno/sem regra: padrão conservador
Mooca,ALTO  DA  MOOCA - CD,12,03349020,FORA,PADRAO_FORA,nome pequeno/sem regra: padrão conservador
Perdizes,VILA ANGLOBRASILEIRA,12,"05028060, 05029020, 05028140, 05030010, 05028110",FORA,PADRAO_FORA,nome pequeno/sem regra: padrão conservador
Perdizes,ESTACIONAMENTO,12,05002000,FORA,PADRAO_FORA,nome pequeno/sem regra: padrão conservador
Pinheiros,SP FASHION HALL,12,05429040,FORA,PADRAO_FORA,nome pequeno/sem regra: padrão conservador
Planalto Paulista,JD CECY,12,"04071040, 04071050, 04060003, 04072000, 04071020",FORA,PADRAO_FORA,nome pequeno/sem regra: padrão conservador
Planalto Paulista,JD CECI,12,"04071040, 04070070, 04071020, 04071045, 04071050",FORA,PADRAO_FORA,nome pequeno/sem regra: padrão conservador
Santa Cecília,CAMPOS ELIZEOS,12,"01206001, 01202001, 01215010, 01203000, 01206902",FORA,PADRAO_FORA,nome pequeno/sem regra: padrão conservador
Tatuapé,CH PRQ CARRAO,12,"03311000, 03311900, 03314000",FORA,PADRAO_FORA,nome pequeno/sem regra: padrão conservador
Tatuapé,VILA SANTO ESTEVAM,12,"03411090, 03420040, 03325070, 03412080, 03410060",FORA,PADRAO_FORA,nome pequeno/sem regra: padrão conservador
Tatuapé,JD HAYA DO CARRAO,12,03471000,FORA,PADRAO_FORA,nome pequeno/sem regra: padrão conservador
Tatuapé,JD SANTA MARIA,12,"03930040, 03930050, 03480060, 03480080, 03930310",FORA,PADRAO_FORA,nome pequeno/sem regra: padrão conservador
Tatuapé,JD CARVALHO,12,"03911020, 03911060, 03911120",FORA,PADRAO_FORA,nome pequeno/sem regra: padrão conservador
Vila Mariana,VL CLEMENTINA,12,"04025002, 04025901, 04044020, 04037003, 04038032",FORA,PADRAO_FORA,nome pequeno/sem regra: padrão conservador
Vila da Saúde,JD SAUDE,12,"04146020, 04146051, 04144900, 04146903, 04146050",FORA,PADRAO_FORA,nome pequeno/sem regra: padrão conservador
Alto da Boa Vista,JARDIM BELA VISTA,11,"04742040, 04742050, 04742130, 04736002, 04736000",FORA,PADRAO_FORA,nome pequeno/sem regra: padrão conservador
Alto da Boa Vista,VILA INGLESA,11,04735001,FORA,PADRAO_FORA,nome pequeno/sem regra: padrão conservador
Alto da Boa Vista,R PROFA LUCINDA ALVES,11,04642000,FORA,PADRAO_FORA,nome pequeno/sem regra: padrão conservador
Alto da Boa Vista,R DR FERNANDO JORGE,11,04642000,FORA,PADRAO_FORA,nome pequeno/sem regra: padrão conservador
Bela Vista,TIPO P,11,01329000,FORA,PADRAO_FORA,nome pequeno/sem regra: padrão conservador
Bela Vista,ESTACIONAMENTO,11,"01308010, 01323000",FORA,PADRAO_FORA,nome pequeno/sem regra: padrão conservador
Bela Vista,MANGALOT,11,"05132900, 05132130, 05132000, 05132230, 05132180",FORA,PADRAO_FORA,nome pequeno/sem regra: padrão conservador
Bela Vista,JD. UNIVERSITARIO,11,"04829310, 04829320",FORA,PADRAO_FORA,nome pequeno/sem regra: padrão conservador
Brooklin,JD MORUMBI,11,"05690080, 04571160, 04703004, 04571170",FORA,PADRAO_FORA,nome pequeno/sem regra: padrão conservador
Brooklin,VILA CARMEN,11,"04623050, 04637020, 04637041, 04637042, 04637090",FORA,PADRAO_FORA,nome pequeno/sem regra: padrão conservador
Brooklin,JARDIM ALICE,11,"04623100, 04623110, 04623140, 04635071, 04623130",FORA,PADRAO_FORA,nome pequeno/sem regra: padrão conservador
Campo Belo,CAMPOBELO,11,"04618919, 04601908, 04614903, 04606000, 04617908",FORA,PADRAO_FORA,nome pequeno/sem regra: padrão conservador
Campo Belo,SIMPLES    CAMPO BELO,11,04618918,FORA,PADRAO_FORA,nome pequeno/sem regra: padrão conservador
Campo Belo,VL. CAMPO BELO,11,"05634020, 05634050, 05634902, 05634130, 05634070",FORA,PADRAO_FORA,nome pequeno/sem regra: padrão conservador
Campo Belo,JD MIRIAM,11,"04416200, 04416180, 04416230, 04416160, 04416320",FORA,PADRAO_FORA,nome pequeno/sem regra: padrão conservador
Campo Belo,JD VILAS BOAS,11,"04416080, 04416090, 04416070",FORA,PADRAO_FORA,nome pequeno/sem regra: padrão conservador
Campo Belo,REAL PARQUE MORUMBI,11,"05684020, 05684010, 05684900, 05684901, 05684000",FORA,PADRAO_FORA,nome pequeno/sem regra: padrão conservador
Consolação,UMA,11,01221901,FORA,PADRAO_FORA,nome pequeno/sem regra: padrão conservador
Consolação,CERQUEIRA CEAR,11,01414000,FORA,PADRAO_FORA,nome pequeno/sem regra: padrão conservador
Higienópolis,CO A,11,01239903,FORA,PADRAO_FORA,nome pequeno/sem regra: padrão conservador
Ibirapuera,JD. CORDEIRO,11,"04640230, 04640050, 04640110, 04640000, 04640052",FORA,PADRAO_FORA,nome pequeno/sem regra: padrão conservador
Ibirapuera,JD. COLOMBO,11,"05625900, 05625001, 05625170, 05625100, 05625000",FORA,PADRAO_FORA,nome pequeno/sem regra: padrão conservador
Indianópolis,VILA HELENA,11,"04515902, 04085001, 04515000, 04520907, 04515010",FORA,PADRAO_FORA,nome pequeno/sem regra: padrão conservador
Indianópolis,INTERMEDIARIO,11,04087905,FORA,PADRAO_FORA,nome pequeno/sem regra: padrão conservador
Ipiranga,CD RESERVA IPIRANGA,11,04207000,IGNORAR,AUTO_IGNORAR,
Ipiranga,VILA FIRMINIANO PINT,11,"04125040, 04125010, 04273200, 04124150, 04124130",FORA,PADRAO_FORA,nome pequeno/sem regra: padrão conservador
Ipiranga,FONGARO,11,"04256090, 04256177",FORA,PADRAO_FORA,nome pequeno/sem regra: padrão conservador
Itaim Bibi,ITAIM / JD PAULISTA,11,"04536001, 04533005, 04542000, 01451010, 04536070",FORA,PADRAO_FORA,nome pequeno/sem regra: padrão conservador
Itaim Bibi,J PAULISTA,11,04530080,FORA,PADRAO_FORA,nome pequeno/sem regra: padrão conservador
Jardim Paulista,URUS,11,01403010,FORA,PADRAO_FORA,nome pequeno/sem regra: padrão conservador
Jardim Paulistano,PQ REAL,11,"08080650, 08080570",FORA,PADRAO_FORA,nome pequeno/sem regra: padrão conservador
Jardim Paulistano,PRQ. PAULISTANO,11,"08080220, 08080190, 08080080, 08080600, 08080100",FORA,PADRAO_FORA,nome pequeno/sem regra: padrão conservador
Jardim Paulistano,ULISTANO,11,"02814040, 02814000, 08080110, 08080360, 02812100",FORA,PADRAO_FORA,nome pequeno/sem regra: padrão conservador
Lapa,PQ DA LAPA,11,"05083020, 05303100, 05305040, 05302050, 05305031",FORA,PADRAO_FORA,nome pequeno/sem regra: padrão conservador
Lapa,TIPO B,11,05075030,FORA,PADRAO_FORA,nome pequeno/sem regra: padrão conservador
Lapa,ULIPAS,11,05038090,FORA,PADRAO_FORA,nome pequeno/sem regra: padrão conservador
Moema,SOBRESOLO,11,04078011,FORA,PADRAO_FORA,nome pequeno/sem regra: padrão conservador
Mooca,MOCCA,11,"03166001, 03102005, 03105120, 03118000, 03111020",FORA,PADRAO_FORA,nome pequeno/sem regra: padrão conservador
Mooca,PRQ MOOCA,11,"03125045, 03125055, 03118030, 03122900, 03124010",FORA,PADRAO_FORA,nome pequeno/sem regra: padrão conservador
Mooca,VILA EMA,11,"03373050, 03373000, 03373080, 03344000",FORA,PADRAO_FORA,nome pequeno/sem regra: padrão conservador
Mooca,CHAC. MAFALDA,11,"03372010, 03372020, 03373010, 03373015, 03373070",FORA,PADRAO_FORA,nome pequeno/sem regra: padrão conservador
Perdizes,PRUMADA ADVANCED,11,05017020,FORA,PADRAO_FORA,nome pequeno/sem regra: padrão conservador
Pinheiros,CID. SAO FRANCISCO,11,05352080,FORA,PADRAO_FORA,nome pequeno/sem regra: padrão conservador
Santa Cecília,VLBUARQUE,11,01226030,FORA,PADRAO_FORA,nome pequeno/sem regra: padrão conservador
Santa Cecília,SATA CECILIA,11,"01211100, 01214000, 01203003",FORA,PADRAO_FORA,nome pequeno/sem regra: padrão conservador
Tatuapé,TAUTAPE,11,"03310000, 03407005, 03080900, 03309000, 03323040",FORA,PADRAO_FORA,nome pequeno/sem regra: padrão conservador
Tatuapé,VILA TALARICO,11,"03514002, 03514003, 03514001",FORA,PADRAO_FORA,nome pequeno/sem regra: padrão conservador
Tatuapé,PENHA DE FRANCA,11,"03090020, 03090050, 03090040",FORA,PADRAO_FORA,nome pequeno/sem regra: padrão conservador
Tatuapé,NIETA,11,"03474000, 03475150, 03474060, 03474055, 03475110",FORA,PADRAO_FORA,nome pequeno/sem regra: padrão conservador
Tatuapé,JD NOVO CARRAO,11,"03908100, 03908000, 03908170, 03908090, 03908250",FORA,PADRAO_FORA,nome pequeno/sem regra: padrão conservador
Tatuapé,JARDIM DAS ROSAS,11,"03907010, 03907030, 03908160, 03907060, 03907000",FORA,PADRAO_FORA,nome pequeno/sem regra: padrão conservador
Tatuapé,CRISTOVAO,11,"03930000, 03930090, 03930070, 03930080",FORA,PADRAO_FORA,nome pequeno/sem regra: padrão conservador
Vila Mariana,ANA ROSA,11,"04015001, 04010100, 04010903, 04014010, 04107021",FORA,PADRAO_FORA,nome pequeno/sem regra: padrão conservador
Vila Mariana,CHACARA KLABIM,11,"04116260, 04116180, 04115000, 04116250, 04116220",FORA,PADRAO_FORA,nome pequeno/sem regra: padrão conservador
Vila Mariana,JD LUSITANIA,11,"04030000, 04039034, 04030040",FORA,PADRAO_FORA,nome pequeno/sem regra: padrão conservador
Vila Nova Conceição,DEP,11,04508031,IGNORAR,AUTO_IGNORAR,
Alto da Boa Vista,JD BELA VISTA,10,"04742040, 04741011, 04741001, 04736002, 04742060",FORA,PADRAO_FORA,nome pequeno/sem regra: padrão conservador
Bela Vista,CERQUEIRA CESAR   CD,10,01310200,FORA,PADRAO_FORA,nome pequeno/sem regra: padrão conservador
Bosque da Saúde,V MORAES,10,"04157020, 04157090, 04157000, 04157110",FORA,PADRAO_FORA,nome pequeno/sem regra: padrão conservador
Bosque da Saúde,TIPO B,10,04135000,FORA,PADRAO_FORA,nome pequeno/sem regra: padrão conservador
Brooklin,VILA CARMEM,10,"04637042, 04637001, 04637050, 04637041, 04637020",FORA,PADRAO_FORA,nome pequeno/sem regra: padrão conservador
Campo Belo,TRAICAO,10,"04617001, 04618030, 04613003, 04624033",FORA,PADRAO_FORA,nome pequeno/sem regra: padrão conservador
Campo Belo,VG - CAMPO BELO,10,04606003,FORA,PADRAO_FORA,nome pequeno/sem regra: padrão conservador
Campo Belo,DUPLAS   CAMPO BELO,10,"04618918, 04618003",FORA,PADRAO_FORA,nome pequeno/sem regra: padrão conservador
Campo Belo,JARDIM VILAS BOAS,10,"04416080, 04416070, 04416000, 04416130, 04416090",FORA,PADRAO_FORA,nome pequeno/sem regra: padrão conservador
Chácara Santo Antônio,CHACARA SAO LUIZ,10,"04716050, 04716070, 04716090, 04716080",FORA,PADRAO_FORA,nome pequeno/sem regra: padrão conservador
Consolação,GAR SUP,10,01221010,FORA,PADRAO_FORA,nome pequeno/sem regra: padrão conservador
Consolação,AROUCHE,10,"01219011, 01219010, 01219000, 01221001, 01210010",FORA,PADRAO_FORA,nome pequeno/sem regra: padrão conservador
Consolação,NA GARAGE,10,"01307000, 01415004, 01307909",FORA,PADRAO_FORA,nome pequeno/sem regra: padrão conservador
Consolação,ETO,10,01416906,FORA,PADRAO_FORA,nome pequeno/sem regra: padrão conservador
Higienópolis,HIGIENOPLIS,10,"01240001, 01240000, 01238000, 01238010, 01240020",FORA,PADRAO_FORA,nome pequeno/sem regra: padrão conservador
Ibirapuera,VL MORUMBI,10,"05654040, 05686040, 05686001, 05687901, 05687001",FORA,PADRAO_FORA,nome pequeno/sem regra: padrão conservador
Ibirapuera,ORUMBI,10,"05706290, 05706310, 05656050, 05656030, 05706280",FORA,PADRAO_FORA,nome pequeno/sem regra: padrão conservador
Indianópolis,E VAGAS,10,04522033,FORA,PADRAO_FORA,nome pequeno/sem regra: padrão conservador
Indianópolis,CD ILE SAINT LOUIS,10,04090030,IGNORAR,AUTO_IGNORAR,
Ipiranga,IGUACU,10,04207909,FORA,PADRAO_FORA,nome pequeno/sem regra: padrão conservador
Ipiranga,JD. MARIA ESTELA,10,"04180090, 04180080, 04180030, 04180110, 04180050",FORA,PADRAO_FORA,nome pequeno/sem regra: padrão conservador
Ipiranga,JD STO ACURSINO,10,"04177170, 04177270",FORA,PADRAO_FORA,nome pequeno/sem regra: padrão conservador
Itaim Bibi,TRIPLEX,10,"04542080, 04542001, 04543070, 04542012",FORA,PADRAO_FORA,nome pequeno/sem regra: padrão conservador
Jardim América,V,10,01489900,FORA,PADRAO_FORA,nome pequeno/sem regra: padrão conservador
Jardim Paulista,CER CESAR,10,"05401100, 01420000, 01404000",FORA,PADRAO_FORA,nome pequeno/sem regra: padrão conservador
Jardim Paulista,CERQUIRA CESAR,10,"01409001, 01411001, 01420001, 05401000, 01424007",FORA,PADRAO_FORA,nome pequeno/sem regra: padrão conservador
Jardim Paulista,RUS,10,01403010,FORA,PADRAO_FORA,nome pequeno/sem regra: padrão conservador
Jardim Paulistano,VL PRQ PAULISTANO,10,"08080740, 08080100, 08080030, 08080710, 08080500",FORA,PADRAO_FORA,nome pequeno/sem regra: padrão conservador
Lapa,CD. VILLA,10,05048000,FORA,PADRAO_FORA,nome pequeno/sem regra: padrão conservador
Lapa,VILA ANGLO BRASILEIR,10,"05061150, 05061050, 05053060, 05053000, 05054170",FORA,PADRAO_FORA,nome pequeno/sem regra: padrão conservador
Mooca,A MOOCA,10,"03168060, 03188060, 03184080, 03190140, 03128030",FORA,PADRAO_FORA,nome pequeno/sem regra: padrão conservador
Mooca,VAGAS,10,03124070,FORA,PADRAO_FORA,nome pequeno/sem regra: padrão conservador
Mooca,VL. DIVA,10,"03373075, 03373000, 03373073, 03373015, 03373033",FORA,PADRAO_FORA,nome pequeno/sem regra: padrão conservador
Pinheiros,CHACARA ITAIM,10,"04538083, 04538082, 04538900",FORA,PADRAO_FORA,nome pequeno/sem regra: padrão conservador
Santa Cecília,STA IFIGENIA,10,"01214000, 01205000, 01206001, 01218020, 01206000",FORA,PADRAO_FORA,nome pequeno/sem regra: padrão conservador
Santa Cecília,CAMPO ELISEOS,10,"01202002, 01202001, 01201040, 01215010, 01215001",FORA,PADRAO_FORA,nome pequeno/sem regra: padrão conservador
Tatuapé,VL AZEVEDO,10,"03308070, 03308060, 03067010, 03308050, 03306020",FORA,PADRAO_FORA,nome pequeno/sem regra: padrão conservador
Tatuapé,VL MARGARIDA,10,"03522030, 03522050, 03522020, 03522000",FORA,PADRAO_FORA,nome pequeno/sem regra: padrão conservador
Tatuapé,JD IMPERADOR,10,"03908055, 03907060, 03907010, 03480080",FORA,PADRAO_FORA,nome pequeno/sem regra: padrão conservador
Tatuapé,VL MATIAS,10,"03380070, 03380030, 03380000, 03380090, 03380080",FORA,PADRAO_FORA,nome pequeno/sem regra: padrão conservador
Vila Mariana,MORRO DA ACLIMACAO,10,"04107021, 04105060, 04105003, 04107020, 04108020",FORA,PADRAO_FORA,nome pequeno/sem regra: padrão conservador
Vila Mariana,VILAMARIANA,10,"04012060, 04011060, 04011061, 04015050, 04019070",FORA,PADRAO_FORA,nome pequeno/sem regra: padrão conservador
Vila Mariana,AGA,10,04023000,FORA,PADRAO_FORA,nome pequeno/sem regra: padrão conservador
Vila Mariana,JD GLORIA,10,"04111001, 04113041, 04113140, 04113040, 04115100",FORA,PADRAO_FORA,nome pequeno/sem regra: padrão conservador
Vila Mariana,TIPO B,10,04120080,FORA,PADRAO_FORA,nome pequeno/sem regra: padrão conservador
Vila Mariana,ESPACO VILA MARIANA,10,04119060,FORA,PADRAO_FORA,nome pequeno/sem regra: padrão conservador
Vila Olímpia,A BLI,10,04550900,FORA,PADRAO_FORA,nome pequeno/sem regra: padrão conservador
Vila da Saúde,VILA DO BOSQUE,10,"04144020, 04146100, 04144900, 04146090, 04143000",FORA,PADRAO_FORA,nome pequeno/sem regra: padrão conservador
Bela Vista,S,9,"01306010, 01327000, 01311200, 01321903",FORA,PADRAO_FORA,nome pequeno/sem regra: padrão conservador
Bela Vista,JARDIM DAS CAMELIAS,9,"04829260, 04829240, 04829270",FORA,PADRAO_FORA,nome pequeno/sem regra: padrão conservador
Bosque da Saúde,VL SAUDE,9,"04145020, 04145010, 04145000, 04145030",FORA,PADRAO_FORA,nome pequeno/sem regra: padrão conservador
Brooklin,BROOLKIN,9,"04570000, 04558000",FORA,PADRAO_FORA,nome pequeno/sem regra: padrão conservador
Brooklin,HIPICA PAULISTA,9,"04568002, 04569000, 04558070, 04563062, 04562050",FORA,PADRAO_FORA,nome pequeno/sem regra: padrão conservador
Cambuci,ACLIMCAO,9,"01526000, 01534001, 01530010, 01536000, 01534020",FORA,PADRAO_FORA,nome pequeno/sem regra: padrão conservador
Campo Belo,VL INDEPENDENCIA,9,"04614010, 04605907, 04601041, 04603003, 04601042",FORA,PADRAO_FORA,nome pequeno/sem regra: padrão conservador
Campo Belo,VILA SANTA CATARINA,9,"04361130, 04361000, 04361090, 04361110",FORA,PADRAO_FORA,nome pequeno/sem regra: padrão conservador
Chácara Santo Antônio,CHC STO ANTONIO,9,"04713001, 04711030, 04711020, 04718010, 04717020",FORA,PADRAO_FORA,nome pequeno/sem regra: padrão conservador
Chácara Santo Antônio,CHACARA SAO LUIS,9,"04716090, 04716050, 04716110",FORA,PADRAO_FORA,nome pequeno/sem regra: padrão conservador
Consolação,CONSOLCAO,9,"01303040, 01303902, 01303020, 01303010, 01303050",FORA,PADRAO_FORA,nome pequeno/sem regra: padrão conservador
Consolação,E BOX,9,"01307001, 01219010, 01305000",FORA,PADRAO_FORA,nome pequeno/sem regra: padrão conservador
Consolação,BELA CINTRA,9,"01415004, 01415909, 01415006, 01415000, 01415001",FORA,PADRAO_FORA,nome pequeno/sem regra: padrão conservador
Ibirapuera,JARDIM VIANA,9,"05654010, 05654000, 05654020",FORA,PADRAO_FORA,nome pequeno/sem regra: padrão conservador
Ibirapuera,FAZENDA MORUMBI,9,"05656010, 05656020, 05656040, 05656000, 05656030",FORA,PADRAO_FORA,nome pequeno/sem regra: padrão conservador
Indianópolis,PLTO PAULISTA,9,"04082005, 04057000, 04079011, 04085002, 04085031",FORA,PADRAO_FORA,nome pequeno/sem regra: padrão conservador
Ipiranga,VILA NAIR  IPIRANGA,9,"04281040, 04267030, 04280030, 04281060, 04281110",FORA,PADRAO_FORA,nome pequeno/sem regra: padrão conservador
Ipiranga,V FIRMINIANO PINTO,9,"04125010, 04273100, 04124030, 04124130, 04124150",FORA,PADRAO_FORA,nome pequeno/sem regra: padrão conservador
Ipiranga,VILA STO ESTEFANO,9,"04152101, 04152100, 04152020, 04152010, 04152080",FORA,PADRAO_FORA,nome pequeno/sem regra: padrão conservador
Ipiranga,VL ELISIO,9,"04294000, 04296000, 04296080, 04296030, 04296050",FORA,PADRAO_FORA,nome pequeno/sem regra: padrão conservador
Ipiranga,VL SACOMAN,9,"04253000, 04254000, 04286040, 04253005, 04232000",FORA,PADRAO_FORA,nome pequeno/sem regra: padrão conservador
Ipiranga,VILA SACOMAN,9,"04253000, 04253050, 04248050, 04248060, 04252040",FORA,PADRAO_FORA,nome pequeno/sem regra: padrão conservador
Ipiranga,COBERTA,9,04273200,FORA,PADRAO_FORA,nome pequeno/sem regra: padrão conservador
Ipiranga,JD INDEPENDENCIA,9,"04241000, 04240000, 04240900, 04240210, 04212020",FORA,PADRAO_FORA,nome pequeno/sem regra: padrão conservador
Ipiranga,VL CRISTALIA,9,"04244070, 04257230, 04257250, 04244000",FORA,PADRAO_FORA,nome pequeno/sem regra: padrão conservador
Ipiranga,JD STO ANTONIO,9,"04177030, 04177000, 04177010, 04177020",FORA,PADRAO_FORA,nome pequeno/sem regra: padrão conservador
Itaim Bibi,E BOX ARMARIO,9,04531080,FORA,PADRAO_FORA,nome pequeno/sem regra: padrão conservador
Itaim Bibi,E DP,9,04533050,IGNORAR,AUTO_IGNORAR,
Jardim América,SETOR COMERCIAL,9,"05409011, 05410002, 05412001",FORA,PADRAO_FORA,nome pequeno/sem regra: padrão conservador
Jardim Paulista,JPAULISTA,9,"01424004, 01425010, 01428000, 01405100, 01408001",FORA,PADRAO_FORA,nome pequeno/sem regra: padrão conservador
Jardim Paulista,CO D,9,01408001,FORA,PADRAO_FORA,nome pequeno/sem regra: padrão conservador
Jardim Paulista,PASSAGEM VILA FLORA,9,01402002,FORA,PADRAO_FORA,nome pequeno/sem regra: padrão conservador
Lapa,VILA ROMANA  LAPA,9,"05043020, 05044050, 05042000, 05045000, 05047050",FORA,PADRAO_FORA,nome pequeno/sem regra: padrão conservador
Mirandópolis,DUPLA TIPO B,9,04042004,FORA,PADRAO_FORA,nome pequeno/sem regra: padrão conservador
Mooca,VL CLAUDIA,9,"03181050, 03181020, 03180090, 03165050, 03178040",FORA,PADRAO_FORA,nome pequeno/sem regra: padrão conservador
Mooca,PQE DA MOOCA,9,"03127040, 03121040, 03121020, 03124020, 03125080",FORA,PADRAO_FORA,nome pequeno/sem regra: padrão conservador
Mooca,FLOWER GARDEN,9,03186010,FORA,PADRAO_FORA,nome pequeno/sem regra: padrão conservador
Paraíso,MORRO DA ACLIMACAO,9,"04109120, 04109060, 04103030, 04109070, 04109080",FORA,PADRAO_FORA,nome pequeno/sem regra: padrão conservador
Perdizes,VL ANGLO BRASILEIRO,9,"05029040, 05438300, 05028090, 05028100, 05029010",FORA,PADRAO_FORA,nome pequeno/sem regra: padrão conservador
Perdizes,CAMPO DA ESCOLASTICA,9,"01259000, 01259010, 05020010, 01258020, 05012010",FORA,PADRAO_FORA,nome pequeno/sem regra: padrão conservador
Perdizes,PERDIZEZ,9,"05014000, 05013001, 05010000, 05016000, 05018000",FORA,PADRAO_FORA,nome pequeno/sem regra: padrão conservador
Santa Cecília,SANTA CECLIA,9,"01233001, 01230902, 01226000, 01211101, 01215001",FORA,PADRAO_FORA,nome pequeno/sem regra: padrão conservador
Tatuapé,TATUPE,9,"03401001, 03066000, 03314030, 03323020, 03336000",FORA,PADRAO_FORA,nome pequeno/sem regra: padrão conservador
Tatuapé,REGENTE FEIJO,9,"03333000, 03333010, 03342000, 03334050, 03334020",FORA,PADRAO_FORA,nome pequeno/sem regra: padrão conservador
Tatuapé,VILA REG FEIJO,9,"03375190, 03342000, 03342010, 03335130",FORA,PADRAO_FORA,nome pequeno/sem regra: padrão conservador
Tatuapé,VILA REG FEIJO TATUAPE,9,03335070,FORA,PADRAO_FORA,nome pequeno/sem regra: padrão conservador
Tatuapé,VL SANTA IZABEL,9,"03432010, 03425050, 03432080, 03424040, 03432050",FORA,PADRAO_FORA,nome pequeno/sem regra: padrão conservador
Tatuapé,YORK,9,"03480060, 03480030, 03480100, 03480000, 03930310",FORA,PADRAO_FORA,nome pequeno/sem regra: padrão conservador
Tatuapé,JARDIM NOVO CARRAO,9,"03908090, 03908150, 03908060, 03908100, 03908020",FORA,PADRAO_FORA,nome pequeno/sem regra: padrão conservador
Tatuapé,SAO MATHEUS,9,"03930110, 03908050",FORA,PADRAO_FORA,nome pequeno/sem regra: padrão conservador
Vila Firmiano Pinto,JARDIM BOAVISTA,9,04272000,FORA,PADRAO_FORA,nome pequeno/sem regra: padrão conservador
Vila Madalena,VILA JATAHY,9,"05449020, 05451090, 05451070, 05451060, 05451020",FORA,PADRAO_FORA,nome pequeno/sem regra: padrão conservador
Vila Madalena,VG DESCOBERTA,9,05441080,FORA,PADRAO_FORA,nome pequeno/sem regra: padrão conservador
Vila Madalena,VL.BEATRIZ,9,"05442070, 05445010",FORA,PADRAO_FORA,nome pequeno/sem regra: padrão conservador
Vila Mariana,E BOX DESC T,9,04014012,FORA,PADRAO_FORA,nome pequeno/sem regra: padrão conservador
Vila Mariana,SOLO,9,04105062,FORA,PADRAO_FORA,nome pequeno/sem regra: padrão conservador
Vila Mariana,VL. STA CATARINA,9,"04376030, 04376070, 04376002, 04376008, 04376040",FORA,PADRAO_FORA,nome pequeno/sem regra: padrão conservador
Alto da Boa Vista,AMARO,8,04734010,FORA,PADRAO_FORA,nome pequeno/sem regra: padrão conservador
Alto da Boa Vista,CD NEW PORT VILLAGE,8,04736002,IGNORAR,AUTO_IGNORAR,
Bela Vista,CJ HAB. NV. PERIMETRAL,8,"01317001, 01317904",FORA,PADRAO_FORA,nome pequeno/sem regra: padrão conservador
Bela Vista,CERQUERIA CESAR,8,"01311936, 01311923, 01419000",FORA,PADRAO_FORA,nome pequeno/sem regra: padrão conservador
Bela Vista,TIPO M,8,01329000,FORA,PADRAO_FORA,nome pequeno/sem regra: padrão conservador
Bela Vista,LA VISTA,8,"04829020, 04829060, 04829070, 04829000",FORA,PADRAO_FORA,nome pequeno/sem regra: padrão conservador
Bela Vista,BONITO,8,"04829130, 04829110, 04829100, 04829090, 04829150",FORA,PADRAO_FORA,nome pequeno/sem regra: padrão conservador
Bela Vista,JARDIM BONITO,8,"04829090, 04829140, 04829120, 04829150",FORA,PADRAO_FORA,nome pequeno/sem regra: padrão conservador
Bela Vista,VILA DIONISIA,8,"02617150, 02617130, 02617140, 02617000, 02617100",FORA,PADRAO_FORA,nome pequeno/sem regra: padrão conservador
Bela Vista,CACHOEIRINHA,8,"02617000, 02617050, 02617080, 02617020",FORA,PADRAO_FORA,nome pequeno/sem regra: padrão conservador
Brooklin,BRROKLIN,8,"04582000, 04559003, 04562906, 04561904, 04567003",FORA,PADRAO_FORA,nome pequeno/sem regra: padrão conservador
Brooklin,BROOKILIN,8,"04569002, 04569003, 04561010, 04562002, 04564010",FORA,PADRAO_FORA,nome pequeno/sem regra: padrão conservador
Campo Belo,VL PAULISTAS,8,04361120,FORA,PADRAO_FORA,nome pequeno/sem regra: padrão conservador
Chácara Inglesa,JD FELICIDADE,8,"05145200, 05141000, 05145901",FORA,PADRAO_FORA,nome pequeno/sem regra: padrão conservador
Consolação,LARGO DO AROUCHE,8,"01219011, 01219010",FORA,PADRAO_FORA,nome pequeno/sem regra: padrão conservador
Consolação,CEQUEIRA CESAR,8,"01307000, 01414903, 01414001, 01414904, 01416001",FORA,PADRAO_FORA,nome pequeno/sem regra: padrão conservador
Ibirapuera,VILLAGGIO DI,8,04640059,FORA,PADRAO_FORA,nome pequeno/sem regra: padrão conservador
Ibirapuera,TIPO A,8,05625160,FORA,PADRAO_FORA,nome pequeno/sem regra: padrão conservador
Ibirapuera,E ARMARIO,8,05687010,FORA,PADRAO_FORA,nome pequeno/sem regra: padrão conservador
Indianópolis,VL HELENA,8,"04086020, 04086011, 04515000, 04517060, 04089005",FORA,PADRAO_FORA,nome pequeno/sem regra: padrão conservador
Ipiranga,VL BASILIO MACHADO,8,"04282040, 04288090, 04288150, 04288000, 04288160",FORA,PADRAO_FORA,nome pequeno/sem regra: padrão conservador
Ipiranga,SACOMAM,8,"04253000, 04284070, 04249110, 04247002, 04248090",FORA,PADRAO_FORA,nome pequeno/sem regra: padrão conservador
Ipiranga,VL BANDEIRANTES,8,"04247001, 04249070, 04250040, 04250000, 04247002",FORA,PADRAO_FORA,nome pequeno/sem regra: padrão conservador
Ipiranga,JD NOVO PATENTE,8,"04256265, 04256000, 04256260, 04256270, 04256290",FORA,PADRAO_FORA,nome pequeno/sem regra: padrão conservador
Ipiranga,ANTONIO CURSINO,8,"04177030, 04177010",FORA,PADRAO_FORA,nome pequeno/sem regra: padrão conservador
Ipiranga,JD STO ANTONIO CURSINO,8,"04177030, 04177000, 04177010, 04177290",FORA,PADRAO_FORA,nome pequeno/sem regra: padrão conservador
Ipiranga,JD STA LUCIA,8,"04191030, 04191090, 04191070",FORA,PADRAO_FORA,nome pequeno/sem regra: padrão conservador
Ipiranga,CARAGUATA,8,"04191130, 04191000, 04191190, 04191170, 04191150",FORA,PADRAO_FORA,nome pequeno/sem regra: padrão conservador
Jardim América,LLO,8,01455010,FORA,PADRAO_FORA,nome pequeno/sem regra: padrão conservador
Jardim Europa,CIDADE JARDIM,8,"01448000, 01448060",FORA,PADRAO_FORA,nome pequeno/sem regra: padrão conservador
Jardim Paulistano,S MIGUEL PTA,8,"08080650, 08080160, 08080660, 08080360, 08080030",FORA,PADRAO_FORA,nome pequeno/sem regra: padrão conservador
Jardim Paulistano,VL. PRQ. PAULISTANO,8,08080090,FORA,PADRAO_FORA,nome pequeno/sem regra: padrão conservador
Jardim Paulistano,VL VITORIA,8,"08080470, 08080480, 08080600",FORA,PADRAO_FORA,nome pequeno/sem regra: padrão conservador
Lapa,VL ANGLO BRASILEIRA,8,"05048090, 05046050, 05053060, 05053050, 05054070",FORA,PADRAO_FORA,nome pequeno/sem regra: padrão conservador
Lapa,VILA ROMANO,8,"05047001, 05047002, 05047000, 05044000, 05046001",FORA,PADRAO_FORA,nome pequeno/sem regra: padrão conservador
Lapa,VILA IPOJUCA  LAPA,8,"05056000, 05055020, 05058010, 05057030, 05057050",FORA,PADRAO_FORA,nome pequeno/sem regra: padrão conservador
Lapa,VL VITORIO MAZZEI,8,"02409000, 02409010, 02409002",FORA,PADRAO_FORA,nome pequeno/sem regra: padrão conservador
Lapa,PARA MOTO,8,05083110,FORA,PADRAO_FORA,nome pequeno/sem regra: padrão conservador
Lapa,VL CRISTINA,8,05303040,FORA,PADRAO_FORA,nome pequeno/sem regra: padrão conservador
Mooca,BRESSER,8,"03162030, 03101001, 03164140, 03164210, 03164100",FORA,PADRAO_FORA,nome pequeno/sem regra: padrão conservador
Mooca,VL CANERO,8,"03190140, 03190900, 03344060, 03190110, 03190120",FORA,PADRAO_FORA,nome pequeno/sem regra: padrão conservador
Mooca,ALTO MOOCA V BERTIOGA,8,03187010,FORA,PADRAO_FORA,nome pequeno/sem regra: padrão conservador
Mooca,JD MARINA,8,"03128160, 03195000, 03128150, 03128120",FORA,PADRAO_FORA,nome pequeno/sem regra: padrão conservador
Mooca,CH MAFALDA,8,"03372020, 03372030, 03373015, 03372040, 03373090",FORA,PADRAO_FORA,nome pequeno/sem regra: padrão conservador
Mooca,CHC MAFALDA,8,"03372010, 03372030, 03372020, 03372060",FORA,PADRAO_FORA,nome pequeno/sem regra: padrão conservador
Paraíso,VERGUEIRO,8,"01504000, 01504001, 04104080, 04102000",FORA,PADRAO_FORA,nome pequeno/sem regra: padrão conservador
Perdizes,PEDIZES,8,"05013001, 05018011, 05006000, 05014000, 05009000",FORA,PADRAO_FORA,nome pequeno/sem regra: padrão conservador
Perdizes,VILA POMEIA,8,"05024030, 05021010, 05018010, 05008002, 05012020",FORA,PADRAO_FORA,nome pequeno/sem regra: padrão conservador
Perdizes,AN TR,8,01259010,FORA,PADRAO_FORA,nome pequeno/sem regra: padrão conservador
Perdizes,VILA URBANIZADORA,8,"05017040, 05012010, 01252010",FORA,PADRAO_FORA,nome pequeno/sem regra: padrão conservador
Pinheiros,DUPLAS BUTANTA,8,05352050,FORA,PADRAO_FORA,nome pequeno/sem regra: padrão conservador
Pinheiros,TIPO L DUPLA,8,05352903,FORA,PADRAO_FORA,nome pequeno/sem regra: padrão conservador
Pinheiros,E BERTRAND RUSSEL,8,05455902,FORA,PADRAO_FORA,nome pequeno/sem regra: padrão conservador
Pinheiros,E WILLIAN SHAKESPEARE,8,05455901,FORA,PADRAO_FORA,nome pequeno/sem regra: padrão conservador
Planalto Paulista,PLAN PAULISTA,8,"04058070, 04059001, 04067003, 04066021, 04064003",FORA,PADRAO_FORA,nome pequeno/sem regra: padrão conservador
Santa Cecília,MAIO,8,01035901,FORA,PADRAO_FORA,nome pequeno/sem regra: padrão conservador
Tatuapé,AGUA RAZA,8,"03332060, 03333000, 03332000, 03334000, 03342000",FORA,PADRAO_FORA,nome pequeno/sem regra: padrão conservador
Tatuapé,VILA RIO BRANCO,8,"03357000, 03357040, 03357050",FORA,PADRAO_FORA,nome pequeno/sem regra: padrão conservador
Tatuapé,CH BELENZINHO,8,"03380160, 03375000, 03375060, 03376010, 03380100",FORA,PADRAO_FORA,nome pequeno/sem regra: padrão conservador
Tatuapé,VILA REG FEIJO-TATUAPE,8,03335070,FORA,PADRAO_FORA,nome pequeno/sem regra: padrão conservador
Tatuapé,SANTA ISABEL,8,"03432010, 03424020, 03428000, 03432080, 03425030",FORA,PADRAO_FORA,nome pequeno/sem regra: padrão conservador
Tatuapé,VL TALARICO,8,"03514003, 03514002",FORA,PADRAO_FORA,nome pequeno/sem regra: padrão conservador
Tatuapé,VL. ARICANDUVA,8,"03436000, 03447050, 03436010, 03436050, 03433000",FORA,PADRAO_FORA,nome pequeno/sem regra: padrão conservador
Tatuapé,S ARICANDUVA,8,"03437000, 03436000, 03436020",FORA,PADRAO_FORA,nome pequeno/sem regra: padrão conservador
Tatuapé,JD LARANJAL,8,"03930310, 03930100",FORA,PADRAO_FORA,nome pequeno/sem regra: padrão conservador
Vila Firmiano Pinto,VILA VERA,8,04272300,FORA,PADRAO_FORA,nome pequeno/sem regra: padrão conservador
Vila Gumercindo,VL MORAES,8,"04132002, 04133300",FORA,PADRAO_FORA,nome pequeno/sem regra: padrão conservador
Vila Madalena,ALTO PINHEIROS,8,"05451060, 05445908, 05445001, 05434030, 05451140",FORA,PADRAO_FORA,nome pequeno/sem regra: padrão conservador
Vila Madalena,TIPO C,8,05434020,FORA,PADRAO_FORA,nome pequeno/sem regra: padrão conservador
Vila Mariana,SANTA CRUZ,8,"04121900, 04038002, 04122000, 04127000, 04119061",FORA,PADRAO_FORA,nome pequeno/sem regra: padrão conservador
Vila Mariana,JARDIM AURELIA,8,"04118050, 04118020, 04118010, 04118080, 04118060",FORA,PADRAO_FORA,nome pequeno/sem regra: padrão conservador
Vila Olímpia,JIRAU,8,04544051,FORA,PADRAO_FORA,nome pequeno/sem regra: padrão conservador
Alto da Boa Vista,CD PALM HILL SOUTH,7,04740000,IGNORAR,AUTO_IGNORAR,
Alto da Boa Vista,R DOS ALCATRAZES,7,04642000,FORA,PADRAO_FORA,nome pequeno/sem regra: padrão conservador
Bela Vista,CENTRO VELHO,7,01049905,FORA,PADRAO_FORA,nome pequeno/sem regra: padrão conservador
Bela Vista,VILA CONTINENTAL,7,02617060,FORA,PADRAO_FORA,nome pequeno/sem regra: padrão conservador
Bela Vista,VL DIONIZIA,7,02617000,FORA,PADRAO_FORA,nome pequeno/sem regra: padrão conservador
Brooklin,BROOKILN,7,"04562906, 04560910, 04561002, 04583030, 04704030",FORA,PADRAO_FORA,nome pequeno/sem regra: padrão conservador
Brooklin,SIMPLES,7,04564002,FORA,PADRAO_FORA,nome pequeno/sem regra: padrão conservador
Brooklin,JD. CEDRO DO LIBANO,7,"04710110, 04710090, 04710100, 04710140, 04710010",FORA,PADRAO_FORA,nome pequeno/sem regra: padrão conservador
Cambuci,MORRO DA POLVORA,7,"01550010, 01550060, 01550080, 01541010",FORA,PADRAO_FORA,nome pequeno/sem regra: padrão conservador
Campo Belo,DUPLAS    CAMPO BELO,7,04618918,FORA,PADRAO_FORA,nome pequeno/sem regra: padrão conservador
Campo Belo,VL STA CATARINA,7,"04361090, 04361040, 04361120, 04361000, 04361130",FORA,PADRAO_FORA,nome pequeno/sem regra: padrão conservador
Campo Belo,TABOAO,7,"05634020, 05634050, 05634120, 05634100, 05634010",FORA,PADRAO_FORA,nome pequeno/sem regra: padrão conservador
Campo Belo,JD N S DAS GRACAS,7,04416280,FORA,PADRAO_FORA,nome pequeno/sem regra: padrão conservador
Chácara Santo Antônio,CHACARA ST ANTONIO,7,"04716003, 04717001, 04716020, 04717003, 04713020",FORA,PADRAO_FORA,nome pequeno/sem regra: padrão conservador
Chácara Santo Antônio,CHACARA SANTOANTONIO,7,"04716001, 04719001, 04718010, 04718050, 04716003",FORA,PADRAO_FORA,nome pequeno/sem regra: padrão conservador
Consolação,PCA REPUBLICA,7,"01046001, 01046925, 01046923",FORA,PADRAO_FORA,nome pequeno/sem regra: padrão conservador
Consolação,CONCOLACAO,7,"01043010, 01050070, 01046915, 01221010, 01222010",FORA,PADRAO_FORA,nome pequeno/sem regra: padrão conservador
Consolação,AIO,7,01041000,FORA,PADRAO_FORA,nome pequeno/sem regra: padrão conservador
Consolação,COSOLACAO,7,"01302902, 01221020, 01303050, 01307000, 01307903",FORA,PADRAO_FORA,nome pequeno/sem regra: padrão conservador
Higienópolis,HIGENOPOLIS,7,"01239000, 01238010, 01242001, 01244001, 01244011",FORA,PADRAO_FORA,nome pequeno/sem regra: padrão conservador
Ibirapuera,CHACARA SANTO ANTONI,7,"04708010, 04708000, 04708030",FORA,PADRAO_FORA,nome pequeno/sem regra: padrão conservador
Ibirapuera,JDIM COLOMBO,7,"05625150, 05625120, 05625100, 05625000",FORA,PADRAO_FORA,nome pequeno/sem regra: padrão conservador
Indianópolis,UBERABINHA,7,"04520010, 04513070, 04513000, 04520911, 04520013",FORA,PADRAO_FORA,nome pequeno/sem regra: padrão conservador
Indianópolis,TIPO G,7,04081903,FORA,PADRAO_FORA,nome pequeno/sem regra: padrão conservador
Ipiranga,FIRMINIANO PINTO,7,"04273100, 04125180, 04125130, 04125050, 04124040",FORA,PADRAO_FORA,nome pequeno/sem regra: padrão conservador
Ipiranga,VILA BASILIO MACHADO,7,"04288110, 04288000, 04282040, 04282020, 04288080",FORA,PADRAO_FORA,nome pequeno/sem regra: padrão conservador
Ipiranga,S. J. CLIMACO,7,"04256120, 04254090, 04255130, 04242100",FORA,PADRAO_FORA,nome pequeno/sem regra: padrão conservador
Ipiranga,JD M ESTELA,7,"04180080, 04180120, 04180110, 04180060, 04180000",FORA,PADRAO_FORA,nome pequeno/sem regra: padrão conservador
Ipiranga,JARDIM ANA MARIA,7,"04256160, 04256180, 04256090, 04256175, 04256060",FORA,PADRAO_FORA,nome pequeno/sem regra: padrão conservador
Ipiranga,JD. PATENTE,7,"04257230, 04256290, 04257190, 04232901",FORA,PADRAO_FORA,nome pequeno/sem regra: padrão conservador
Ipiranga,JD CARAGUATA,7,"04191200, 04191000, 04191030, 04191070, 04191310",FORA,PADRAO_FORA,nome pequeno/sem regra: padrão conservador
Itaim Bibi,CHAC ITAIM,7,"04531935, 04531930, 04532082, 04533012, 04530000",FORA,PADRAO_FORA,nome pequeno/sem regra: padrão conservador
Itaim Bibi,IATAIM BIBI,7,"04537002, 04533010",FORA,PADRAO_FORA,nome pequeno/sem regra: padrão conservador
Jardim América,JDAMERICA,7,"05409002, 05410030, 05409011, 05409010, 05402100",FORA,PADRAO_FORA,nome pequeno/sem regra: padrão conservador
Jardim América,ELLO,7,01455010,FORA,PADRAO_FORA,nome pequeno/sem regra: padrão conservador
Jardim América,VAGAS J AMERICA,7,01454902,FORA,PADRAO_FORA,nome pequeno/sem regra: padrão conservador
Jardim Paulista,SAO PAULO,7,"01423001, 01420001, 01406000, 01428030, 01401001",FORA,PADRAO_FORA,nome pequeno/sem regra: padrão conservador
Jardim Paulista,JARDIM,7,"01406000, 01407000, 01408001, 01424004, 01424003",FORA,PADRAO_FORA,nome pequeno/sem regra: padrão conservador
Jardim Paulista,CEQUEIRA CESAR,7,"01411001, 05401900, 01421005, 01422002, 01411000",FORA,PADRAO_FORA,nome pequeno/sem regra: padrão conservador
Jardim Paulista,C CESAR VG DESCOB,7,01411001,FORA,PADRAO_FORA,nome pequeno/sem regra: padrão conservador
Jardim Paulistano,PQUE PAULISTANO,7,"08080490, 08080190, 08080100, 08080560, 08080330",FORA,PADRAO_FORA,nome pequeno/sem regra: padrão conservador
Jardim Paulistano,ISTANO,7,"08080240, 08080700, 08080380, 08080270",FORA,PADRAO_FORA,nome pequeno/sem regra: padrão conservador
Jardim Paulistano,ITORIA,7,08080470,FORA,PADRAO_FORA,nome pequeno/sem regra: padrão conservador
Lapa,E DEP,7,05469010,FORA,PADRAO_FORA,nome pequeno/sem regra: padrão conservador
Moema,VILA HELENA,7,"04514905, 04514030, 04514031, 04514032, 04084000",FORA,PADRAO_FORA,nome pequeno/sem regra: padrão conservador
Moema,INDIANAPOLIS,7,"04078901, 04077907, 04078010, 04077022, 04078002",FORA,PADRAO_FORA,nome pequeno/sem regra: padrão conservador
Mooca,HIPODROMO,7,"03162050, 03162080, 03164120, 03169040",FORA,PADRAO_FORA,nome pequeno/sem regra: padrão conservador
Mooca,REGENTE FEIJO,7,"03344000, 03372015, 03344015, 03346020, 03346100",FORA,PADRAO_FORA,nome pequeno/sem regra: padrão conservador
Mooca,MES,7,03349040,FORA,PADRAO_FORA,nome pequeno/sem regra: padrão conservador
Pinheiros,PINHERIOS,7,"05416010, 05415030, 05405250, 05423906, 05420020",FORA,PADRAO_FORA,nome pequeno/sem regra: padrão conservador
Pinheiros,SAO FRANCISCO,7,"05352903, 05352140, 05352020, 05352060",FORA,PADRAO_FORA,nome pequeno/sem regra: padrão conservador
Pinheiros,CIDADE SAO FRANCISCO,7,"05352020, 05352900, 05352140, 05352060, 05352100",FORA,PADRAO_FORA,nome pequeno/sem regra: padrão conservador
Pinheiros,E LD HORATIO NELSON,7,05455901,FORA,PADRAO_FORA,nome pequeno/sem regra: padrão conservador
Pinheiros,BUTANTAN,7,"05352060, 05428002, 05352070",FORA,PADRAO_FORA,nome pequeno/sem regra: padrão conservador
Santa Cecília,CAMPOS ELIZIOS,7,"01218011, 01211002, 01226020, 01206001, 01202000",FORA,PADRAO_FORA,nome pequeno/sem regra: padrão conservador
Tatuapé,TATAUAPE,7,"03065000, 03308010, 03325050, 03333060, 03324002",FORA,PADRAO_FORA,nome pequeno/sem regra: padrão conservador
Tatuapé,CASA ALTA TATUAPE,7,03408020,FORA,PADRAO_FORA,nome pequeno/sem regra: padrão conservador
Tatuapé,CHACARA PARAISO,7,"03334040, 03335070, 03334070, 03334020, 03334000",FORA,PADRAO_FORA,nome pequeno/sem regra: padrão conservador
Tatuapé,VILA REJENTE FEIJO,7,"03333000, 03334040, 03334000, 03335045, 03336040",FORA,PADRAO_FORA,nome pequeno/sem regra: padrão conservador
Tatuapé,SANTO ESTEVAO,7,"03410075, 03325100, 03411070, 03410030",FORA,PADRAO_FORA,nome pequeno/sem regra: padrão conservador
Tatuapé,JD AMALIA FRANCO,7,"03337010, 03337070, 03337000",FORA,PADRAO_FORA,nome pequeno/sem regra: padrão conservador
Tatuapé,CHACARA MARANHAO,7,"03072030, 03072010, 03070000",FORA,PADRAO_FORA,nome pequeno/sem regra: padrão conservador
Tatuapé,PQ S JORGE,7,"03087000, 03088080, 03087900, 03088100",FORA,PADRAO_FORA,nome pequeno/sem regra: padrão conservador
Tatuapé,JD AMERICA DA PENHA,7,"03090050, 03090060, 03090010",FORA,PADRAO_FORA,nome pequeno/sem regra: padrão conservador
Tatuapé,IETA,7,"03474000, 03475015, 03475150, 03474060",FORA,PADRAO_FORA,nome pequeno/sem regra: padrão conservador
Tatuapé,VL ESTEVES,7,"03448130, 03448120",FORA,PADRAO_FORA,nome pequeno/sem regra: padrão conservador
Tatuapé,VL STA TEREZA,7,03447000,FORA,PADRAO_FORA,nome pequeno/sem regra: padrão conservador
Tatuapé,JD GANNAN,7,"03908000, 03908060, 03908090",FORA,PADRAO_FORA,nome pequeno/sem regra: padrão conservador
Tatuapé,JD TANGO,7,03911000,FORA,PADRAO_FORA,nome pequeno/sem regra: padrão conservador
Tatuapé,JARDIM SAO CRISTOVAO,7,"03930000, 03930030, 03930090, 03930070, 03930080",FORA,PADRAO_FORA,nome pequeno/sem regra: padrão conservador
Tatuapé,RISTOVAO,7,"03930085, 03930000, 03930310, 03930010",FORA,PADRAO_FORA,nome pequeno/sem regra: padrão conservador
Tatuapé,JARDIM IV CENTENARIO,7,"03930300, 03932040",FORA,PADRAO_FORA,nome pequeno/sem regra: padrão conservador
Tatuapé,CD IV CENTENARIO,7,03932050,IGNORAR,AUTO_IGNORAR,
Tatuapé,CD.TORRES DE ANDALUZIA,7,03380160,FORA,PADRAO_FORA,nome pequeno/sem regra: padrão conservador
Tatuapé,VILA REAL,7,"03380110, 03380100, 03380090, 03380030, 03380080",FORA,PADRAO_FORA,nome pequeno/sem regra: padrão conservador
Vila Gumercindo,V BRASILIO MACHADO,7,"04289120, 04289137, 04289070, 04289030, 04289020",FORA,PADRAO_FORA,nome pequeno/sem regra: padrão conservador
Vila Gumercindo,JARDIM CAMARA,7,"04133000, 04289137, 04289170",FORA,PADRAO_FORA,nome pequeno/sem regra: padrão conservador
Vila Madalena,JD DOS JACARANDAS,7,"05442020, 05442902, 05442000, 05442060, 05442080",FORA,PADRAO_FORA,nome pequeno/sem regra: padrão conservador
Vila Madalena,JD CALIFORNIA,7,"05453010, 05453040, 05453030",FORA,PADRAO_FORA,nome pequeno/sem regra: padrão conservador
Vila Mariana,VERGUEIRO,7,"01532001, 04101000, 04105000, 04101300, 04101902",FORA,PADRAO_FORA,nome pequeno/sem regra: padrão conservador
Vila Mariana,VILA MARIAN,7,"04019000, 04014020, 04016031, 04020020, 04113000",FORA,PADRAO_FORA,nome pequeno/sem regra: padrão conservador
Vila Mariana,VLMARIANA,7,"04014012, 04010200, 04011061, 04110060, 04021051",FORA,PADRAO_FORA,nome pequeno/sem regra: padrão conservador
Vila Mariana,SETOR COMERCIAL,7,"04013044, 04116070, 04040033, 04022002",FORA,PADRAO_FORA,nome pequeno/sem regra: padrão conservador
Vila Mariana,MARIANA,7,"04014902, 04021020, 04018002, 04015010, 04117000",FORA,PADRAO_FORA,nome pequeno/sem regra: padrão conservador
Vila Mariana,KLABIN,7,"04115040, 04116040, 04115000, 04116220, 04116160",FORA,PADRAO_FORA,nome pequeno/sem regra: padrão conservador
Vila Mariana,VILLAGIO DI VENETO,7,04030000,FORA,PADRAO_FORA,nome pequeno/sem regra: padrão conservador
Vila Mariana,SUBDISTRITO SAUDE,7,"04022000, 04119010, 04036000, 04044001, 04139060",FORA,PADRAO_FORA,nome pequeno/sem regra: padrão conservador
Vila Mariana,RELIA,7,"04118050, 04118030, 04118080, 04118060",FORA,PADRAO_FORA,nome pequeno/sem regra: padrão conservador
Vila da Saúde,VL SAUDE,7,"04146050, 04144070, 04146100, 04143010",FORA,PADRAO_FORA,nome pequeno/sem regra: padrão conservador
Alto da Boa Vista,LE QUARTIER,6,04739060,FORA,PADRAO_FORA,nome pequeno/sem regra: padrão conservador
Bela Vista,SAO PAULO,6,"01312001, 01320000, 01310905, 01320010, 01323000",FORA,PADRAO_FORA,nome pequeno/sem regra: padrão conservador
Bela Vista,CJ HAB NOVA PERIMETRAL,6,"01317001, 01317904",FORA,PADRAO_FORA,nome pequeno/sem regra: padrão conservador
Bela Vista,YETTE,6,01329900,FORA,PADRAO_FORA,nome pequeno/sem regra: padrão conservador
Bela Vista,PARAIZO,6,"01311913, 01318907, 01322020, 01321000, 01323050",FORA,PADRAO_FORA,nome pequeno/sem regra: padrão conservador
Bela Vista,TIPO G,6,"01329000, 01310000",FORA,PADRAO_FORA,nome pequeno/sem regra: padrão conservador
Bela Vista,TIPO PPM,6,01329000,FORA,PADRAO_FORA,nome pequeno/sem regra: padrão conservador
Bela Vista,OLO,6,01419100,FORA,PADRAO_FORA,nome pequeno/sem regra: padrão conservador
Bela Vista,JD. BELA VISTA,6,"04829070, 02617000",FORA,PADRAO_FORA,nome pequeno/sem regra: padrão conservador
Bela Vista,A VISTA,6,"04829000, 04829060, 04829050, 04829020, 02617030",FORA,PADRAO_FORA,nome pequeno/sem regra: padrão conservador
Bela Vista,D BONITO,6,"04829110, 04829140, 04829150, 04829100",FORA,PADRAO_FORA,nome pequeno/sem regra: padrão conservador
Bela Vista,ANGELINA,6,04829500,FORA,PADRAO_FORA,nome pequeno/sem regra: padrão conservador
Brooklin,BROOKLIN/IBIRAPUERA,6,"04707902, 04563907, 04563906",FORA,PADRAO_FORA,nome pequeno/sem regra: padrão conservador
Brooklin,BROOCKLIN,6,"04556300, 04560010, 04560912, 04558050, 04710110",FORA,PADRAO_FORA,nome pequeno/sem regra: padrão conservador
Brooklin,BROOKLIN PAUL NOVO,6,"04557051, 04560012, 04557001, 04558080, 04570140",FORA,PADRAO_FORA,nome pequeno/sem regra: padrão conservador
Brooklin,CHC STO ANTONIO,6,"04583110, 04709111, 04710900",FORA,PADRAO_FORA,nome pequeno/sem regra: padrão conservador
Brooklin,VILA DAS GERTRUDES,6,04707910,FORA,PADRAO_FORA,nome pequeno/sem regra: padrão conservador
Brooklin,V ALEXANDRIA,6,"04635080, 04635070, 04635040, 04635010",FORA,PADRAO_FORA,nome pequeno/sem regra: padrão conservador
Brooklin,VILA STA CATARINA,6,"04635000, 04635001, 04635051, 04634000",FORA,PADRAO_FORA,nome pequeno/sem regra: padrão conservador
Cambuci,CAMBICI,6,"01520000, 01518000, 01520010, 01535010, 01539010",FORA,PADRAO_FORA,nome pequeno/sem regra: padrão conservador
Campo Belo,BROKLIN,6,"04602904, 04601904, 04601020, 04609011, 04607000",FORA,PADRAO_FORA,nome pequeno/sem regra: padrão conservador
Campo Belo,TIPO B CAMPO BELO,6,04610010,FORA,PADRAO_FORA,nome pequeno/sem regra: padrão conservador
Campo Belo,JARDIM CAMPO BELO,6,"05634160, 05634050, 05634010, 05634040, 05634150",FORA,PADRAO_FORA,nome pequeno/sem regra: padrão conservador
Campo Belo,JD. MONTE KEMEL,6,"05634900, 05634160, 05634902, 05634000, 05634001",FORA,PADRAO_FORA,nome pequeno/sem regra: padrão conservador
Campo Belo,JD N SRA GRACAS,6,04416370,FORA,PADRAO_FORA,nome pequeno/sem regra: padrão conservador
Campo Belo,VILA MORUMBI,6,"05684030, 05684040, 05684000, 05684001",FORA,PADRAO_FORA,nome pequeno/sem regra: padrão conservador
Chácara Inglesa,VL COMERCIAL,6,05145200,FORA,PADRAO_FORA,nome pequeno/sem regra: padrão conservador
Chácara Santo Antônio,CHACARA S ANTONIO,6,"04717020, 04716001, 04716000",FORA,PADRAO_FORA,nome pequeno/sem regra: padrão conservador
Chácara Santo Antônio,CHACAR SANTO ANTONIO,6,"04716003, 04718001, 04711020, 04718010, 04719002",FORA,PADRAO_FORA,nome pequeno/sem regra: padrão conservador
Chácara Santo Antônio,CHAC S LUIZ,6,"04716030, 04716070, 04716090",FORA,PADRAO_FORA,nome pequeno/sem regra: padrão conservador
Consolação,CONSOLOCAO,6,"01304000, 01046915, 01303060, 01305000, 01415006",FORA,PADRAO_FORA,nome pequeno/sem regra: padrão conservador
Consolação,CIR,6,01416906,FORA,PADRAO_FORA,nome pequeno/sem regra: padrão conservador
Consolação,R L,6,01416906,FORA,PADRAO_FORA,nome pequeno/sem regra: padrão conservador
Ibirapuera,CID NONCOES,6,04566080,FORA,PADRAO_FORA,nome pequeno/sem regra: padrão conservador
Ibirapuera,SITIO CORDEIRO,6,"04640020, 04640230",FORA,PADRAO_FORA,nome pequeno/sem regra: padrão conservador
Ibirapuera,CD QUINTA DA BOA VISTA,6,04640055,IGNORAR,AUTO_IGNORAR,
Ibirapuera,PQUE JABAQUARA,6,"04342001, 04342000, 04355100, 04355040, 04345030",FORA,PADRAO_FORA,nome pequeno/sem regra: padrão conservador
Ibirapuera,TIPO B,6,05625160,FORA,PADRAO_FORA,nome pequeno/sem regra: padrão conservador
Ibirapuera,ADIO,6,"05654010, 05654030",FORA,PADRAO_FORA,nome pequeno/sem regra: padrão conservador
Ibirapuera,JD RECANTO MORUMBI,6,"05706290, 05706280, 05706310",FORA,PADRAO_FORA,nome pequeno/sem regra: padrão conservador
Ibirapuera,ARQUE,6,"05686030, 05686000",FORA,PADRAO_FORA,nome pequeno/sem regra: padrão conservador
Indianópolis,INDIANOPILIS,6,"04513030, 04517000, 04081902, 04087000, 04082005",FORA,PADRAO_FORA,nome pequeno/sem regra: padrão conservador
Indianópolis,MOEMA / INDIANOPOLIS,6,"04515010, 04523911, 04515030, 04075900",FORA,PADRAO_FORA,nome pequeno/sem regra: padrão conservador
Ipiranga,IPRANGA,6,"04205001, 04204906, 04277000, 04288080, 04207002",FORA,PADRAO_FORA,nome pequeno/sem regra: padrão conservador
Ipiranga,VL DOM PEDRO,6,"04277040, 04276070, 04276060, 04267030, 04269040",FORA,PADRAO_FORA,nome pequeno/sem regra: padrão conservador
Ipiranga,V NAIR,6,"04281070, 04282000, 04282010, 04281110, 04288080",FORA,PADRAO_FORA,nome pequeno/sem regra: padrão conservador
Ipiranga,VILA FIRMINIANO PINTO,6,"04125010, 04125070, 04125030",FORA,PADRAO_FORA,nome pequeno/sem regra: padrão conservador
Ipiranga,V CARIOCA,6,"04225080, 04223120, 04225001, 04222001",FORA,PADRAO_FORA,nome pequeno/sem regra: padrão conservador
Ipiranga,HELIOPOLIS,6,"04218060, 04218050, 04218040, 04232000, 04248100",FORA,PADRAO_FORA,nome pequeno/sem regra: padrão conservador
Ipiranga,O ANTONIO CURSINO,6,"04177000, 04177030",FORA,PADRAO_FORA,nome pequeno/sem regra: padrão conservador
Ipiranga,JARDIM CARAGUATA,6,"04191000, 04191220, 04191210, 04191140, 04191270",FORA,PADRAO_FORA,nome pequeno/sem regra: padrão conservador
Ipiranga,VL. GUARANI,6,"04316060, 04316070, 04316090, 04316100",FORA,PADRAO_FORA,nome pequeno/sem regra: padrão conservador
Itaim Bibi,ITIM BIBI,6,"04532902, 04531935, 04531012, 04532082, 04543120",FORA,PADRAO_FORA,nome pequeno/sem regra: padrão conservador
Itaim Bibi,S,6,04530000,FORA,PADRAO_FORA,nome pequeno/sem regra: padrão conservador
Itaim Bibi,VILA GERTUDES,6,"04705902, 04705000",FORA,PADRAO_FORA,nome pequeno/sem regra: padrão conservador
Jardim América,PINHEIRO,6,"05409012, 05410001, 05409001, 05409000, 05414000",FORA,PADRAO_FORA,nome pequeno/sem regra: padrão conservador
Jardim América,J AMERICA,6,"05409002, 05409005, 05402100, 05411000, 05413000",FORA,PADRAO_FORA,nome pequeno/sem regra: padrão conservador
Jardim América,J.AMERICA,6,"01454902, 05414025",FORA,PADRAO_FORA,nome pequeno/sem regra: padrão conservador
Jardim Paulista,AGEM,6,"01404100, 01418002, 01407000, 01403020, 01425011",FORA,PADRAO_FORA,nome pequeno/sem regra: padrão conservador
Jardim Paulista,GEM,6,"01421010, 01408001",FORA,PADRAO_FORA,nome pequeno/sem regra: padrão conservador
Jardim Paulista,AGE,6,01404100,FORA,PADRAO_FORA,nome pequeno/sem regra: padrão conservador
Jardim Paulista,ARAGEM,6,01404100,FORA,PADRAO_FORA,nome pequeno/sem regra: padrão conservador
Jardim Paulista,JARDIMPAULISTA,6,"01402000, 01423040, 01405002, 01403003, 01425001",FORA,PADRAO_FORA,nome pequeno/sem regra: padrão conservador
Jardim Paulista,CERQUERIA CESAR,6,"01421001, 01409001, 01418102, 01411000, 01411010",FORA,PADRAO_FORA,nome pequeno/sem regra: padrão conservador
Jardim Paulista,JDIM PAULISTA,6,"01405002, 01407000, 01425080, 01425010, 01425011",FORA,PADRAO_FORA,nome pequeno/sem regra: padrão conservador
Jardim Paulistano,PRQ REAL,6,08080650,FORA,PADRAO_FORA,nome pequeno/sem regra: padrão conservador
Jardim Paulistano,CD VILLAGIO PQ PAULIST,6,08080230,IGNORAR,AUTO_IGNORAR,
Jardim Paulistano,JD. NADIA,6,"08080420, 08080410",FORA,PADRAO_FORA,nome pequeno/sem regra: padrão conservador
Jardim da Glória,ORIA,6,"04114030, 04114080",FORA,PADRAO_FORA,nome pequeno/sem regra: padrão conservador
Jardim da Glória,VILA GLORIA,6,"01547000, 04114060, 04114080",FORA,PADRAO_FORA,nome pequeno/sem regra: padrão conservador
Jardim dos Estados,JARDIM FLORIDA,6,04641070,FORA,PADRAO_FORA,nome pequeno/sem regra: padrão conservador
Lapa,ALTA DA LAPA,6,"05058000, 05078000, 05087010, 05083110, 05468910",FORA,PADRAO_FORA,nome pequeno/sem regra: padrão conservador
Lapa,VILA PROGREDIOR,6,05302001,FORA,PADRAO_FORA,nome pequeno/sem regra: padrão conservador
Lapa,VILA ALTO DE,6,05452000,FORA,PADRAO_FORA,nome pequeno/sem regra: padrão conservador
Lapa,JARDIM BOACAVA,6,"05458001, 05469040",FORA,PADRAO_FORA,nome pequeno/sem regra: padrão conservador
Lapa,MARGARIDAS,6,05038090,FORA,PADRAO_FORA,nome pequeno/sem regra: padrão conservador
Lapa,AZALEAS,6,05038090,FORA,PADRAO_FORA,nome pequeno/sem regra: padrão conservador
Mirandópolis,VILA MIRANDOPOLIS,6,"04050000, 04042003, 04048040, 04049010, 04045000",FORA,PADRAO_FORA,nome pequeno/sem regra: padrão conservador
Mirandópolis,CONDIMINIO,6,04051000,FORA,PADRAO_FORA,nome pequeno/sem regra: padrão conservador
Moema,M O E M A,6,04514041,FORA,PADRAO_FORA,nome pequeno/sem regra: padrão conservador
Moema,PL PAULISTA,6,"04076011, 04084004, 04084080, 04084006",FORA,PADRAO_FORA,nome pequeno/sem regra: padrão conservador
Mooca,MOCA,6,"03102006, 03118000, 03121010, 03185020, 03165003",FORA,PADRAO_FORA,nome pequeno/sem regra: padrão conservador
Mooca,VILA RICARDINA,6,03179140,FORA,PADRAO_FORA,nome pequeno/sem regra: padrão conservador
Mooca,VILA BERTIOGA MOOCA,6,"03181100, 03186030, 03165002, 03187010, 03188002",FORA,PADRAO_FORA,nome pequeno/sem regra: padrão conservador
Mooca,VILLAREJO COSTA BARI,6,03185050,FORA,PADRAO_FORA,nome pequeno/sem regra: padrão conservador
Mooca,V CANERO,6,"03190100, 03190090, 03190900",FORA,PADRAO_FORA,nome pequeno/sem regra: padrão conservador
Perdizes,E VG GD,6,05008000,IGNORAR,AUTO_IGNORAR,
Perdizes,PREDIZES,6,"05017000, 05002062, 05009000, 05016010, 05017020",FORA,PADRAO_FORA,nome pequeno/sem regra: padrão conservador
Pinheiros,E ALEXANDER FLEMING,6,05455902,FORA,PADRAO_FORA,nome pequeno/sem regra: padrão conservador
Pinheiros,ALTO DE PINHEIRO,6,"05446010, 05446050, 05459002, 05420020, 05462020",FORA,PADRAO_FORA,nome pequeno/sem regra: padrão conservador
Pinheiros,CIDADE JARDIM,6,"05423060, 05423050",FORA,PADRAO_FORA,nome pequeno/sem regra: padrão conservador
Planalto Paulista,ALTO DE SANTANA,6,"02402500, 02402200, 02402400",FORA,PADRAO_FORA,nome pequeno/sem regra: padrão conservador
Planalto Paulista,VL ARENS,6,"04070070, 04070060, 04071012",FORA,PADRAO_FORA,nome pequeno/sem regra: padrão conservador
Pompéia,VILA ANGLOBRASILEIRA,6,"05027000, 05027100, 05027020",FORA,PADRAO_FORA,nome pequeno/sem regra: padrão conservador
Pompéia,POMPEIA / PERDIZES,6,"05025000, 05025020",FORA,PADRAO_FORA,nome pequeno/sem regra: padrão conservador
Santa Cecília,CAMPOS ELISEUS,6,"01201040, 01201020, 01217011, 01214000, 01202002",FORA,PADRAO_FORA,nome pequeno/sem regra: padrão conservador
Santa Cecília,CAMPOS ELISIO,6,"01215001, 01153000, 01206001, 01206010, 01202010",FORA,PADRAO_FORA,nome pequeno/sem regra: padrão conservador
Tatuapé,TIPO GRANDE,6,03342000,FORA,PADRAO_FORA,nome pequeno/sem regra: padrão conservador
Tatuapé,VFORMOSA,6,"03416050, 03414010, 03357020, 03357010, 03414140",FORA,PADRAO_FORA,nome pequeno/sem regra: padrão conservador
Tatuapé,VAO,6,"03325040, 03325030, 03930010, 03930070",FORA,PADRAO_FORA,nome pequeno/sem regra: padrão conservador
Tatuapé,NALIA FRANCO,6,"03337060, 03337070, 03337010",FORA,PADRAO_FORA,nome pequeno/sem regra: padrão conservador
Tatuapé,J. ANALIA FRANCO,6,03337080,FORA,PADRAO_FORA,nome pequeno/sem regra: padrão conservador
Tatuapé,J. AMALIA FRANCO,6,03337080,FORA,PADRAO_FORA,nome pequeno/sem regra: padrão conservador
Tatuapé,DEP SS,6,03337005,IGNORAR,AUTO_IGNORAR,
Tatuapé,JD. TEXTIL,6,"03413030, 03422000, 03415100, 03414030",FORA,PADRAO_FORA,nome pequeno/sem regra: padrão conservador
Tatuapé,TV PCA ANTONIO ARAUJO,6,03443045,FORA,PADRAO_FORA,nome pequeno/sem regra: padrão conservador
Tatuapé,CH CALIFORNIA,6,"03404000, 03407040, 03406100, 03404080",FORA,PADRAO_FORA,nome pequeno/sem regra: padrão conservador
Tatuapé,PQ. SAO JORGE,6,"03087010, 03087080",FORA,PADRAO_FORA,nome pequeno/sem regra: padrão conservador
Tatuapé,NHA,6,"03090050, 03090060",FORA,PADRAO_FORA,nome pequeno/sem regra: padrão conservador
Tatuapé,JDVILA FORMOSA,6,"03471000, 03460170, 03460000, 03471075, 03471130",FORA,PADRAO_FORA,nome pequeno/sem regra: padrão conservador
Tatuapé,JD HAWAI,6,"03471010, 03471030",FORA,PADRAO_FORA,nome pequeno/sem regra: padrão conservador
Tatuapé,NTONIETA,6,"03474060, 03471000, 03475150",FORA,PADRAO_FORA,nome pequeno/sem regra: padrão conservador
Tatuapé,JORGE,6,03911050,FORA,PADRAO_FORA,nome pequeno/sem regra: padrão conservador
Tatuapé,ACESSO RUA TECLA,6,03376000,FORA,PADRAO_FORA,nome pequeno/sem regra: padrão conservador
Vila Firmiano Pinto,ALTO DO IPIRANGA,6,"04272200, 04272000, 04272100",FORA,PADRAO_FORA,nome pequeno/sem regra: padrão conservador
Vila Gumercindo,VILA BRASILIO MACHADO,6,"04289010, 04289130, 04289030, 04289060, 04289020",FORA,PADRAO_FORA,nome pequeno/sem regra: padrão conservador
Vila Madalena,PRQ REBOUCAS,6,"05447030, 05447020, 05447060",FORA,PADRAO_FORA,nome pequeno/sem regra: padrão conservador
Vila Madalena,DEP,6,05439000,IGNORAR,AUTO_IGNORAR,
Vila Madalena,JD MADALENA,6,"05443000, 05441020, 05439030, 05441010",FORA,PADRAO_FORA,nome pequeno/sem regra: padrão conservador
Vila Madalena,MANSAO DOS PINHEIROS,6,05434020,FORA,PADRAO_FORA,nome pequeno/sem regra: padrão conservador
Vila Mariana,VIA MARIANA,6,"04011910, 04011911, 04111010, 04111001, 04119060",FORA,PADRAO_FORA,nome pequeno/sem regra: padrão conservador
Vila Mariana,VLCLEMENTINO,6,"04017060, 04038001, 04038040, 04041001, 04041053",FORA,PADRAO_FORA,nome pequeno/sem regra: padrão conservador
Vila Mariana,VG DESCOBERTA,6,04111000,FORA,PADRAO_FORA,nome pequeno/sem regra: padrão conservador
Vila Mariana,JD SAUDE,6,"04118020, 04117091, 04115030, 04127001, 04041054",FORA,PADRAO_FORA,nome pequeno/sem regra: padrão conservador
Vila Mariana,VILA GLORIA,6,"04117120, 04115100, 04117150, 04116000",FORA,PADRAO_FORA,nome pequeno/sem regra: padrão conservador
Vila Mariana,JDIM VILA MARIANA,6,"04116280, 04116020",FORA,PADRAO_FORA,nome pequeno/sem regra: padrão conservador
Vila Mariana,ELIA,6,"04118060, 04118030, 04118010",FORA,PADRAO_FORA,nome pequeno/sem regra: padrão conservador
Vila Mariana,VILA BIANCA,6,"02017030, 02017040",FORA,PADRAO_FORA,nome pequeno/sem regra: padrão conservador
Vila Mariana,V STA CATARINA,6,"04376110, 04376004, 04376040, 04376008",FORA,PADRAO_FORA,nome pequeno/sem regra: padrão conservador
Vila Nova Conceição,VILA NOVA COCEICAO,6,"04510000, 04507010, 04509020",FORA,PADRAO_FORA,nome pequeno/sem regra: padrão conservador
Vila Nova Conceição,VILA NOVA CONCECAO,6,"04507110, 04508011, 04508031, 04510909, 04510001",FORA,PADRAO_FORA,nome pequeno/sem regra: padrão conservador
Vila da Saúde,BOX,6,04146050,FORA,PADRAO_FORA,nome pequeno/sem regra: padrão conservador
Alto da Boa Vista,S. AMARO,5,"04738900, 04739000, 04741110",FORA,PADRAO_FORA,nome pequeno/sem regra: padrão conservador
Bela Vista,GARA,5,01322000,FORA,PADRAO_FORA,nome pequeno/sem regra: padrão conservador
Bela Vista,V BELA VISTA,5,"02617090, 02617080, 02617070, 02617010",FORA,PADRAO_FORA,nome pequeno/sem regra: padrão conservador
Bela Vista,VL N CACHOEIRINHA,5,"02617090, 02617100",FORA,PADRAO_FORA,nome pequeno/sem regra: padrão conservador
Bela Vista,VILA N CACHOEIRINHA,5,"02617100, 02617050, 02617160, 02617000",FORA,PADRAO_FORA,nome pequeno/sem regra: padrão conservador
Bosque da Saúde,BQ DA SAUDE,5,"04137000, 04135001, 04136100, 04136130, 04135000",FORA,PADRAO_FORA,nome pequeno/sem regra: padrão conservador
Bosque da Saúde,VLA MORAES,5,04157080,FORA,PADRAO_FORA,nome pequeno/sem regra: padrão conservador
Brooklin,VL UNIAO,5,"04707060, 04707903, 04707907, 04710020, 04710010",FORA,PADRAO_FORA,nome pequeno/sem regra: padrão conservador
Brooklin,VILA HENRIQUE,5,"04709011, 04702001, 04707050",FORA,PADRAO_FORA,nome pequeno/sem regra: padrão conservador
Brooklin,BOOKLIN,5,"04559003, 04702000, 04581040, 04622010",FORA,PADRAO_FORA,nome pequeno/sem regra: padrão conservador
Brooklin,JARDIM CORDEIRO,5,"04583020, 04583000, 04581001, 04582030, 04637110",FORA,PADRAO_FORA,nome pequeno/sem regra: padrão conservador
Brooklin,BOOKLIN PAULISTA,5,"04559003, 04556200, 04562902, 04621000, 04620002",FORA,PADRAO_FORA,nome pequeno/sem regra: padrão conservador
Brooklin,SAO FRANCISCO,5,"04709110, 04710190",FORA,PADRAO_FORA,nome pequeno/sem regra: padrão conservador
Brooklin,SAO PAULO,5,"04562030, 04580020",FORA,PADRAO_FORA,nome pequeno/sem regra: padrão conservador
Brooklin,CORDEIRO,5,"04710010, 04710001, 04707061, 04623010",FORA,PADRAO_FORA,nome pequeno/sem regra: padrão conservador
Brooklin,BROOKLIN PAULIST VELHO,5,04622001,FORA,PADRAO_FORA,nome pequeno/sem regra: padrão conservador
Brooklin,VL CARMEN,5,"04637001, 04623050, 04637050",FORA,PADRAO_FORA,nome pequeno/sem regra: padrão conservador
Brooklin,SANTA CATARINA,5,04635001,FORA,PADRAO_FORA,nome pequeno/sem regra: padrão conservador
Brooklin,VL. PAULISTA,5,04635030,FORA,PADRAO_FORA,nome pequeno/sem regra: padrão conservador
Cambuci,CAMBUCY,5,"01518010, 01521000, 01536000, 01523020",FORA,PADRAO_FORA,nome pequeno/sem regra: padrão conservador
Cambuci,GLICERIO,5,"01518010, 01518020",FORA,PADRAO_FORA,nome pequeno/sem regra: padrão conservador
Cambuci,CAMBUCCI,5,"01534000, 01520020, 01539010, 01535010",FORA,PADRAO_FORA,nome pequeno/sem regra: padrão conservador
Campo Belo,CAMPO BELO /IBIRAPUERA,5,"04618030, 04618032, 04618902, 04618000, 04632040",FORA,PADRAO_FORA,nome pequeno/sem regra: padrão conservador
Campo Belo,CAMPO BELLO,5,"04602006, 04614902, 04619003, 04617004, 04619000",FORA,PADRAO_FORA,nome pequeno/sem regra: padrão conservador
Campo Belo,CPO BELO,5,"04608002, 04610901, 04615006, 04624090, 04613002",FORA,PADRAO_FORA,nome pequeno/sem regra: padrão conservador
Campo Belo,SIMPLES     CAMPO BELO,5,04618918,FORA,PADRAO_FORA,nome pequeno/sem regra: padrão conservador
Campo Belo,SAO PAULO,5,"04632011, 04625070, 05684011",FORA,PADRAO_FORA,nome pequeno/sem regra: padrão conservador
Campo Belo,COB TIPO A,5,04361050,FORA,PADRAO_FORA,nome pequeno/sem regra: padrão conservador
Campo Belo,COB TIPO/A,5,04361050,FORA,PADRAO_FORA,nome pequeno/sem regra: padrão conservador
Campo Belo,JARDIM MONT KEMEL,5,"05634050, 05634060, 05634010, 05634020, 05634001",FORA,PADRAO_FORA,nome pequeno/sem regra: padrão conservador
Campo Belo,VILA SUZANA,5,"05634001, 05634900",FORA,PADRAO_FORA,nome pequeno/sem regra: padrão conservador
Campo Belo,REAL PARQUE-MORUMBI,5,05684020,FORA,PADRAO_FORA,nome pequeno/sem regra: padrão conservador
Chácara Inglesa,JARDIM FELICIDADE,5,"05145901, 05145903",FORA,PADRAO_FORA,nome pequeno/sem regra: padrão conservador
Chácara Inglesa,VILA INGLESA,5,"04141100, 04140080, 04140000, 04141130",FORA,PADRAO_FORA,nome pequeno/sem regra: padrão conservador
Chácara Inglesa,ALA B  CHAC. INGLESA,5,04140000,IGNORAR,AUTO_IGNORAR,
Consolação,RUA BASILIO DA GAMA,5,01046001,FORA,PADRAO_FORA,nome pequeno/sem regra: padrão conservador
Consolação,O B,5,"01243000, 01046925",FORA,PADRAO_FORA,nome pequeno/sem regra: padrão conservador
Consolação,CERQUIRA CESAR,5,"01415000, 01304001, 01307002, 01414000, 01414003",FORA,PADRAO_FORA,nome pequeno/sem regra: padrão conservador
Consolação,CERQUERIA CESAR,5,"01415000, 01305100, 01307900, 01415008, 01412100",FORA,PADRAO_FORA,nome pequeno/sem regra: padrão conservador
Consolação,CER CESAR,5,"01307002, 01414904, 01415008, 01412100",FORA,PADRAO_FORA,nome pequeno/sem regra: padrão conservador
Consolação,AGE,5,01416001,FORA,PADRAO_FORA,nome pequeno/sem regra: padrão conservador
Higienópolis,OLO,5,01239011,FORA,PADRAO_FORA,nome pequeno/sem regra: padrão conservador
Ibirapuera,JARDIM LUZITANEA,5,"04032120, 04031050, 04031100, 04031060",FORA,PADRAO_FORA,nome pequeno/sem regra: padrão conservador
Ibirapuera,VILA UNIAO,5,"04708903, 04708040",FORA,PADRAO_FORA,nome pequeno/sem regra: padrão conservador
Ibirapuera,CD VILLA DELLE PALME,5,04640020,IGNORAR,AUTO_IGNORAR,
Ibirapuera,VL IRMA,5,"05625030, 05625100",FORA,PADRAO_FORA,nome pequeno/sem regra: padrão conservador
Ibirapuera,JD VIANNA,5,"05654000, 05654010",FORA,PADRAO_FORA,nome pequeno/sem regra: padrão conservador
Ibirapuera,STADIO,5,05654010,FORA,PADRAO_FORA,nome pequeno/sem regra: padrão conservador
Ibirapuera,TADIO,5,"05654010, 05654030",FORA,PADRAO_FORA,nome pequeno/sem regra: padrão conservador
Indianópolis,SAO PAULO,5,"04075901, 04517050, 04082000, 04029200, 04088006",FORA,PADRAO_FORA,nome pequeno/sem regra: padrão conservador
Indianópolis,INDIANPOLIS,5,"04513090, 04524003, 04511011, 04511060, 04080003",FORA,PADRAO_FORA,nome pequeno/sem regra: padrão conservador
Indianópolis,VG DESCOBERTA,5,04523918,FORA,PADRAO_FORA,nome pequeno/sem regra: padrão conservador
Indianópolis,PL PAULISTA,5,"04057000, 04075023, 04082005, 04081006",FORA,PADRAO_FORA,nome pequeno/sem regra: padrão conservador
Ipiranga,ARANA,5,04207909,FORA,PADRAO_FORA,nome pequeno/sem regra: padrão conservador
Ipiranga,SAO PAULO,5,"04214000, 04276060, 04277020, 04284000, 04284070",FORA,PADRAO_FORA,nome pequeno/sem regra: padrão conservador
Ipiranga,IPIRANGA SAO PAULO S,5,"04279060, 04278000, 04250090, 04255120, 04256180",FORA,PADRAO_FORA,nome pequeno/sem regra: padrão conservador
Ipiranga,MOINHO VELHOIPIRANGA,5,"04284080, 04283000, 04285130, 04249050",FORA,PADRAO_FORA,nome pequeno/sem regra: padrão conservador
Ipiranga,V MOINHO VELHO,5,"04286130, 04284070, 04286100, 04285001",FORA,PADRAO_FORA,nome pequeno/sem regra: padrão conservador
Ipiranga,VILA BRAS MACHADO,5,"04288000, 04288090, 04288150, 04288110",FORA,PADRAO_FORA,nome pequeno/sem regra: padrão conservador
Ipiranga,MOINHO VELHO IPIRANGA,5,"04284000, 04286130",FORA,PADRAO_FORA,nome pequeno/sem regra: padrão conservador
Ipiranga,VILA DA MERCES,5,"04162900, 04162070",FORA,PADRAO_FORA,nome pequeno/sem regra: padrão conservador
Ipiranga,VL. VERA,5,"04296030, 04295000, 04162002, 04294030",FORA,PADRAO_FORA,nome pequeno/sem regra: padrão conservador
Ipiranga,VILA BANDEIRANTES,5,"04249070, 04250040, 04247002, 04249060",FORA,PADRAO_FORA,nome pequeno/sem regra: padrão conservador
Ipiranga,VL VERMELHA,5,"04295030, 04162900",FORA,PADRAO_FORA,nome pequeno/sem regra: padrão conservador
Ipiranga,VL CDE PINHAL,5,"04251020, 04251040, 04251030",FORA,PADRAO_FORA,nome pequeno/sem regra: padrão conservador
Ipiranga,JARDIM IMPERADOR,5,"04177180, 04177100, 04177010, 04177270, 04177210",FORA,PADRAO_FORA,nome pequeno/sem regra: padrão conservador
Ipiranga,LUCIA,5,"04191090, 04191030, 04191070",FORA,PADRAO_FORA,nome pequeno/sem regra: padrão conservador
Ipiranga,JD DOLIMAR,5,"04191050, 04191030, 04191060",FORA,PADRAO_FORA,nome pequeno/sem regra: padrão conservador
Itaim Bibi,ITAM,5,"04537070, 04530070, 04530051, 04534004",FORA,PADRAO_FORA,nome pequeno/sem regra: padrão conservador
Itaim Bibi,ITAIN BIBI,5,"04535001, 04533907, 04534002",FORA,PADRAO_FORA,nome pequeno/sem regra: padrão conservador
Jardim América,COM DUAS VAGAS NA GARA,5,05409011,FORA,PADRAO_FORA,nome pequeno/sem regra: padrão conservador
Jardim América,J PAULISTANO,5,"05414010, 01454010, 01454904, 01455020, 01454902",FORA,PADRAO_FORA,nome pequeno/sem regra: padrão conservador
Jardim Paulista,JARIM PAULISTA,5,"01424003, 01421000, 01404100, 01422003",FORA,PADRAO_FORA,nome pequeno/sem regra: padrão conservador
Jardim Paulista,S,5,"01422003, 01408001",FORA,PADRAO_FORA,nome pequeno/sem regra: padrão conservador
Jardim Paulista,AURUS,5,01403010,FORA,PADRAO_FORA,nome pequeno/sem regra: padrão conservador
Jardim Paulista,RD JOSE HACHEM,5,01421003,FORA,PADRAO_FORA,nome pequeno/sem regra: padrão conservador
Jardim Paulistano,JARDIM HELENA,5,"08080490, 08080650, 08080160, 08080310",FORA,PADRAO_FORA,nome pequeno/sem regra: padrão conservador
Jardim Paulistano,LISTANO,5,"08080320, 08080360, 08080230, 02814040, 02812000",FORA,PADRAO_FORA,nome pequeno/sem regra: padrão conservador
Jardim Paulistano,Q PAULISTANO,5,"08080110, 08080130, 08080370, 08080380, 08080270",FORA,PADRAO_FORA,nome pequeno/sem regra: padrão conservador
Jardim Paulistano,JD MIKAIL,5,"08080440, 08080490, 08080430",FORA,PADRAO_FORA,nome pequeno/sem regra: padrão conservador
Jardim Paulistano,JD MAIA,5,"08080320, 08080570",FORA,PADRAO_FORA,nome pequeno/sem regra: padrão conservador
Lapa,SAO PAULO,5,"05047001, 05302060, 05468040, 05468150, 05069030",FORA,PADRAO_FORA,nome pequeno/sem regra: padrão conservador
Lapa,VILA ROMANA LAPA,5,"05051030, 05045050, 05046000, 05044010, 05061250",FORA,PADRAO_FORA,nome pequeno/sem regra: padrão conservador
Lapa,N SIRO,5,05060030,FORA,PADRAO_FORA,nome pequeno/sem regra: padrão conservador
Lapa,IPOJUCA,5,"05058000, 05056000, 05058001, 05056023, 05054010",FORA,PADRAO_FORA,nome pequeno/sem regra: padrão conservador
Lapa,V ANGLO BRASILEIRA,5,"05053070, 05053060, 05053020, 05052000",FORA,PADRAO_FORA,nome pequeno/sem regra: padrão conservador
Lapa,VL. AURORA,5,"02409060, 02409070",FORA,PADRAO_FORA,nome pequeno/sem regra: padrão conservador
Lapa,VILA BELA ALIANCA,5,"05085000, 05088000, 05085010, 05077903",FORA,PADRAO_FORA,nome pequeno/sem regra: padrão conservador
Lapa,VL HAMBURGUEZA,5,"05303100, 05303000, 05305031, 05305003",FORA,PADRAO_FORA,nome pequeno/sem regra: padrão conservador
Lapa,S,5,"05468040, 05460020, 05460010, 05077000, 05038090",FORA,PADRAO_FORA,nome pequeno/sem regra: padrão conservador
Lapa,DOS LIRIOS,5,05038090,FORA,PADRAO_FORA,nome pequeno/sem regra: padrão conservador
Lapa,DAS ROSAS,5,05038090,FORA,PADRAO_FORA,nome pequeno/sem regra: padrão conservador
Lapa,TULIPAS,5,05038090,FORA,PADRAO_FORA,nome pequeno/sem regra: padrão conservador
Lapa,JASMINS,5,05038090,FORA,PADRAO_FORA,nome pequeno/sem regra: padrão conservador
Lapa,VIOLETAS,5,05038090,FORA,PADRAO_FORA,nome pequeno/sem regra: padrão conservador
Mirandópolis,SIMPLES   TIPO A,5,04042004,FORA,PADRAO_FORA,nome pequeno/sem regra: padrão conservador
Mirandópolis,MIRANDOPLIS,5,"04046000, 04049050, 04052030, 04052010, 04047002",FORA,PADRAO_FORA,nome pequeno/sem regra: padrão conservador
Mirandópolis,VILA DO BOSQUE,5,04045900,FORA,PADRAO_FORA,nome pequeno/sem regra: padrão conservador
Mirandópolis,PARQUE IMPERIAL,5,"04055110, 04045003, 04046400",FORA,PADRAO_FORA,nome pequeno/sem regra: padrão conservador
Moema,DEP,5,04076010,IGNORAR,AUTO_IGNORAR,
Moema,AEROPORTO,5,"04076012, 04084006, 04084005",FORA,PADRAO_FORA,nome pequeno/sem regra: padrão conservador
Mooca,VILA REJENTE FEIJO,5,"03344015, 03344000, 03344040",FORA,PADRAO_FORA,nome pequeno/sem regra: padrão conservador
Mooca,VL REG FEIJO,5,"03372015, 03346010",FORA,PADRAO_FORA,nome pequeno/sem regra: padrão conservador
Mooca,VILA LIBANEZA,5,"03192100, 03192130, 03192010, 03195100",FORA,PADRAO_FORA,nome pequeno/sem regra: padrão conservador
Mooca,VILA LUCIA ELVIRA,5,"03190030, 03190170, 03190020",FORA,PADRAO_FORA,nome pequeno/sem regra: padrão conservador
Mooca,CHAC BELENZINHO,5,"03373000, 03373100",FORA,PADRAO_FORA,nome pequeno/sem regra: padrão conservador
Paraíso,PARISO,5,"04002021, 04002910, 04004050",FORA,PADRAO_FORA,nome pequeno/sem regra: padrão conservador
Paraíso,ACLIMCAO,5,"01531000, 01531060, 01533000, 01533010, 04109100",FORA,PADRAO_FORA,nome pequeno/sem regra: padrão conservador
Paraíso,TRIPLEX,5,"04001130, 04003043",FORA,PADRAO_FORA,nome pequeno/sem regra: padrão conservador
Pinheiros,PINEHIROS,5,"05419000, 05407002, 05415030, 05427010",FORA,PADRAO_FORA,nome pequeno/sem regra: padrão conservador
Pinheiros,PIMHEIROS,5,"05415012, 05416011, 05418000, 05428050",FORA,PADRAO_FORA,nome pequeno/sem regra: padrão conservador
Pinheiros,FRANCISCO,5,05352140,FORA,PADRAO_FORA,nome pequeno/sem regra: padrão conservador
Pinheiros,TIPO D SIMPLES,5,05352903,FORA,PADRAO_FORA,nome pequeno/sem regra: padrão conservador
Pinheiros,TIPO I DUPLA,5,05352903,FORA,PADRAO_FORA,nome pequeno/sem regra: padrão conservador
Pinheiros,JARDIM UNIVERSIDADE,5,05425070,FORA,PADRAO_FORA,nome pequeno/sem regra: padrão conservador
Pompéia,VLA ANGLO BRASILEIRA,5,"05027000, 05027070, 05027030",FORA,PADRAO_FORA,nome pequeno/sem regra: padrão conservador
Santa Cecília,SANTA CECEILIA,5,"01226030, 01215010, 01224050, 01232010, 01233010",FORA,PADRAO_FORA,nome pequeno/sem regra: padrão conservador
Santa Cecília,LUZ,5,"01218020, 01216000, 01206010, 01214000",FORA,PADRAO_FORA,nome pequeno/sem regra: padrão conservador
Tatuapé,BRAZ,5,"03063000, 03019030, 03019050, 03019010",FORA,PADRAO_FORA,nome pequeno/sem regra: padrão conservador
Tatuapé,QUARTA PARADA,5,"03302000, 03304090",FORA,PADRAO_FORA,nome pequeno/sem regra: padrão conservador
Tatuapé,SETOR COMERCIAL,5,"03305000, 03065070",FORA,PADRAO_FORA,nome pequeno/sem regra: padrão conservador
Tatuapé,TATUAE,5,"03324002, 03307900, 03319001, 03089000",FORA,PADRAO_FORA,nome pequeno/sem regra: padrão conservador
Tatuapé,VL EMA,5,"03376010, 03375000, 03376135, 03380030",FORA,PADRAO_FORA,nome pequeno/sem regra: padrão conservador
Tatuapé,CHAC REGENTE FEIJO,5,03334060,FORA,PADRAO_FORA,nome pequeno/sem regra: padrão conservador
Tatuapé,TIPO E,5,"03357010, 03334000",FORA,PADRAO_FORA,nome pequeno/sem regra: padrão conservador
Tatuapé,JDIM ANALIA FRANCO,5,"03337060, 03333000, 03337000",FORA,PADRAO_FORA,nome pequeno/sem regra: padrão conservador
Tatuapé,VILA STO ESTEVAO,5,"03410020, 03313900, 03325010, 03409010",FORA,PADRAO_FORA,nome pequeno/sem regra: padrão conservador
Tatuapé,VILACARRAO,5,"03426000, 03429000, 03425040, 03448010, 03471000",FORA,PADRAO_FORA,nome pequeno/sem regra: padrão conservador
Tatuapé,VL CARRAO / TATUAPE,5,"03319902, 03425000, 03402010",FORA,PADRAO_FORA,nome pequeno/sem regra: padrão conservador
Tatuapé,PAV SUPERIOR,5,"03424020, 03087010",FORA,PADRAO_FORA,nome pequeno/sem regra: padrão conservador
Tatuapé,VILA STA ISABEL,5,"03425060, 03428000, 03432020, 03432000",FORA,PADRAO_FORA,nome pequeno/sem regra: padrão conservador
Tatuapé,ARIOS,5,03357015,FORA,PADRAO_FORA,nome pequeno/sem regra: padrão conservador
Tatuapé,VILA MARANHAO,5,"03072000, 03073060, 03072030, 03090020",FORA,PADRAO_FORA,nome pequeno/sem regra: padrão conservador
Tatuapé,ETA,5,"03476010, 03474000, 03475080, 03474060",FORA,PADRAO_FORA,nome pequeno/sem regra: padrão conservador
Tatuapé,A MARIA,5,"03480090, 03930060, 03930040",FORA,PADRAO_FORA,nome pequeno/sem regra: padrão conservador
Tatuapé,VA CARRAO,5,"03908110, 03908000",FORA,PADRAO_FORA,nome pequeno/sem regra: padrão conservador
Tatuapé,B DOS FONSECAS,5,03908010,FORA,PADRAO_FORA,nome pequeno/sem regra: padrão conservador
Tatuapé,B DOS FONSECA,5,03908010,FORA,PADRAO_FORA,nome pequeno/sem regra: padrão conservador
Tatuapé,VL S JORGE,5,03911050,FORA,PADRAO_FORA,nome pequeno/sem regra: padrão conservador
Tatuapé,JD. CATARINA,5,"03910080, 03910020",FORA,PADRAO_FORA,nome pequeno/sem regra: padrão conservador
Tatuapé,JD ITAMARATI,5,03930310,FORA,PADRAO_FORA,nome pequeno/sem regra: padrão conservador
Tatuapé,VL TEREZINHA,5,"03380070, 03380030, 03380050",FORA,PADRAO_FORA,nome pequeno/sem regra: padrão conservador
Vila Gumercindo,VLGUMERCINDO,5,"04129000, 04134020, 04134000, 04289137, 04131900",FORA,PADRAO_FORA,nome pequeno/sem regra: padrão conservador
Vila Gumercindo,VL GUMERCINDA,5,"04134040, 04131040",FORA,PADRAO_FORA,nome pequeno/sem regra: padrão conservador
Vila Gumercindo,BRASILIO MACHADO,5,"04289000, 04289140, 04289030, 04289060",FORA,PADRAO_FORA,nome pequeno/sem regra: padrão conservador
Vila Gumercindo,VILA MORAIS,5,"04132002, 04133300",FORA,PADRAO_FORA,nome pequeno/sem regra: padrão conservador
Vila Madalena,VL JATAY,5,"05451020, 05451090, 05448020",FORA,PADRAO_FORA,nome pequeno/sem regra: padrão conservador
Vila Madalena,ALTO DE PINHEIRO,5,"05449030, 05447000, 05447090, 05447130, 05434020",FORA,PADRAO_FORA,nome pequeno/sem regra: padrão conservador
Vila Madalena,PQ REBOUCAS,5,"05447060, 05447010, 05448010",FORA,PADRAO_FORA,nome pequeno/sem regra: padrão conservador
Vila Madalena,RANDAS,5,"05442020, 05442000",FORA,PADRAO_FORA,nome pequeno/sem regra: padrão conservador
Vila Madalena,JD DOS JACARANDA,5,05442030,FORA,PADRAO_FORA,nome pequeno/sem regra: padrão conservador
Vila Madalena,ALENA,5,"05443000, 05442050, 05439080",FORA,PADRAO_FORA,nome pequeno/sem regra: padrão conservador
Vila Madalena,TIPO D,5,05434020,FORA,PADRAO_FORA,nome pequeno/sem regra: padrão conservador
Vila Madalena,TIPO E,5,05434020,FORA,PADRAO_FORA,nome pequeno/sem regra: padrão conservador
Vila Madalena,TIPO F,5,05434020,FORA,PADRAO_FORA,nome pequeno/sem regra: padrão conservador
Vila Mariana,VLA MARIANA,5,"04011902, 04107020, 04118080, 04127000, 04127140",FORA,PADRAO_FORA,nome pequeno/sem regra: padrão conservador
Vila Mariana,AND,5,04016002,FORA,PADRAO_FORA,nome pequeno/sem regra: padrão conservador
Vila Mariana,CHAC KLABIN,5,"04113001, 04116210",FORA,PADRAO_FORA,nome pequeno/sem regra: padrão conservador
Vila Mariana,VILA CLMENTINO,5,"04038900, 04041002, 04041053, 04044020, 04041054",FORA,PADRAO_FORA,nome pequeno/sem regra: padrão conservador
Vila Mariana,STA CRUZ,5,"04035001, 04040031, 04121002",FORA,PADRAO_FORA,nome pequeno/sem regra: padrão conservador
Vila Olímpia,CHACARA ITAIM,5,"04544000, 04544051, 04544050, 04545904, 04545050",FORA,PADRAO_FORA,nome pequeno/sem regra: padrão conservador
Tatuapé,TATUAPE,28277,"03314000, 03315000, 03320000, 03312052, 03317000",Tatuapé,AUTO_CARTEIRA,
Perdizes,PERDIZES,21600,"05019000, 05009000, 05010000, 05013001, 05017000",Perdizes,AUTO_CARTEIRA,
Bela Vista,BELA VISTA,21324,"01315000, 01306010, 01325000, 01313000, 01319030",Bela Vista,AUTO_CARTEIRA,
Ipiranga,IPIRANGA,15893,"04257100, 04208050, 04216060, 04277000, 04206905",Ipiranga,AUTO_CARTEIRA,
Vila Mariana,VILA MARIANA,15768,"04011061, 04015050, 04117040, 04111000, 04101901",Vila Mariana,AUTO_CARTEIRA,
Mooca,MOOCA,14085,"03110010, 03112090, 03114000, 03166001, 03180003",Mooca,AUTO_CARTEIRA,
Pinheiros,PINHEIROS,12056,"05427010, 05417001, 05417030, 05415001, 05423000",Pinheiros,AUTO_CARTEIRA,
Indianópolis,INDIANOPOLIS,11711,"04515030, 04516001, 04522032, 04520013, 04075000",Indianópolis,AUTO_CARTEIRA,
Lapa,LAPA,10611,"05302900, 05047000, 05049000, 05089070, 05056000",Lapa,AUTO_CARTEIRA,
Consolação,CONSOLACAO,10004,"01303001, 01050070, 01221010, 01302902, 01303050",Consolação,AUTO_CARTEIRA,
Campo Belo,CAMPO BELO,8862,"04618032, 04618000, 04618003, 04617007, 04618907",Campo Belo,AUTO_CARTEIRA,
Santa Cecília,SANTA CECILIA,8574,"01229010, 01232000, 01230001, 01230000, 01232001",Santa Cecília,AUTO_CARTEIRA,
Cambuci,CAMBUCI,7881,"01520000, 01537000, 01536000, 01523000, 01542010",Cambuci,AUTO_CARTEIRA,
Indianópolis,MOEMA,7678,"04516000, 04521022, 04515030, 04075903, 04082000",Moema,AUTO_CARTEIRA,
Jardim Paulista,JARDIM PAULISTA,7364,"01403020, 01402000, 01423010, 01403010, 01420001",Jardim Paulista,AUTO_CARTEIRA,
Itaim Bibi,ITAIM BIBI,7266,"04534002, 04542001, 04531011, 04532080, 04532082",Itaim Bibi,AUTO_CARTEIRA,
Brooklin,BROOKLIN,6665,"04565000, 04562000, 04565001, 04570001, 04559904",Brooklin,AUTO_CARTEIRA,
Vila Mariana,VL MARIANA,6638,"04013043, 04015050, 04016035, 04011061, 04101000",Vila Mariana,AUTO_CARTEIRA,
Paraíso,PARAISO,6150,"04003010, 04004000, 04104051, 04004001, 04006052",Paraíso,AUTO_CARTEIRA,
Jardim Paulista,JD PAULISTA,5201,"01408001, 01423010, 01405002, 01420001, 01425010",Jardim Paulista,AUTO_CARTEIRA,
Vila Olímpia,VILA OLIMPIA,4988,"04552050, 04551010, 04547005, 04546003, 04552000",Vila Olímpia,AUTO_CARTEIRA,
Higienópolis,HIGIENOPOLIS,4504,"01238000, 01239040, 01241000, 01240001, 01238001",Higienópolis,AUTO_CARTEIRA,
Itaim Bibi,JD PAULISTA,4076,"04532060, 01451917, 04530000, 01451001, 04531911",Jardim Paulista,AUTO_CARTEIRA,
Mirandópolis,MIRANDOPOLIS,3473,"04052030, 04047003, 04052010, 04043200, 04052020",Mirandópolis,AUTO_CARTEIRA,
Vila Madalena,VILA MADALENA,3429,"05439010, 05433001, 05435000, 05435001, 05435020",Vila Madalena,AUTO_CARTEIRA,
Jardim América,JD AMERICA,3418,"05410000, 05409000, 05413000, 05409011, 01453010",Jardim América,AUTO_CARTEIRA,
Jardim América,PINHEIROS,3382,"05410000, 05409011, 05410001, 05413000, 05414001",Pinheiros,AUTO_CARTEIRA,
Santa Cecília,STA CECILIA,3381,"01229010, 01215010, 01230001, 01232000, 01226010",Santa Cecília,AUTO_CARTEIRA,
Vila Olímpia,VL OLIMPIA,3246,"04551000, 04550004, 04547003, 04548003, 04545000",Vila Olímpia,AUTO_CARTEIRA,
Itaim Bibi,ITAIM,2998,"04531004, 04536010, 04532082, 04534002, 04536070",Itaim Bibi,AUTO_CARTEIRA,
Brooklin,BROOKLIN PAULISTA,2987,"04559002, 04580000, 04581050, 04581903, 04569001",Brooklin,AUTO_CARTEIRA,
Vila Madalena,VL MADALENA,2880,"05435000, 05433002, 05435010, 05435060, 05445905",Vila Madalena,AUTO_CARTEIRA,
Jardim América,JARDIM AMERICA,2578,"05411000, 05409000, 05409011, 05410002, 05410000",Jardim América,AUTO_CARTEIRA,
Moema,MOEMA,2525,"04077020, 04514103, 04514100, 04514032, 04084001",Moema,AUTO_CARTEIRA,
Moema,INDIANOPOLIS,2189,"04514000, 04078900, 04514041, 04514901, 04078002",Indianópolis,AUTO_CARTEIRA,
Brooklin,BROOKLIN NOVO,2175,"04571010, 04571150, 04571917, 04571110, 04560010",Brooklin,AUTO_CARTEIRA,
Planalto Paulista,PLANALTO PAULISTA,2134,"04060003, 04069902, 04058021, 04067030, 04060002",Planalto Paulista,AUTO_CARTEIRA,
Paraíso,VILA MARIANA,1706,"04002908, 04102010, 04006003, 04102001, 04005908",Vila Mariana,AUTO_CARTEIRA,
Itaim Bibi,JARDIM PAULISTA,1589,"04530030, 04533003, 04531922, 04532919, 04533014",Jardim Paulista,AUTO_CARTEIRA,
Perdizes,POMPEIA,1530,"05024000, 05019000, 05020000, 05021010, 05021000",Pompéia,AUTO_CARTEIRA,
Paraíso,VL MARIANA,1486,"04104902, 04006051, 04102001, 04006010, 04001901",Vila Mariana,AUTO_CARTEIRA,
Vila Nova Conceição,VILA NOVA CONCEICAO,1467,"04512050, 04509020, 04512001, 04505001, 04509001",Vila Nova Conceição,AUTO_CARTEIRA,
Higienópolis,CONSOLACAO,1401,"01228200, 01244010, 01239010, 01240030, 01242001",Consolação,AUTO_CARTEIRA,
Vila Gumercindo,VILA GUMERCINDO,1283,"04134000, 04134021, 04130080, 04131000, 04130010",Vila Gumercindo,AUTO_CARTEIRA,
Pinheiros,VL MADALENA,1205,"05417040, 05417050, 05446900, 05417060, 05419000",Vila Madalena,AUTO_CARTEIRA,
Perdizes,SUMARE,1195,"05017000, 01252030, 01258000, 01258011, 01259010",Sumaré,AUTO_CARTEIRA,
Perdizes,VILA POMPEIA,1183,"05024000, 05021010, 05020000, 05019000, 05012020",Pompéia,AUTO_CARTEIRA,
Vila Olímpia,JD PAULISTA,1180,"04551010, 04548020, 04549000, 04545100, 04546904",Jardim Paulista,AUTO_CARTEIRA,
Campo Belo,IBIRAPUERA,1137,"04617907, 04614905, 04602900, 04616005, 04618903",Ibirapuera,AUTO_CARTEIRA,
Bosque da Saúde,BOSQUE DA SAUDE,1136,"04135000, 04135001, 04142091, 04136031, 04137080",Bosque da Saúde,AUTO_CARTEIRA,
Jardim Paulista,BELA VISTA,1134,"01404000, 01403000, 01405100, 01409001, 01404100",Bela Vista,AUTO_CARTEIRA,
Consolação,BELA VISTA,1083,"01303001, 01307001, 01050030, 01307002, 01307000",Bela Vista,AUTO_CARTEIRA,
Pompéia,POMPEIA,1070,"05025020, 05025000, 05025010, 05027000, 05026001",Pompéia,AUTO_CARTEIRA,
Vila Nova Conceição,VL NOVA CONCEICAO,1064,"04510030, 04508903, 04505003, 04510040, 04509902",Vila Nova Conceição,AUTO_CARTEIRA,
Consolação,HIGIENOPOLIS,1057,"01227100, 01227200, 01223901, 01243001, 01243020",Higienópolis,AUTO_CARTEIRA,
Alto da Boa Vista,ALTO DA BOA VISTA,1054,"04735005, 04739060, 04748030, 04735001, 04734001",Alto da Boa Vista,AUTO_CARTEIRA,
Jardim Paulistano,JD PAULISTANO,1040,"02814000, 02812000, 02814010, 01452922, 02814030",Jardim Paulistano,AUTO_CARTEIRA,
Brooklin,IBIRAPUERA,1038,"04560000, 04562000, 04635010, 04635904, 04571110",Ibirapuera,AUTO_CARTEIRA,
Sumaré,SUMARE,1012,"01257000, 01254000, 01255000, 01254901, 01257030",Sumaré,AUTO_CARTEIRA,
Ibirapuera,IBIRAPUERA,997,"04566000, 04604001, 05706290, 04708903, 04566002",Ibirapuera,AUTO_CARTEIRA,
Chácara Inglesa,CHACARA INGLESA,939,"04140000, 04140110, 04141100, 04141001, 04140080",Chácara Inglesa,AUTO_CARTEIRA,
Bela Vista,CONSOLACAO,924,"01312000, 01314000, 01306040, 01306001, 01306010",Consolação,AUTO_CARTEIRA,
Chácara Santo Antônio,CHACARA STO ANTONIO,851,"04719904, 04717911, 04716003, 04717003, 04716001",Chácara Santo Antônio,AUTO_CARTEIRA,
Pompéia,PERDIZES,836,"05025000, 05027020, 05023001, 05025010, 05025001",Perdizes,AUTO_CARTEIRA,
Bela Vista,JD PAULISTA,828,"01311940, 01419001, 01419002, 01311913, 01419100",Jardim Paulista,AUTO_CARTEIRA,
Santa Cecília,HIGIENOPOLIS,824,"01224010, 01229001, 01229010, 01230010, 01229000",Higienópolis,AUTO_CARTEIRA,
Bela Vista,PARAISO,819,"01419000, 01321001, 01323140, 01323001, 01323050",Paraíso,AUTO_CARTEIRA,
Jardim Paulistano,JD AMERICA,777,"01452001, 01452924, 01452913, 01452918, 01452904",Jardim América,AUTO_CARTEIRA,
Planalto Paulista,INDIANOPOLIS,758,"04069050, 04061000, 04060000, 04064002, 04083000",Indianópolis,AUTO_CARTEIRA,
Pompéia,VILA POMPEIA,723,"05023000, 05025010, 05026000, 05022000, 05027000",Pompéia,AUTO_CARTEIRA,
Higienópolis,SANTA CECILIA,686,"01228000, 01238010, 01228900, 01238000, 01228100",Santa Cecília,AUTO_CARTEIRA,
Campo Belo,BROOKLIN,680,"04602001, 04601001, 04602000, 04601000, 04609010",Brooklin,AUTO_CARTEIRA,
Jardim Paulistano,JARDIM PAULISTANO,672,"01452922, 01443000, 01452000, 01452001, 01457000",Jardim Paulistano,AUTO_CARTEIRA,
Jardim da Glória,JARDIM DA GLORIA,602,"01545030, 01546020, 01547000, 01546000, 01545010",Jardim da Glória,AUTO_CARTEIRA,
Consolação,SANTA CECILIA,583,"01227000, 01223001, 01219010, 01227200, 01221020",Santa Cecília,AUTO_CARTEIRA,
Campo Belo,BROOKLIN PAULISTA,579,"04610900, 04602000, 04602903, 04601000, 04602003",Brooklin,AUTO_CARTEIRA,
Vila Nova Conceição,INDIANOPOLIS,573,"04505002, 04512001, 04512900, 04510906, 04510904",Indianópolis,AUTO_CARTEIRA,
Brooklin,VILA CORDEIRO,562,"04581050, 04583912, 04583001, 04582000, 04583916",Vila Cordeiro,AUTO_CARTEIRA,
Pacaembu,PACAEMBU,525,"01236000, 01245000, 01237000, 01249000, 01247000",Pacaembu,AUTO_CARTEIRA,
Pinheiros,VILA MADALENA,523,"05416002, 05432070, 05417070, 05432010, 05416011",Vila Madalena,AUTO_CARTEIRA,
Perdizes,VL POMPEIA,514,"05008010, 05021010, 05024000, 05017000, 05010040",Pompéia,AUTO_CARTEIRA,
Vila Nova Conceição,JD PAULISTA,508,"04508031, 04510001, 04507000, 04508901, 04509900",Jardim Paulista,AUTO_CARTEIRA,
Itaim Bibi,VL OLIMPIA,502,"04537900, 04537070, 04537905, 04537040, 04537002",Vila Olímpia,AUTO_CARTEIRA,
Vila Mariana,PARAISO,468,"04008050, 04011061, 04101000, 04013000, 04013001",Paraíso,AUTO_CARTEIRA,
Jardim Paulista,JARDINS,465,"01407000, 01411000, 01424004, 01424003, 01424006",Jardins,AUTO_CARTEIRA,
Jardim América,JD PAULISTA,460,"01454905, 01453903, 01453906, 01453900, 01453011",Jardim Paulista,AUTO_CARTEIRA,
Sumaré,PERDIZES,459,"01257040, 01257010, 01257000, 01257030, 01254000",Perdizes,AUTO_CARTEIRA,
Jardim Paulista,JD. PAULISTA,445,"01420007, 01423010, 01425010, 01423003, 01425011",Jardim Paulista,AUTO_CARTEIRA,
Jardim América,JARDIM EUROPA,436,"01455010, 01454901, 01455060, 01455000, 01453010",Jardim Europa,AUTO_CARTEIRA,
Jardim Paulistano,PINHEIROS,419,"01452923, 01452921, 01452919, 01452920, 01452002",Pinheiros,AUTO_CARTEIRA,
Pinheiros,JARDIM AMERICA,417,"05406000, 05407000, 05404001, 05405000, 05406040",Jardim América,AUTO_CARTEIRA,
Itaim Bibi,VILA OLIMPIA,415,"04537901, 04537080, 04537082, 04535110, 04537900",Vila Olímpia,AUTO_CARTEIRA,
Jardim Paulista,JARDIM AMERICA,395,"01425001, 01434100, 05401300, 01405001, 01409002",Jardim América,AUTO_CARTEIRA,
Pompéia,VL POMPEIA,393,"05027000, 05025000, 05026001, 05023000, 05025010",Pompéia,AUTO_CARTEIRA,
Moema,PLANALTO PAULISTA,378,"04077020, 04076011, 04084006, 04078011, 04076010",Planalto Paulista,AUTO_CARTEIRA,
Brooklin,CAMPO BELO,372,"04620900, 04620013, 04635071, 04621010, 04620011",Campo Belo,AUTO_CARTEIRA,
Cambuci,IPIRANGA,369,"01536001, 04260020, 01552001, 01552000, 01548000",Ipiranga,AUTO_CARTEIRA,
Jardim América,JARDIM PAULISTANO,368,"01454901, 01454020, 01489900, 01454904, 01455070",Jardim Paulistano,AUTO_CARTEIRA,
Vila Mariana,VL. MARIANA,365,"04118080, 04018031, 04117100, 04011061, 04111001",Vila Mariana,AUTO_CARTEIRA,
Vila Mariana,V MARIANA,357,"04015002, 04011061, 04014010, 04111021, 04117091",Vila Mariana,AUTO_CARTEIRA,
Moema,VILA UBERABINHA,354,"04514040, 04514103, 04514030, 04514100, 04514050",Vila Uberabinha,AUTO_CARTEIRA,
Indianópolis,VL NOVA CONCEICAO,352,"04511011, 04511001, 04511040, 04511902, 04513000",Vila Nova Conceição,AUTO_CARTEIRA,
Indianópolis,VILA NOVA CONCEICAO,347,"04511001, 04511060, 04511010, 04511011, 04513060",Vila Nova Conceição,AUTO_CARTEIRA,
Itaim Bibi,JD AMERICA,346,"01451907, 01451001, 01451011, 01451905, 01451908",Jardim América,AUTO_CARTEIRA,
Chácara Santo Antônio,CHAC SANTO ANTONIO,342,"04716003, 04719070, 04718001, 04716001, 04717004",Chácara Santo Antônio,AUTO_CARTEIRA,
Vila Olímpia,JARDIM PAULISTA,340,"04544000, 04552050, 04547003, 04552060, 04552000",Jardim Paulista,AUTO_CARTEIRA,
Vila Gumercindo,VL GUMERCINDO,338,"04134021, 04130010, 04134001, 04129000, 04134040",Vila Gumercindo,AUTO_CARTEIRA,
Bela Vista,VL MARIANA,325,"01311910, 01419000, 01311000, 01419001, 01323010",Vila Mariana,AUTO_CARTEIRA,
Vila da Saúde,VILA DA SAUDE,317,"04143010, 04146051, 04146050, 04144901, 04144900",Vila da Saúde,AUTO_CARTEIRA,
Indianópolis,PLANALTO PAULISTA,292,"04057000, 04081006, 04082006, 04081005, 04062003",Planalto Paulista,AUTO_CARTEIRA,
Chácara Santo Antônio,CHAC STO ANTONIO,287,"04717910, 04716001, 04713002, 04713001, 04711000",Chácara Santo Antônio,AUTO_CARTEIRA,
Pinheiros,ITAIM BIBI,284,"04538110, 04538905, 04538902, 04538132, 04538002",Itaim Bibi,AUTO_CARTEIRA,
Itaim Bibi,BROOKLIN,280,"04705010, 04705902, 04705000, 04705903, 04705060",Brooklin,AUTO_CARTEIRA,
Mirandópolis,PLANALTO PAULISTA,270,"04046500, 04053042, 04053043, 04051000, 04054001",Planalto Paulista,AUTO_CARTEIRA,
Vila Mariana,JARDIM VILA MARIANA,268,"04115000, 04116240, 04116280, 04116210, 04116260",Jardim Vila Mariana,AUTO_CARTEIRA,
Jardim Europa,JARDIM EUROPA,261,"01450000, 01450010, 01446000, 01448010, 01447010",Jardim Europa,AUTO_CARTEIRA,
Santa Cecília,PERDIZES,261,"01150001, 01232908, 01150000, 01231000, 01233001",Perdizes,AUTO_CARTEIRA,
Itaim Bibi,VILA NOVA CONCEICAO,259,"04543900, 04537080, 04543000, 04543070, 04537001",Vila Nova Conceição,AUTO_CARTEIRA,
Consolação,STA CECILIA,255,"01223010, 01227200, 01227000, 01221901, 01223000",Santa Cecília,AUTO_CARTEIRA,
Pinheiros,JD PAULISTA,250,"04538132, 04538080, 05417012, 04538000, 04538083",Jardim Paulista,AUTO_CARTEIRA,
Ibirapuera,BROOKLIN,249,"04566061, 04708901, 04566002, 04566060, 04566062",Brooklin,AUTO_CARTEIRA,
Jardim Paulistano,JARDIM AMERICA,244,"01442000, 01452001, 01452914, 01452922, 01452000",Jardim América,AUTO_CARTEIRA,
Jardim América,ITAIM BIBI,243,"01453030, 01453000, 01453905, 01453090, 01453020",Itaim Bibi,AUTO_CARTEIRA,
Jardim América,JARDIM PAULISTA,222,"01453000, 01417020, 01453030, 05409011, 01417010",Jardim Paulista,AUTO_CARTEIRA,
Ipiranga,VILA FIRMIANO PINTO,221,"04125010, 04273100, 04125040, 04124080, 04124120",Vila Firmiano Pinto,AUTO_CARTEIRA,
Vila Madalena,PINHEIROS,220,"05453903, 05434020, 05453001, 05434000, 05435030",Pinheiros,AUTO_CARTEIRA,
Indianópolis,VILA UBERABINHA,219,"04521004, 04520912, 04520013, 04520000, 04513901",Vila Uberabinha,AUTO_CARTEIRA,
Vila Mariana,CHACARA INGLESA,204,"04128001, 04139000, 04139090, 04139030, 04127050",Chácara Inglesa,AUTO_CARTEIRA,
Jardim América,JD EUROPA,203,"01454901, 01455010, 01455060, 01453010, 01455080",Jardim Europa,AUTO_CARTEIRA,
Itaim Bibi,JD EUROPA,202,"04536001, 04536900, 04536010, 04536050, 04536020",Jardim Europa,AUTO_CARTEIRA,
Brooklin,BROOKLYN,200,"04704900, 04560902, 04560911, 04560010, 04621000",Brooklin,AUTO_CARTEIRA,
Paraíso,IBIRAPUERA,200,"04007902, 04001003, 04001084, 04001130, 04007901",Ibirapuera,AUTO_CARTEIRA,
Itaim Bibi,PINHEIROS,199,"01451913, 01451001, 01451915, 01451000, 01451904",Pinheiros,AUTO_CARTEIRA,
Perdizes,PACAEMBU,186,"01235000, 01234001, 01234000, 01235010, 05004000",Pacaembu,AUTO_CARTEIRA,
Jardim América,JD. AMERICA,185,"05411000, 05410002, 01455010, 05409001, 05410001",Jardim América,AUTO_CARTEIRA,
Vila Mariana,VL GUMERCINDO,183,"04122030, 04127120, 04128001, 04122001, 04127130",Vila Gumercindo,AUTO_CARTEIRA,
Chácara Santo Antônio,CHACARA SANTO ANTONIO,178,"04718001, 04719002, 04713002, 04718002, 04716003",Chácara Santo Antônio,AUTO_CARTEIRA,
Paraíso,JD PAULISTA,174,"04001000, 04001083, 04002002, 04001001, 04007000",Jardim Paulista,AUTO_CARTEIRA,
Ibirapuera,BROOKLIN PAULISTA,171,"04566000, 04566900, 04566060, 04708010, 04566050",Brooklin,AUTO_CARTEIRA,
Jardim da Glória,JD DA GLORIA,169,"01546000, 01545001, 01547000, 01546020, 01547090",Jardim da Glória,AUTO_CARTEIRA,
Alto da Boa Vista,CHACARA STO ANTONIO,166,"04715005, 04715004, 04715002, 04715003, 04715010",Chácara Santo Antônio,AUTO_CARTEIRA,
Bela Vista,JARDIM PAULISTA,163,"01419001, 01419010, 01311913, 01311915, 01311200",Jardim Paulista,AUTO_CARTEIRA,
Alto da Boa Vista,CHAC STO ANTONIO,157,"04715003, 04715005, 04715020, 04715002, 04715004",Chácara Santo Antônio,AUTO_CARTEIRA,
Bosque da Saúde,VILA DA SAUDE,156,"04145030, 04145020, 04145010, 04145011, 04145060",Vila da Saúde,AUTO_CARTEIRA,
Lapa,VL MADALENA,155,"05086900, 05466902, 05454010, 05452001, 05452000",Vila Madalena,AUTO_CARTEIRA,
Ibirapuera,CAMPO BELO,148,"04612040, 04604005, 04604007, 04612903, 04604006",Campo Belo,AUTO_CARTEIRA,
Indianópolis,IBIRAPUERA,148,"04029200, 04515010, 04082000, 04524020, 04027000",Ibirapuera,AUTO_CARTEIRA,
Brooklin,BROOKLYN PAULISTA,147,"04560001, 04571914, 04570000, 04704090, 04704080",Brooklin,AUTO_CARTEIRA,
Brooklin,CHACARA STO ANTONIO,144,"04709011, 04710900, 04709110, 04702902, 04709010",Chácara Santo Antônio,AUTO_CARTEIRA,
Planalto Paulista,MOEMA,143,"04083000, 04083002, 04083001, 04083020, 04083900",Moema,AUTO_CARTEIRA,
Vila Nova Conceição,JARDIM PAULISTA,141,"04509001, 04509010, 04510001, 04510030, 04507010",Jardim Paulista,AUTO_CARTEIRA,
Vila Olímpia,ITAIM BIBI,138,"04544000, 04545041, 04547003, 04545042, 04544010",Itaim Bibi,AUTO_CARTEIRA,
Vila Mariana,BOSQUE DA SAUDE,137,"04127120, 04127001, 04127000, 04127070, 04127090",Bosque da Saúde,AUTO_CARTEIRA,
Itaim Bibi,JARDIM PAULISTANO,136,"01451901, 01451918, 01451909, 01451001, 01451919",Jardim Paulistano,AUTO_CARTEIRA,
Alto da Boa Vista,JD STO AMARO,135,"04741178, 04741011, 04741001, 04741150, 04741190",Jardim Santo Amaro,AUTO_CARTEIRA,
Itaim Bibi,VL CORDEIRO,135,04705080,Vila Cordeiro,AUTO_CARTEIRA,
Itaim Bibi,JD PAULISTANO,133,"01451907, 01451917, 01451906, 01451908, 01451918",Jardim Paulistano,AUTO_CARTEIRA,
Jardim das Bandeiras,VILA MADALENA,131,"05436020, 05437002, 05436010, 05437001, 05436060",Vila Madalena,AUTO_CARTEIRA,
Jardim Paulista,VILA MARIANA,130,"01402000, 01401000, 01401001, 01401900, 01418000",Vila Mariana,AUTO_CARTEIRA,
Santa Cecília,PACAEMBU,130,"01233001, 01233020, 01233010, 01233000, 01233050",Pacaembu,AUTO_CARTEIRA,
Pinheiros,ITAIM,128,"04538083, 04538110, 04538081, 04538082, 04538902",Itaim Bibi,AUTO_CARTEIRA,
Pinheiros,JD AMERICA,120,"05405000, 05415050, 05405050, 05406040, 05406000",Jardim América,AUTO_CARTEIRA,
Indianópolis,V. NOVA CONCEICAO,118,04511011,Vila Nova Conceição,AUTO_CARTEIRA,
Vila Mariana,JARDIM DA GLORIA,117,"04113040, 04113001, 04113900, 04113080, 04113000",Jardim da Glória,AUTO_CARTEIRA,
Chácara Inglesa,CHAC INGLESA,116,"05140000, 04141090, 05140060, 05141000, 05141100",Chácara Inglesa,AUTO_CARTEIRA,
Jardim Europa,JD EUROPA,116,"01446000, 01447000, 01446010, 01448010, 01447020",Jardim Europa,AUTO_CARTEIRA,
Jardim Paulista,ITAIM BIBI,115,"01435001, 01407200, 01407912, 01435000, 01407906",Itaim Bibi,AUTO_CARTEIRA,
Vila Nova Conceição,MOEMA,114,"04512001, 04512030, 04507030, 04508030, 04510000",Moema,AUTO_CARTEIRA,
Mirandópolis,VILA MARIANA,113,"04042003, 04043000, 04043200, 04042004, 04042034",Vila Mariana,AUTO_CARTEIRA,
Brooklin,VL CORDEIRO,112,"04580050, 04583100, 04583000, 04582001, 04583001",Vila Cordeiro,AUTO_CARTEIRA,
Brooklin,ITAIM BIBI,109,"04571050, 04562030, 04707110, 04583908, 04582050",Itaim Bibi,AUTO_CARTEIRA,
Mirandópolis,VL MARIANA,109,"04043200, 04054010, 04049050, 04042003, 04043150",Vila Mariana,AUTO_CARTEIRA,
Brooklin,ALTO DA BOA VISTA,108,"04702902, 04710210, 04709011, 04702001, 04709000",Alto da Boa Vista,AUTO_CARTEIRA,
Consolação,JARDINS,108,"01414003, 01416001, 01415006, 01415004, 01414000",Jardins,AUTO_CARTEIRA,
Vila Mariana,JD VILA MARIANA,107,"04115000, 04116240, 04116210, 04116180, 04116160",Jardim Vila Mariana,AUTO_CARTEIRA,
Chácara Inglesa,BOSQUE DA SAUDE,105,"04141001, 04141010, 04141100, 04138002, 04138020",Bosque da Saúde,AUTO_CARTEIRA,
Indianópolis,V NOVA CONCEICAO,105,"04511011, 04513031, 04511060, 04511010, 04513901",Vila Nova Conceição,AUTO_CARTEIRA,
Indianópolis,VL UBERABINHA,104,"04515030, 04513100, 04520010, 04521005, 04520014",Vila Uberabinha,AUTO_CARTEIRA,
Brooklin,BROOKLIM,103,"04561905, 04702000, 04564900, 04581051, 04582030",Brooklin,AUTO_CARTEIRA,
Jardim Paulista,JARDIM PAULISTANO,103,"01425010, 01425011, 01403010, 01409003, 01433000",Jardim Paulistano,AUTO_CARTEIRA,
Chácara Santo Antônio,CH SANTO ANTONIO,102,"04716003, 04719020, 04716001, 04713001, 04718050",Chácara Santo Antônio,AUTO_CARTEIRA,
Higienópolis,PACAEMBU,102,"01244020, 01241020, 01240010, 01242010, 01244010",Pacaembu,AUTO_CARTEIRA,
Itaim Bibi,JD. PAULISTA,100,"04532081, 04530000, 04530051, 04543070, 04530070",Jardim Paulista,AUTO_CARTEIRA,
Jardim América,JD PAULISTANO,100,"01489900, 01454901, 01440030, 01455070, 01441001",Jardim Paulistano,AUTO_CARTEIRA,
Perdizes,LAPA,100,"05021010, 05024000, 05001000, 05016010, 05015040",Lapa,AUTO_CARTEIRA,
Higienópolis,STA CECILIA,98,"01228000, 01238010, 01228900, 01238000, 01228100",Santa Cecília,AUTO_CARTEIRA,
Vila Madalena,JD AMERICA,98,05439130,Jardim América,AUTO_CARTEIRA,
Vila Mariana,VILA GUMERCINDO,98,"04122030, 04122001, 04121002, 04040000, 04127120",Vila Gumercindo,AUTO_CARTEIRA,
Jardim das Bandeiras,JARDIM DAS BANDEIRAS,97,"05436010, 05436020, 05436030, 05436170, 05436070",Jardim das Bandeiras,AUTO_CARTEIRA,
Ibirapuera,CHAC SANTO ANTONIO,93,"04708010, 04708000, 04708902, 04708030",Chácara Santo Antônio,AUTO_CARTEIRA,
Lapa,PINHEIROS,93,"05458001, 05460010, 05452000, 05452900, 05466030",Pinheiros,AUTO_CARTEIRA,
Paraíso,JARDIM PAULISTA,91,"04001000, 04001003, 04001902, 04002030, 04001004",Jardim Paulista,AUTO_CARTEIRA,
Brooklin,BROOKLIM PAULISTA,89,"04622000, 04562030, 04562000, 04563013, 04623011",Brooklin,AUTO_CARTEIRA,
Santa Cecília,STA. CECILIA,87,"01229010, 01226030, 01226000, 01232001, 01232000",Santa Cecília,AUTO_CARTEIRA,
Bela Vista,VILA MARIANA,82,"01419000, 01323001, 01419001, 01311905, 01325001",Vila Mariana,AUTO_CARTEIRA,
Consolação,JARDIM PAULISTA,82,"01414000, 01416000, 01412100, 01416001, 01416003",Jardim Paulista,AUTO_CARTEIRA,
Jardim Petrópolis,JARDIM PETROPOLIS,81,"04639001, 04638070, 04638080, 04639000, 04638090",Jardim Petrópolis,AUTO_CARTEIRA,
Vila Mariana,JD VL MARIANA,81,"04115010, 04117110, 04115060, 04113900, 04116240",Jardim Vila Mariana,AUTO_CARTEIRA,
Chácara Inglesa,VILA MARIANA,80,"04140000, 04140110, 04140090, 04140060, 04141000",Vila Mariana,AUTO_CARTEIRA,
Jardim Paulistano,JD PAULISTA,79,"01452901, 01452900, 01452000, 01452922, 01442000",Jardim Paulista,AUTO_CARTEIRA,
Vila Olímpia,VL NOVA CONCEICAO,79,"04545050, 04544000, 04545060, 04544050, 04545070",Vila Nova Conceição,AUTO_CARTEIRA,
Jardim América,SUMARE,78,"05409003, 05410030, 05410002, 05410010, 05409012",Sumaré,AUTO_CARTEIRA,
Tatuapé,CHACARA STO ANTONIO,77,"03408020, 03411000, 03411090, 03410000, 03411120",Chácara Santo Antônio,AUTO_CARTEIRA,
Jardim Paulista,PARAISO,76,"01401900, 01418900, 01401000, 01418200, 01401001",Paraíso,AUTO_CARTEIRA,
Vila Mariana,IBIRAPUERA,76,"04008010, 04030000, 04008050, 04030010, 04022020",Ibirapuera,AUTO_CARTEIRA,
Vila Mariana,MIRANDOPOLIS,76,"04024020, 04024040, 04024010, 04024030, 04044060",Mirandópolis,AUTO_CARTEIRA,
Jardim Petrópolis,JD PETROPOLIS,75,"04638100, 04638110, 04639020, 04638000, 04638120",Jardim Petrópolis,AUTO_CARTEIRA,
Vila Olímpia,JD. PAULISTA,75,"04547000, 04544051, 04545041, 04548020, 04552000",Jardim Paulista,AUTO_CARTEIRA,
Jardim da Glória,VL MARIANA,74,"04114100, 04114120, 04114000, 04114110, 04114080",Vila Mariana,AUTO_CARTEIRA,
Vila Mariana,V. MARIANA,74,"04041002, 04015002, 04016031, 04023060, 04012140",Vila Mariana,AUTO_CARTEIRA,
Vila Mariana,JD DA GLORIA,74,"04113000, 04113040, 04115080, 04113041, 04113001",Jardim da Glória,AUTO_CARTEIRA,
Brooklin,JD NOVO MUNDO,73,04559010,Jardim Novo Mundo,AUTO_CARTEIRA,
Itaim Bibi,JARDIM EUROPA,73,"04536010, 04536900, 04536901, 04536070, 04536001",Jardim Europa,AUTO_CARTEIRA,
Paraíso,VL. MARIANA,73,"04005030, 04001084, 04001001, 04006050, 04002001",Vila Mariana,AUTO_CARTEIRA,
Vila Nova Conceição,VL OLIMPIA,73,"04506002, 04506003",Vila Olímpia,AUTO_CARTEIRA,
Jardim Novo Mundo,JARDIM NOVO MUNDO,72,"04518000, 04518060, 04518061, 04518050, 04518051",Jardim Novo Mundo,AUTO_CARTEIRA,
Jardim Paulista,JD AMERICA,72,"01424004, 05401300, 01408001, 01426003, 05401200",Jardim América,AUTO_CARTEIRA,
Vila Gumercindo,VL. GUMERCINDO,72,"04131020, 04129040, 04129000, 04129060, 04134040",Vila Gumercindo,AUTO_CARTEIRA,
Campo Belo,BROOKLIN NOVO,71,"04601061, 04601900, 04601902, 04601000, 04601060",Brooklin,AUTO_CARTEIRA,
Vila Olímpia,VL. OLIMPIA,71,"04548004, 04552904, 04552000, 04549001, 04547003",Vila Olímpia,AUTO_CARTEIRA,
Alto da Boa Vista,JARDIM SANTO AMARO,70,"04741010, 04741001, 04741011, 04741060, 04741070",Jardim Santo Amaro,AUTO_CARTEIRA,
Jardim da Glória,VILA MARIANA,70,"04114100, 04114000, 01547000, 01547010, 04114020",Vila Mariana,AUTO_CARTEIRA,
Vila Gumercindo,IPIRANGA,67,"04132900, 04133000, 04289170, 04289140, 04130080",Ipiranga,AUTO_CARTEIRA,
Vila Olímpia,VILA NOVA CONCEICAO,67,"04544000, 04544150, 04545100, 04545041, 04544050",Vila Nova Conceição,AUTO_CARTEIRA,
Brooklin,CHACARA SANTO ANTONIO,66,"04710090, 04709011, 04707051, 04709110, 04710000",Chácara Santo Antônio,AUTO_CARTEIRA,
Vila Firmiano Pinto,IPIRANGA,65,"04272300, 04272000, 04272100, 04272200",Ipiranga,AUTO_CARTEIRA,
Bela Vista,JD. PAULISTA,64,"01419002, 01311940, 01419010, 01419101, 01333030",Jardim Paulista,AUTO_CARTEIRA,
Planalto Paulista,MIRANDOPOLIS,64,"04069010, 04058050, 04058070, 04058021, 04060004",Mirandópolis,AUTO_CARTEIRA,
Mirandópolis,INDIANOPOLIS,63,"04053043, 04053080, 04053042, 04054001, 04053040",Indianópolis,AUTO_CARTEIRA,
Tatuapé,CHACARA SANTO ANTONIO,62,"03407090, 03411030, 03411000, 03409000, 03411090",Chácara Santo Antônio,AUTO_CARTEIRA,
Consolação,JARDIM AMERICA,61,"01414003, 01416000, 01415006, 01416003, 01415008",Jardim América,AUTO_CARTEIRA,
Ibirapuera,JARDIM PAULISTA,61,"04503050, 04503070, 04503000, 04503030, 04503011",Jardim Paulista,AUTO_CARTEIRA,
Jardim dos Estados,JD DOS ESTADOS,60,"04641000, 04641070, 04641020, 04641050, 04641130",Jardim dos Estados,AUTO_CARTEIRA,
Lapa,VILA MADALENA,60,"05452001, 05061050, 05061150, 05452020, 05061906",Vila Madalena,AUTO_CARTEIRA,
Planalto Paulista,PLANALTO PTA,60,"04070000, 04068050, 04058010, 04071001",Planalto Paulista,AUTO_CARTEIRA,
Pompéia,VL. POMPEIA,59,"05023000, 05027000, 05025000, 05026020",Pompéia,AUTO_CARTEIRA,
Alto da Boa Vista,JD DOS ESTADOS,57,"04642040, 04642020, 04642000, 04642060, 04642050",Jardim dos Estados,AUTO_CARTEIRA,
Vila Gumercindo,BOSQUE DA SAUDE,57,"04131080, 04131000, 04131001, 04123001, 04134040",Bosque da Saúde,AUTO_CARTEIRA,
Vila Olímpia,ITAIM,57,"04545000, 04551080, 04544000, 04545041, 04545042",Itaim Bibi,AUTO_CARTEIRA,
Brooklin,CHAC SANTO ANTONIO,56,"04709011, 04710900, 04702902, 04710090, 04709001",Chácara Santo Antônio,AUTO_CARTEIRA,
Chácara Inglesa,VL MARIANA,56,"04140000, 04140110, 04140030, 04141020, 04138001",Vila Mariana,AUTO_CARTEIRA,
Jardim América,JARDINS,56,"01417020, 01417010, 05409011, 05409010, 01455000",Jardins,AUTO_CARTEIRA,
Santa Cecília,CONSOLACAO,56,"01233020, 01035100, 01035901, 01224010, 01035000",Consolação,AUTO_CARTEIRA,
Bela Vista,BELA  VISTA,55,"01310905, 01312001, 01314000, 01319010, 01313020",Bela Vista,AUTO_CARTEIRA,
Vila Mariana,INDIANOPOLIS,55,"04022020, 04030000, 04024020, 04039004, 04024040",Indianópolis,AUTO_CARTEIRA,
Consolação,JD PAULISTA,54,"01415009, 01414003, 01412100, 01414000, 01412000",Jardim Paulista,AUTO_CARTEIRA,
Itaim Bibi,VL NOVA CONCEICAO,54,"04535110, 04537080, 04535011, 04537081, 04530000",Vila Nova Conceição,AUTO_CARTEIRA,
Alto da Boa Vista,JD SANTO AMARO,53,"04741130, 04741011, 04741010, 04741140, 04741150",Jardim Santo Amaro,AUTO_CARTEIRA,
Vila Mariana,VILA  MARIANA,52,"04011032, 04111001, 04011061, 04021020, 04110000",Vila Mariana,AUTO_CARTEIRA,
Brooklin,BROOKLIN VELHO,51,"04620010, 04622001, 04620003, 04623000, 04623050",Brooklin,AUTO_CARTEIRA,
Vila Madalena,V MADALENA,51,"05434090, 05451905, 05435000, 05448000, 05451908",Vila Madalena,AUTO_CARTEIRA,
Pinheiros,VILA OLIMPIA,50,"04538002, 04538904, 04538001, 04538020, 04538030",Vila Olímpia,AUTO_CARTEIRA,
Vila Madalena,VL. MADALENA,50,"05435040, 05441050, 05453001, 05451000, 05447060",Vila Madalena,AUTO_CARTEIRA,
Vila Madalena,JARDIM DAS BANDEIRAS,49,"05439010, 05439120, 05439000, 05439020, 05439090",Jardim das Bandeiras,AUTO_CARTEIRA,
Brooklin,CHAC STO ANTONIO,48,"04709110, 04709011, 04710900, 04702902, 04710001",Chácara Santo Antônio,AUTO_CARTEIRA,
Cambuci,VILA MARIANA,47,"01538902, 01536001, 01537001, 01538001, 01541000",Vila Mariana,AUTO_CARTEIRA,
Itaim Bibi,ITAIM  BIBI,46,"04542060, 04530070, 04530050, 01451010, 04532913",Itaim Bibi,AUTO_CARTEIRA,
Pinheiros,JARDIM PAULISTA,46,"04538002, 05406000, 04538080, 04538900, 04538001",Jardim Paulista,AUTO_CARTEIRA,
Vila Nova Conceição,VILA OLIMPIA,46,"04506003, 04506002, 04505001, 04505003, 04506000",Vila Olímpia,AUTO_CARTEIRA,
Vila Nova Conceição,V N CONCEICAO,46,"04510040, 04510030, 04509021, 04510903, 04508000",Vila Nova Conceição,AUTO_CARTEIRA,
Jardim América,JD. PAULISTA,45,"01453011, 01455905, 01430000, 01453901, 01453000",Jardim Paulista,AUTO_CARTEIRA,
Jardim Paulista,JD.PAULISTA,45,"01408010, 01423003, 01420007, 01423010, 01408001",Jardim Paulista,AUTO_CARTEIRA,
Jardim das Bandeiras,PINHEIROS,45,"05436010, 05436050, 05436100, 05436040, 05436030",Pinheiros,AUTO_CARTEIRA,
Lapa,VL. MADALENA,45,05086900,Vila Madalena,AUTO_CARTEIRA,
Itaim Bibi,V OLIMPIA,44,"04537082, 04537900, 04537012, 04543120, 04537903",Vila Olímpia,AUTO_CARTEIRA,
Jardim da Glória,CAMBUCI,44,"01546010, 01545001, 01546020, 01547090, 01546120",Cambuci,AUTO_CARTEIRA,
Jardim das Bandeiras,VL MADALENA,44,"05437001, 05436010, 05437002, 05436020, 05436090",Vila Madalena,AUTO_CARTEIRA,
Jardim das Bandeiras,JD DAS BANDEIRAS,44,"05436020, 05436170, 05436010, 05436000, 05436080",Jardim das Bandeiras,AUTO_CARTEIRA,
Tatuapé,CHAC SANTO ANTONIO,44,"03409020, 03411090, 03411000, 03406100, 03411120",Chácara Santo Antônio,AUTO_CARTEIRA,
Vila Madalena,VL.MADALENA,44,"05435040, 05435000, 05433002, 05441050, 05451050",Vila Madalena,AUTO_CARTEIRA,
Vila Nova Conceição,V NOVA CONCEICAO,44,"04509021, 04510030, 04510000, 04509020, 04510910",Vila Nova Conceição,AUTO_CARTEIRA,
Vila da Saúde,BOSQUE DA SAUDE,44,"04143020, 04143010, 04146000, 04146050, 04146051",Bosque da Saúde,AUTO_CARTEIRA,
Jardim Paulistano,JARDIM EUROPA,43,"01456030, 01456000, 01452000, 01452903, 01456010",Jardim Europa,AUTO_CARTEIRA,
Vila Nova Conceição,VL MARIANA,43,"04510905, 04508903",Vila Mariana,AUTO_CARTEIRA,
Vila Olímpia,V OLIMPIA,43,"04552050, 04552060, 04551010, 04547003, 04550003",Vila Olímpia,AUTO_CARTEIRA,
Jardim dos Estados,JARDIM DOS ESTADOS,42,"04641000, 04641070, 04641020, 04641140, 04641090",Jardim dos Estados,AUTO_CARTEIRA,
Perdizes,SANTA CECILIA,42,"05004000, 01234001, 01154001, 01154030, 01156040",Santa Cecília,AUTO_CARTEIRA,
Jardins,JARDIM PAULISTA,41,"01410001, 01410000, 01410003, 01410002, 01410020",Jardim Paulista,AUTO_CARTEIRA,
Bosque da Saúde,CHACARA INGLESA,39,"04135000, 04142050, 04135005, 04135020, 04142020",Chácara Inglesa,AUTO_CARTEIRA,
Higienópolis,PERDIZES,39,"01241000, 01239020, 01242000, 01242001, 01240000",Perdizes,AUTO_CARTEIRA,
Ibirapuera,BROOKLIN NOVO,39,"04566061, 04566060, 04566002, 04566040, 04566070",Brooklin,AUTO_CARTEIRA,
Jardim América,VILA MADALENA,39,"05412004, 05413001, 05414901, 05410002, 05410010",Vila Madalena,AUTO_CARTEIRA,
Vila Mariana,IPIRANGA,39,"04121002, 04112011, 04122001, 04122030, 04010100",Ipiranga,AUTO_CARTEIRA,
Jardim América,JARDIM DAS BANDEIRAS,38,"05412004, 05412003, 05409003, 05411002, 05410002",Jardim das Bandeiras,AUTO_CARTEIRA,
Jardim Europa,JARDIM PAULISTA,38,"01448000, 01446010, 01448090, 01447050, 01450030",Jardim Paulista,AUTO_CARTEIRA,
Vila Nova Conceição,ITAIM BIBI,38,"04506905, 04506000, 04508031, 04507000, 04505000",Itaim Bibi,AUTO_CARTEIRA,
Ibirapuera,INDIANOPOLIS,37,"04032120, 04501003, 04031120, 04032020, 04031130",Indianópolis,AUTO_CARTEIRA,
Ibirapuera,JD PETROPOLIS,37,"04640000, 04640001, 04708001, 04604002, 04640055",Jardim Petrópolis,AUTO_CARTEIRA,
Itaim Bibi,ITAIM-BIBI,37,"04531011, 04531920, 04530070, 04530051, 04535010",Itaim Bibi,AUTO_CARTEIRA,
Itaim Bibi,JARDIM AMERICA,37,"01451908, 01451907, 01451917, 01451904, 01451911",Jardim América,AUTO_CARTEIRA,
Jardim Europa,JARDIM AMERICA,36,"01450050, 01450020, 01447000, 01450010, 01447010",Jardim América,AUTO_CARTEIRA,
Alto da Boa Vista,CHAC SANTO ANTONIO,35,"04715005, 04715003, 04715002, 04715004, 04715030",Chácara Santo Antônio,AUTO_CARTEIRA,
Bela Vista,JARDINS,35,"01419000, 01311915, 01332904, 01311929, 01311921",Jardins,AUTO_CARTEIRA,
Chácara Santo Antônio,ALTO DA BOA VISTA,35,"04713000, 04717000, 04713010, 04711060, 04718000",Alto da Boa Vista,AUTO_CARTEIRA,
Jardim Paulistano,JD. AMERICA,35,"01457040, 01457020, 01452905, 01457050, 01452916",Jardim América,AUTO_CARTEIRA,
Jardins,JARDINS,35,"01410001, 01413100, 01413000, 01410000, 01410003",Jardins,AUTO_CARTEIRA,
Sumaré,VL MADALENA,35,01257020,Vila Madalena,AUTO_CARTEIRA,
Chácara Santo Antônio,CH STO ANTONIO,34,"04719002, 04713002, 04716001, 04719001, 04718010",Chácara Santo Antônio,AUTO_CARTEIRA,
Consolação,JD AMERICA,33,"01412100, 01416000, 01414001, 01416902, 01415006",Jardim América,AUTO_CARTEIRA,
Indianópolis,JD PAULISTA,33,04511001,Jardim Paulista,AUTO_CARTEIRA,
Indianópolis,JARDIM NOVO MUNDO,33,"04517050, 04522034, 04517100, 04522032, 04517110",Jardim Novo Mundo,AUTO_CARTEIRA,
Jardim Novo Mundo,JD NOVO MUNDO,33,"04518060, 04518050, 04518051, 04518021, 04518061",Jardim Novo Mundo,AUTO_CARTEIRA,
Jardim Paulistano,JARDIM PAULISTA,33,"01452000, 01442000, 01452909, 01452001, 01452910",Jardim Paulista,AUTO_CARTEIRA,
Pacaembu,PERDIZES,33,"01237010, 01236010, 01236000, 01250040, 01250010",Perdizes,AUTO_CARTEIRA,
Pacaembu,CONSOLACAO,33,"01246000, 01245000, 01247000, 01247020, 01248000",Consolação,AUTO_CARTEIRA,
Planalto Paulista,VL MARIANA,33,"04069901, 04067032",Vila Mariana,AUTO_CARTEIRA,
Alto da Boa Vista,JARDIM DOS ESTADOS,32,"04642040, 04642020, 04642060, 04642050, 04642000",Jardim dos Estados,AUTO_CARTEIRA,
Jardim Paulista,VL MARIANA,32,"01418000, 01401000, 01401900, 01401001, 01401904",Vila Mariana,AUTO_CARTEIRA,
Jardim Paulista,JARDIM EUROPA,32,"01406200, 01407200, 01434100, 01434000, 01408001",Jardim Europa,AUTO_CARTEIRA,
Vila Mariana,MOEMA,32,"04037004, 04022020, 04008010, 04022005, 04030040",Moema,AUTO_CARTEIRA,
Ibirapuera,ALTO DA BOA VISTA,31,"04604001, 04708000, 04604000, 04708010, 04640001",Alto da Boa Vista,AUTO_CARTEIRA,
Tatuapé,CHAC STO ANTONIO,31,"03411110, 03407070, 03321009, 03410030, 03411130",Chácara Santo Antônio,AUTO_CARTEIRA,
Jardim América,JD DAS BANDEIRAS,30,"05411010, 05412020, 05410002, 05412004, 05412010",Jardim das Bandeiras,AUTO_CARTEIRA,
Jardins,JD PAULISTA,30,"01410001, 01410002, 01413000, 01410000, 01410003",Jardim Paulista,AUTO_CARTEIRA,
Pinheiros,JD PAULISTANO,30,"05415010, 04538133, 05422050, 05415020, 05404015",Jardim Paulistano,AUTO_CARTEIRA,
Vila Firmiano Pinto,VILA FIRMIANO PINTO,30,"04272300, 04272100, 04272000, 04272200",Vila Firmiano Pinto,AUTO_CARTEIRA,
Indianópolis,VL. UBERABINHA,29,"04515030, 04520013, 04515900, 04521002, 04513060",Vila Uberabinha,AUTO_CARTEIRA,
Brooklin,JARDIM PETROPOLIS,28,"04637130, 04637000, 04637020, 04637041, 04637042",Jardim Petrópolis,AUTO_CARTEIRA,
Consolação,PACAEMBU,28,"01243030, 01243010, 01243050, 01227100",Pacaembu,AUTO_CARTEIRA,
Ibirapuera,JD PAULISTA,28,"04503011, 04503030, 04503050, 04503070, 04503080",Jardim Paulista,AUTO_CARTEIRA,
Jardins,JARDIM AMERICA,28,"01413100, 01410000, 01410002, 01413000, 01410001",Jardim América,AUTO_CARTEIRA,
Vila Nova Conceição,JD. PAULISTA,28,"04507050, 04509001, 04510001, 04507010, 04507011",Jardim Paulista,AUTO_CARTEIRA,
Bosque da Saúde,IPIRANGA,27,"04149120, 04137110, 04137060, 04137050, 04136901",Ipiranga,AUTO_CARTEIRA,
Ipiranga,VL FIRMIANO PINTO,27,"04125200, 04125150, 04125070, 04125120, 04125130",Vila Firmiano Pinto,AUTO_CARTEIRA,
Moema,V MARIANA,27,04514101,Vila Mariana,AUTO_CARTEIRA,
Pinheiros,VILA NOVA CONCEICAO,27,"04538002, 04538902, 04538900, 04538050, 04538904",Vila Nova Conceição,AUTO_CARTEIRA,
Brooklin,BROOKLIN PTA,26,"04563004, 04558002, 04702000, 04582002, 04582050",Brooklin,AUTO_CARTEIRA,
Pinheiros,JARDIM PAULISTANO,26,"05415010, 05422050, 05415000, 05405000, 05406000",Jardim Paulistano,AUTO_CARTEIRA,
Santa Cecília,SANTA  CECILIA,26,"01211101, 01225020, 01230902, 01233001, 01229010",Santa Cecília,AUTO_CARTEIRA,
Vila Mariana,VL.MARIANA,26,"04020060, 04023000, 04035001, 04016060, 04011030",Vila Mariana,AUTO_CARTEIRA,
Cambuci,JARDIM DA GLORIA,25,"01537001, 01538902, 01544010, 01538001, 04260000",Jardim da Glória,AUTO_CARTEIRA,
Jardim Paulista,PINHEIROS,25,"05401400, 05401300, 05401450, 05401250, 05401350",Pinheiros,AUTO_CARTEIRA,
Moema,VL UBERABINHA,25,"04514040, 04514030, 04514050, 04514001, 04514032",Vila Uberabinha,AUTO_CARTEIRA,
Paraíso,V MARIANA,25,"04102010, 04104021, 04003005, 04102001, 04104020",Vila Mariana,AUTO_CARTEIRA,
Vila Gumercindo,VILA MARIANA,25,"04026001, 04026090, 04026000, 04123040, 04134000",Vila Mariana,AUTO_CARTEIRA,
Vila Mariana,CAMBUCI,25,"01532030, 04112001, 04112012, 04107022, 04127130",Cambuci,AUTO_CARTEIRA,
Ipiranga,VL DA SAUDE,24,"04152101, 04152040",Vila da Saúde,AUTO_CARTEIRA,
Pompéia,V. POMPEIA,24,"05025010, 05027000, 05025020",Pompéia,AUTO_CARTEIRA,
Vila Gumercindo,V GUMERCINDO,24,"04134021, 04131000, 04134000, 04134020, 04130080",Vila Gumercindo,AUTO_CARTEIRA,
Brooklin,INDIANOPOLIS,23,"04707902, 04555000, 04702001, 04707060, 04561911",Indianópolis,AUTO_CARTEIRA,
Jardim Europa,JD AMERICA,23,"01450010, 01447000, 01450030, 01450040, 01450100",Jardim América,AUTO_CARTEIRA,
Jardim Novo Mundo,INDIANOPOLIS,23,"04518050, 04518061, 04518000, 04518020, 04518051",Indianópolis,AUTO_CARTEIRA,
Jardim Paulista,JD PAULISTANO,23,"01426001, 01423010, 01433000, 01422002, 01423002",Jardim Paulistano,AUTO_CARTEIRA,
Planalto Paulista,IBIRAPUERA,23,"04071050, 04071000, 04071020, 04071045, 04066004",Ibirapuera,AUTO_CARTEIRA,
Vila Gumercindo,VL MARIANA,23,"04026040, 04123040, 04026080, 04134021",Vila Mariana,AUTO_CARTEIRA,
Vila da Saúde,VL DA SAUDE,23,"04144070, 04146051, 04144001, 04143010, 04144020",Vila da Saúde,AUTO_CARTEIRA,
Alto da Boa Vista,CH STO ANTONIO,22,"04738000, 04715004, 04715005, 04715010",Chácara Santo Antônio,AUTO_CARTEIRA,
Chácara Inglesa,CHAC. INGLESA,22,"04140000, 05141140, 05141010, 05140120, 05140060",Chácara Inglesa,AUTO_CARTEIRA,
Perdizes,V POMPEIA,22,"05011040, 05021001, 05020000, 05012010, 05024000",Pompéia,AUTO_CARTEIRA,
Alto da Boa Vista,CHACARA SANTO ANTONIO,21,"04715004, 04715002, 04715020, 04715005, 04715030",Chácara Santo Antônio,AUTO_CARTEIRA,
Brooklin,BROOKLIM NOVO,21,"04558050, 04561050, 04559002, 04562903, 04560905",Brooklin,AUTO_CARTEIRA,
Chácara Santo Antônio,CHAC. SANTO ANTONIO,21,"04718001, 04716002, 04716001, 04716003, 04711090",Chácara Santo Antônio,AUTO_CARTEIRA,
Perdizes,VILA MADALENA,21,"05438300, 01258010, 05438200, 05029040, 01258011",Vila Madalena,AUTO_CARTEIRA,
Indianópolis,JD NOVO MUNDO,20,"04517050, 04517150, 04517110, 04517130, 04517120",Jardim Novo Mundo,AUTO_CARTEIRA,
Ipiranga,VILA GUMERCINDO,20,"04125010, 04124080, 04124040, 04269040, 04125150",Vila Gumercindo,AUTO_CARTEIRA,
Jardim América,JD. EUROPA,20,"01454901, 01453010, 01454903, 01455030, 01455060",Jardim Europa,AUTO_CARTEIRA,
Jardim Europa,JARDIM PAULISTANO,20,"01450020, 01448000, 01450010, 01450030, 01450110",Jardim Paulistano,AUTO_CARTEIRA,
Jardim Paulista,ITAIM,20,"01435001, 01401001, 01433000, 01406902, 01407200",Itaim Bibi,AUTO_CARTEIRA,
Jardim da Glória,JD. DA GLORIA,20,"01546040, 01546010, 01546020, 01547020, 01545050",Jardim da Glória,AUTO_CARTEIRA,
Lapa,POMPEIA,20,"05042000, 05033080, 05033070, 05033100, 05042020",Pompéia,AUTO_CARTEIRA,
Mooca,TATUAPE,20,"03344040, 03372015, 03346000, 03346010, 03172010",Tatuapé,AUTO_CARTEIRA,
Sumaré,POMPEIA,20,"01257090, 01257040, 01254000, 01257000, 01257166",Pompéia,AUTO_CARTEIRA,
Sumaré,PACAEMBU,20,"01251001, 01251080, 01251090, 01251030, 01251060",Pacaembu,AUTO_CARTEIRA,
Bela Vista,SANTA CECILIA,19,"01324001, 01318902, 01314000, 01313000, 01306000",Santa Cecília,AUTO_CARTEIRA,
Campo Belo,BROOKLIN PTA,19,04624903,Brooklin,AUTO_CARTEIRA,
Chácara Inglesa,CH INGLESA,19,"05140060, 04140110, 05140040, 05141020, 05140120",Chácara Inglesa,AUTO_CARTEIRA,
Ibirapuera,CHACARA STO ANTONIO,19,"04708010, 04708001, 04708000, 04708040, 04708903",Chácara Santo Antônio,AUTO_CARTEIRA,
Jardim das Bandeiras,SUMARE,19,"05437002, 05437000, 05437001",Sumaré,AUTO_CARTEIRA,
Paraíso,BELA VISTA,19,"04004903, 04002030, 04002910, 01504010, 04002901",Bela Vista,AUTO_CARTEIRA,
Paraíso,VILA CORDEIRO,19,04103030,Vila Cordeiro,AUTO_CARTEIRA,
Pompéia,SUMARE,19,"05025000, 05022001",Sumaré,AUTO_CARTEIRA,
Tatuapé,CH SANTO ANTONIO,19,"03408020, 03410030, 03411000, 03410075, 03411090",Chácara Santo Antônio,AUTO_CARTEIRA,
Alto da Boa Vista,CH SANTO ANTONIO,18,"04715005, 04715003, 04715020, 04715004, 04715030",Chácara Santo Antônio,AUTO_CARTEIRA,
Brooklin,BROOKLYN NOVO,18,"04560010, 04571020, 04561000, 04557050, 04561001",Brooklin,AUTO_CARTEIRA,
Brooklin,JD PETROPOLIS,18,"04637130, 04637001, 04637050, 04637042, 04637110",Jardim Petrópolis,AUTO_CARTEIRA,
Chácara Santo Antônio,CHAC. STO ANTONIO,18,"04711000, 04716002, 04713002, 04718070, 04711090",Chácara Santo Antônio,AUTO_CARTEIRA,
Jardim Paulistano,JD. PAULISTANO,18,"01452922, 02814000, 01444040, 01442000, 01452001",Jardim Paulistano,AUTO_CARTEIRA,
Jardim Paulistano,JD EUROPA,18,"01456040, 01456010, 01456030, 01452002, 01452010",Jardim Europa,AUTO_CARTEIRA,
Pompéia,LAPA,18,"05026000, 05022001, 05027000, 05027010, 05025020",Lapa,AUTO_CARTEIRA,
Vila Olímpia,VILA  OLIMPIA,18,"04552907, 04546003, 04549020, 04545090, 04545100",Vila Olímpia,AUTO_CARTEIRA,
Ipiranga,BOSQUE DA SAUDE,17,"04288000, 04152050, 04215000, 04288080, 04294080",Bosque da Saúde,AUTO_CARTEIRA,
Jardim América,JD.PAULISTA,17,"01455905, 01453905",Jardim Paulista,AUTO_CARTEIRA,
Jardim Europa,JD PAULISTA,17,"01448000, 01446040, 01446030, 01446010, 01446020",Jardim Paulista,AUTO_CARTEIRA,
Sumaré,VILA POMPEIA,17,"01254000, 01254901, 01257090, 01257166",Pompéia,AUTO_CARTEIRA,
Ipiranga,VILA MARIANA,16,"04273200, 04125010, 04124120, 04269000, 04273100",Vila Mariana,AUTO_CARTEIRA,
Jardim Paulista,JARDIM  PAULISTA,16,"01403010, 01405100, 01420003, 01404200, 01423040",Jardim Paulista,AUTO_CARTEIRA,
Jardim da Glória,IPIRANGA,16,"01545001, 01545020, 01545000, 01545010, 01545050",Ipiranga,AUTO_CARTEIRA,
Jardim dos Estados,ALTO DA BOA VISTA,16,"04641000, 04641140, 04641090, 04641020, 04641070",Alto da Boa Vista,AUTO_CARTEIRA,
Pinheiros,ITAIM  BIBI,16,"04538082, 04538902, 04538040",Itaim Bibi,AUTO_CARTEIRA,
Pompéia,V POMPEIA,16,"05025010, 05026001, 05025020, 05023001, 05026000",Pompéia,AUTO_CARTEIRA,
Vila Madalena,JD DAS BANDEIRAS,16,"05439010, 05439100, 05439120, 05434010, 05439080",Jardim das Bandeiras,AUTO_CARTEIRA,
Bela Vista,VL. MARIANA,15,"01311910, 01419000, 01419001",Vila Mariana,AUTO_CARTEIRA,
Chácara Santo Antônio,CHACARA STO  ANTONIO,15,"04716002, 04718010, 04719002, 04716011, 04717901",Chácara Santo Antônio,AUTO_CARTEIRA,
Ibirapuera,JARDIM PETROPOLIS,15,"04640000, 04640001, 04708000, 04708001, 04640055",Jardim Petrópolis,AUTO_CARTEIRA,
Pinheiros,VL OLIMPIA,15,"04538020, 04538010, 04538002, 04538001, 04538133",Vila Olímpia,AUTO_CARTEIRA,
Brooklin,BROOKLIN  NOVO,14,"04559905, 04561911, 04559906, 04560011, 04562031",Brooklin,AUTO_CARTEIRA,
Campo Belo,BROOKLIM,14,"04602909, 04602904, 04602000, 04601000, 04601905",Brooklin,AUTO_CARTEIRA,
Indianópolis,CAMPO BELO,14,"04516000, 04521005, 04075901, 04517050, 04080903",Campo Belo,AUTO_CARTEIRA,
Chácara Inglesa,VILA DA SAUDE,13,"04141100, 04138001, 04138030",Vila da Saúde,AUTO_CARTEIRA,
Jardim América,ITAIM,13,"01453905, 01453030, 01453080, 01455040, 01453011",Itaim Bibi,AUTO_CARTEIRA,
Jardim Paulista,CONSOLACAO,13,"01409000, 01418200, 05401000, 01405903, 01409001",Consolação,AUTO_CARTEIRA,
Jardim Paulista,JD EUROPA,13,"01434100, 01406200, 01434000, 01407912, 01407910",Jardim Europa,AUTO_CARTEIRA,
Mirandópolis,VL. MARIANA,13,"04043100, 04042004, 04043150, 04050050, 04046000",Vila Mariana,AUTO_CARTEIRA,
Pinheiros,JD. AMERICA,13,"05404002, 05406900, 05405000, 05405100, 05408000",Jardim América,AUTO_CARTEIRA,
Pinheiros,VL. MADALENA,13,"05416001, 05417040, 05446010, 05446000, 05416002",Vila Madalena,AUTO_CARTEIRA,
Tatuapé,MOOCA,13,"03342000, 03375080, 03332000, 03323040, 03375000",Mooca,AUTO_CARTEIRA,
Vila Nova Conceição,VL. NOVA CONCEICAO,13,"04508001, 04507040, 04507070, 04508011, 04508000",Vila Nova Conceição,AUTO_CARTEIRA,
Campo Belo,BROOKLIN VELHO,12,"04607000, 04608000, 04609000, 04602904, 04602040",Brooklin,AUTO_CARTEIRA,
Campo Belo,MOEMA,12,"04607001, 04601904, 04617000, 04618916, 04603004",Moema,AUTO_CARTEIRA,
Campo Belo,CAMPO  BELO,12,"04617902, 04618020, 04602917, 04617000, 04618003",Campo Belo,AUTO_CARTEIRA,
Indianópolis,MIRANDOPOLIS,12,"04057000, 04057900, 04062002, 04062003",Mirandópolis,AUTO_CARTEIRA,
Jardim Paulistano,ITAIM BIBI,12,"01452922, 01452000, 01452903, 01452002, 01452905",Itaim Bibi,AUTO_CARTEIRA,
Jardins,CONSOLACAO,12,"01413100, 01413000, 01410003",Consolação,AUTO_CARTEIRA,
Mooca,CAMBUCI,12,"03105120, 03162080, 03114000, 03106020, 03105010",Cambuci,AUTO_CARTEIRA,
Vila Madalena,LAPA,12,"05453001, 05453020, 05453010, 05453040",Lapa,AUTO_CARTEIRA,
Vila Mariana,JD PAULISTA,12,04030000,Jardim Paulista,AUTO_CARTEIRA,
Vila Nova Conceição,ITAIM,12,04506000,Itaim Bibi,AUTO_CARTEIRA,
Bela Vista,MOOCA,11,"01323001, 01315010, 01049909, 01306030",Mooca,AUTO_CARTEIRA,
Bosque da Saúde,VILA GUMERCINDO,11,"04135001, 04135040, 04137080, 04137060, 04137050",Vila Gumercindo,AUTO_CARTEIRA,
Ipiranga,CAMBUCI,11,"01553050, 01553010, 01553000, 04205000, 01553070",Cambuci,AUTO_CARTEIRA,
Itaim Bibi,IBIRAPUERA,11,"04705902, 04705050, 04705000, 04543010, 04705060",Ibirapuera,AUTO_CARTEIRA,
Jardim Europa,ITAIM BIBI,11,"01448000, 01448090, 01450000, 01446010",Itaim Bibi,AUTO_CARTEIRA,
Jardins,JD AMERICA,11,"01413100, 01410002",Jardim América,AUTO_CARTEIRA,
Mirandópolis,CHACARA INGLESA,11,"04052030, 04043250, 04042003, 04043000, 04048060",Chácara Inglesa,AUTO_CARTEIRA,
Planalto Paulista,CAMPO BELO,11,"04071000, 04072000, 04071010, 04067031, 04071040",Campo Belo,AUTO_CARTEIRA,
Vila Nova Conceição,VILA N CONCEICAO,11,04509021,Vila Nova Conceição,AUTO_CARTEIRA,
Vila Olímpia,VL.OLIMPIA,11,"04549012, 04552000, 04551000, 04545041, 04545000",Vila Olímpia,AUTO_CARTEIRA,
Vila Olímpia,JD.PAULISTA,11,"04548020, 04547000, 04545100, 04545041",Jardim Paulista,AUTO_CARTEIRA,
Bosque da Saúde,VL DA SAUDE,10,"04145030, 04145020, 04145011, 04145000, 04145060",Vila da Saúde,AUTO_CARTEIRA,
Brooklin,BROOKLIN  PAULISTA,10,"04580001, 04561910, 04559906, 04560001, 04560000",Brooklin,AUTO_CARTEIRA,
Indianópolis,JARDIM PAULISTA,10,"04511001, 04511060",Jardim Paulista,AUTO_CARTEIRA,
Itaim Bibi,JD.PAULISTA,10,"04536010, 04531000, 04532904, 04532905, 04531935",Jardim Paulista,AUTO_CARTEIRA,
Jardim Europa,JD. EUROPA,10,"01447000, 01447020, 01447040, 01450010, 01446020",Jardim Europa,AUTO_CARTEIRA,
Jardim Paulista,IBIRAPUERA,10,"01407000, 01423001, 01425011, 01432020, 01401000",Ibirapuera,AUTO_CARTEIRA,
Jardim dos Estados,JD. DOS ESTADOS,10,"04641050, 04641000, 04641070, 04641020",Jardim dos Estados,AUTO_CARTEIRA,
Pinheiros,LAPA,10,"05415040, 05421001, 05455000, 05455020, 05455010",Lapa,AUTO_CARTEIRA,
Vila Mariana,JD V MARIANA,10,"04115000, 04116280, 04115090, 04116130, 04116220",Jardim Vila Mariana,AUTO_CARTEIRA,
Vila Mariana,VILA NOVA CONCEICAO,10,04030000,Vila Nova Conceição,AUTO_CARTEIRA,
Vila Nova Conceição,IBIRAPUERA,10,"04512001, 04512060, 04508010, 04507000, 04510020",Ibirapuera,AUTO_CARTEIRA,
Vila Nova Conceição,VILA UBERABINHA,10,"04512030, 04512001, 04505003",Vila Uberabinha,AUTO_CARTEIRA,
Vila Olímpia,BROOKLIN,10,"04552050, 04552000, 04551010, 04546905, 04547000",Brooklin,AUTO_CARTEIRA,
Brooklin,MOEMA,9,"04559001, 04559905, 04559000, 04559910, 04562902",Moema,AUTO_CARTEIRA,
Campo Belo,BROOKLIM PAULISTA,9,"04609000, 04602904, 04602913, 04601001, 04618020",Brooklin,AUTO_CARTEIRA,
Campo Belo,ALTO DA BOA VISTA,9,"04603904, 04603900, 04603000, 04603039, 04603004",Alto da Boa Vista,AUTO_CARTEIRA,
Chácara Inglesa,V MARIANA,9,"04140110, 04140100",Vila Mariana,AUTO_CARTEIRA,
Chácara Santo Antônio,BROOKLIN,9,"04719002, 04717004, 04711130, 04717003, 04716003",Brooklin,AUTO_CARTEIRA,
Indianópolis,INDIANOPLIS,9,"04522010, 04516010, 04523000, 04523011, 04523015",Indianópolis,AUTO_CARTEIRA,
Itaim Bibi,ITAIM - BIBI,9,04531011,Itaim Bibi,AUTO_CARTEIRA,
Jardim Novo Mundo,MOEMA,9,"04518061, 04518060, 04518021",Moema,AUTO_CARTEIRA,
Jardim das Bandeiras,JARDIM AMERICA,9,"05436130, 05436030, 05436010, 05437000, 05436080",Jardim América,AUTO_CARTEIRA,
Paraíso,VILA  MARIANA,9,"04004030, 04102010, 04002021, 04007002, 04007003",Vila Mariana,AUTO_CARTEIRA,
Perdizes,VILA  POMPEIA,9,"05018010, 05021010, 05019000, 05009060, 05021000",Pompéia,AUTO_CARTEIRA,
Sumaré,VILA MADALENA,9,"01257020, 01257000, 01253010",Vila Madalena,AUTO_CARTEIRA,
Tatuapé,CH STO ANTONIO,9,"03410000, 03408020, 03409010, 03410030, 03411130",Chácara Santo Antônio,AUTO_CARTEIRA,
Vila Gumercindo,VL. MARIANA,9,04026040,Vila Mariana,AUTO_CARTEIRA,
Vila da Saúde,VILA MARIANA,9,"04144020, 04143010, 04146903, 04144030, 04144900",Vila Mariana,AUTO_CARTEIRA,
Bela Vista,JARDIM AMERICA,8,"01311923, 01316010",Jardim América,AUTO_CARTEIRA,
Brooklin,VILA OLIMPIA,8,"04556100, 04555000, 04571220, 04570000, 04565904",Vila Olímpia,AUTO_CARTEIRA,
Cambuci,VL MARIANA,8,"04260000, 01537001, 01535001, 01538902",Vila Mariana,AUTO_CARTEIRA,
Higienópolis,STA. CECILIA,8,"01238010, 01228000",Santa Cecília,AUTO_CARTEIRA,
Ipiranga,V FIRMIANO PINTO,8,"04125180, 04125040, 04125150, 04125130, 04125090",Vila Firmiano Pinto,AUTO_CARTEIRA,
Itaim Bibi,V NOVA CONCEICAO,8,"04537903, 04543902, 04543903, 04537908, 04537070",Vila Nova Conceição,AUTO_CARTEIRA,
Jardim América,JARDIM  AMERICA,8,"05410020, 05410001, 01441000, 05412000, 05410030",Jardim América,AUTO_CARTEIRA,
Jardim Novo Mundo,VL OLIMPIA,8,"04518060, 04518090",Vila Olímpia,AUTO_CARTEIRA,
Lapa,VILA POMPEIA,8,"05042000, 05033080, 05033090, 05042020, 05051030",Pompéia,AUTO_CARTEIRA,
Mooca,IPIRANGA,8,"03126000, 03105005, 03109001, 03109010",Ipiranga,AUTO_CARTEIRA,
Vila Madalena,VILA  MADALENA,8,"05451903, 05439010, 05439000, 05435050, 05433001",Vila Madalena,AUTO_CARTEIRA,
Bela Vista,STA CECILIA,7,"01325000, 01332000, 01306902, 01310300",Santa Cecília,AUTO_CARTEIRA,
Brooklin,CHAC. STO ANTONIO,7,"04709011, 04710900, 04710040, 04702002",Chácara Santo Antônio,AUTO_CARTEIRA,
Chácara Inglesa,LAPA,7,05145901,Lapa,AUTO_CARTEIRA,
Indianópolis,V N CONCEICAO,7,"04511001, 04513901, 04511060, 04511010",Vila Nova Conceição,AUTO_CARTEIRA,
Itaim Bibi,JD. PAULISTANO,7,"01451918, 01451011, 04530051, 04531012, 01451001",Jardim Paulistano,AUTO_CARTEIRA,
Itaim Bibi,BROOKLIN PAULISTA,7,"04705010, 04705000, 04705902, 04705060, 04705080",Brooklin,AUTO_CARTEIRA,
Jardim América,VL MADALENA,7,"05412004, 05413001, 05411002",Vila Madalena,AUTO_CARTEIRA,
Jardim Europa,JD PAULISTANO,7,"01450110, 01450020, 01450010, 01450030, 01450070",Jardim Paulistano,AUTO_CARTEIRA,
Jardim Novo Mundo,VILA OLIMPIA,7,"04518090, 04518080, 04518000, 04518060",Vila Olímpia,AUTO_CARTEIRA,
Jardim Paulista,JD    PAULISTA,7,"01424006, 01422004",Jardim Paulista,AUTO_CARTEIRA,
Jardim Paulistano,ITAIM,7,"01452000, 01444010",Itaim Bibi,AUTO_CARTEIRA,
Jardim Petrópolis,IBIRAPUERA,7,"04638000, 04638110, 04638090, 04638040, 04639030",Ibirapuera,AUTO_CARTEIRA,
Lapa,PERDIZES,7,"05046009, 05046001, 05033100, 05033001, 05045020",Perdizes,AUTO_CARTEIRA,
Mirandópolis,BOSQUE DA SAUDE,7,"04045900, 04053070, 04045000, 04052030",Bosque da Saúde,AUTO_CARTEIRA,
Moema,V UBERABINHA,7,"04514902, 04514103, 04514050, 04514040, 04514032",Vila Uberabinha,AUTO_CARTEIRA,
Pinheiros,V MADALENA,7,"05416002, 05416012, 05417012, 05417040",Vila Madalena,AUTO_CARTEIRA,
Vila da Saúde,MIRANDOPOLIS,7,"04144900, 04143050, 04144070",Mirandópolis,AUTO_CARTEIRA,
Brooklin,ITAIM,6,"04571011, 04571931, 04580070, 04562030, 04707000",Itaim Bibi,AUTO_CARTEIRA,
Campo Belo,JD NOVO MUNDO,6,"04601028, 04601061, 04601071, 04601042, 04602007",Jardim Novo Mundo,AUTO_CARTEIRA,
Campo Belo,JD PETROPOLIS,6,"04603904, 04603039, 04603030",Jardim Petrópolis,AUTO_CARTEIRA,
Chácara Inglesa,MIRANDOPOLIS,6,"04138001, 04141100, 04141080, 04138002",Mirandópolis,AUTO_CARTEIRA,
Chácara Santo Antônio,CH. STO ANTONIO,6,"04716020, 04717901, 04718010, 04713002, 04713001",Chácara Santo Antônio,AUTO_CARTEIRA,
Consolação,JARDIM EUROPA,6,"01415009, 01047911",Jardim Europa,AUTO_CARTEIRA,
Ibirapuera,MOEMA,6,"04503001, 04503050, 04501000, 04501003, 04604004",Moema,AUTO_CARTEIRA,
Indianópolis,VILA OLIMPIA,6,"04513100, 04511001, 04511010",Vila Olímpia,AUTO_CARTEIRA,
Ipiranga,VL MARIANA,6,"04273200, 04124120, 04125010, 04249060",Vila Mariana,AUTO_CARTEIRA,
Ipiranga,V MARIANA,6,"04273200, 04267030",Vila Mariana,AUTO_CARTEIRA,
Jardim Paulista,SANTA CECILIA,6,"01403001, 01421000, 01403020, 01403003, 01425001",Santa Cecília,AUTO_CARTEIRA,
Jardim Paulista,JD  PAULISTA,6,"01424901, 01422000, 01423000, 01425011, 01435040",Jardim Paulista,AUTO_CARTEIRA,
Jardim Paulista,JD. AMERICA,6,"01426002, 01421004, 05401200, 01425001, 05401400",Jardim América,AUTO_CARTEIRA,
Jardim Paulistano,JARDINS,6,"01452001, 01452921, 01442000",Jardins,AUTO_CARTEIRA,
Jardim das Bandeiras,V MADALENA,6,"05436050, 05437001, 05437002",Vila Madalena,AUTO_CARTEIRA,
Mirandópolis,V MARIANA,6,"04043000, 04043200, 04043350, 04047001",Vila Mariana,AUTO_CARTEIRA,
Perdizes,STA CECILIA,6,05004000,Santa Cecília,AUTO_CARTEIRA,
Pinheiros,VL.MADALENA,6,"05417040, 05446900, 05432000",Vila Madalena,AUTO_CARTEIRA,
Planalto Paulista,PLANALTO  PAULISTA,6,"04059060, 04065000, 04061001, 04059020, 04064010",Planalto Paulista,AUTO_CARTEIRA,
Vila Nova Conceição,VL N CONCEICAO,6,"04507050, 04508000, 04508030, 04509021",Vila Nova Conceição,AUTO_CARTEIRA,
Vila Nova Conceição,V. N. CONCEICAO,6,04512000,Vila Nova Conceição,AUTO_CARTEIRA,
Vila Olímpia,V. OLIMPIA,6,"04550000, 04545040, 04545041, 04546905, 04548020",Vila Olímpia,AUTO_CARTEIRA,
Alto da Boa Vista,CHAC. STO ANTONIO,5,"04715002, 04715020, 04715004, 04715030",Chácara Santo Antônio,AUTO_CARTEIRA,
Alto da Boa Vista,BROOKLIN,5,"04715003, 04715005",Brooklin,AUTO_CARTEIRA,
Bela Vista,HIGIENOPOLIS,5,"01306040, 01049901, 01311927, 01333030, 01310926",Higienópolis,AUTO_CARTEIRA,
Bela Vista,JD AMERICA,5,"01311927, 01419904",Jardim América,AUTO_CARTEIRA,
Bosque da Saúde,V DA SAUDE,5,"04145030, 04145020, 04145060",Vila da Saúde,AUTO_CARTEIRA,
Bosque da Saúde,VL MARIANA,5,04135010,Vila Mariana,AUTO_CARTEIRA,
Brooklin,CHAC. STO. ANTONIO,5,"04702902, 04709110, 04710090, 04583110",Chácara Santo Antônio,AUTO_CARTEIRA,
Brooklin,BLOOKLIN,5,"04562000, 04559012, 04571000",Brooklin,AUTO_CARTEIRA,
Cambuci,JD DA GLORIA,5,"01544010, 01544001, 01538902, 01537001",Jardim da Glória,AUTO_CARTEIRA,
Campo Belo,BROOKLYN,5,"04602904, 04601000, 04602001, 04608000, 04619030",Brooklin,AUTO_CARTEIRA,
Campo Belo,VILA CORDEIRO,5,"04602000, 04602020",Vila Cordeiro,AUTO_CARTEIRA,
Consolação,PARAISO,5,"01302020, 01303001, 01243908",Paraíso,AUTO_CARTEIRA,
Ibirapuera,BROOKLIM,5,"04566061, 04566060, 04566062, 04566000, 04604001",Brooklin,AUTO_CARTEIRA,
Indianópolis,VL N CONCEICAO,5,"04513080, 04511001, 04511060, 04513031",Vila Nova Conceição,AUTO_CARTEIRA,
Itaim Bibi,MOEMA,5,"04536010, 04530050",Moema,AUTO_CARTEIRA,
Itaim Bibi,V N CONCEICAO,5,"04537010, 04535001, 04543070, 04537908, 04537081",Vila Nova Conceição,AUTO_CARTEIRA,
Jardim América,PERDIZES,5,"05409003, 05410002, 05409010, 05410001, 05409011",Perdizes,AUTO_CARTEIRA,
Jardim Petrópolis,ALTO DA BOA VISTA,5,"04639000, 04638080",Alto da Boa Vista,AUTO_CARTEIRA,
Jardim das Bandeiras,JD AMERICA,5,"05436010, 05437000, 05436080",Jardim América,AUTO_CARTEIRA,
Moema,VILA MARIANA,5,"04514001, 04514101, 04514041, 04077901, 04084005",Vila Mariana,AUTO_CARTEIRA,
Paraíso,JARDINS,5,"04001003, 04001905, 04001000, 04002001",Jardins,AUTO_CARTEIRA,
Paraíso,VL.MARIANA,5,"04001001, 04001002, 04003010, 04004001, 04005003",Vila Mariana,AUTO_CARTEIRA,
Perdizes,VL. POMPEIA,5,"05021010, 05009000, 05008010, 05020000, 05012020",Pompéia,AUTO_CARTEIRA,
Perdizes,VL.POMPEIA,5,"05017000, 05021010, 05008010",Pompéia,AUTO_CARTEIRA,
Santa Cecília,STA  CECILIA,5,"01232000, 01226001, 01233001, 01231001, 01229001",Santa Cecília,AUTO_CARTEIRA,
Vila Madalena,SUMARE,5,"05440001, 05440010, 05440050, 05442010, 05442000",Sumaré,AUTO_CARTEIRA,
Vila Mariana,V GUMERCINDO,5,"04127130, 04113000, 04122030",Vila Gumercindo,AUTO_CARTEIRA,
Mooca,TORRE 1,1684,"03173010, 03104010, 03164110, 03164100, 03182020",IGNORAR,AUTO_IGNORAR,
Tatuapé,TORRE 1,1673,"03063000, 03069070, 03411000, 03080010, 03067000",IGNORAR,AUTO_IGNORAR,
Tatuapé,TORRE 2,1538,"03063000, 03069070, 03067000, 03080010, 03421000",IGNORAR,AUTO_IGNORAR,
Mooca,TORRE 2,1491,"03173010, 03104010, 03164110, 03182020, 03162060",IGNORAR,AUTO_IGNORAR,
Lapa,TORRE A,1187,"05033001, 05038190, 05038150, 05036170, 05036904",IGNORAR,AUTO_IGNORAR,
Brooklin,TORRE 2,1126,"04707000, 04571010, 04707060, 04709111, 04704070",IGNORAR,AUTO_IGNORAR,
Tatuapé,BLOCO B,1121,"03460000, 03342000, 03471000, 03064000, 03081010",IGNORAR,AUTO_IGNORAR,
Lapa,TORRE 2,1066,"05038160, 05033080, 05068001, 05036110, 05038130",IGNORAR,AUTO_IGNORAR,
Lapa,TORRE B,1065,"05033001, 05038150, 05038190, 05036170, 05036904",IGNORAR,AUTO_IGNORAR,
Tatuapé,BLOCO A,927,"03460000, 03064000, 03471000, 03081010, 03342000",IGNORAR,AUTO_IGNORAR,
Mooca,TORRE B,855,"03042010, 03106030, 03170900, 03122010, 03105020",IGNORAR,AUTO_IGNORAR,
Lapa,TORRE 1,816,"05038160, 05033080, 05038130, 05068001, 05036110",IGNORAR,AUTO_IGNORAR,
Tatuapé,TORRE B,804,"03407050, 03305000, 03073060, 03416000, 03081015",IGNORAR,AUTO_IGNORAR,
Brooklin,TORRE 1,778,"04707000, 04709111, 04707060, 04704070, 04580051",IGNORAR,AUTO_IGNORAR,
Tatuapé,TORRE A,752,"03407050, 03073060, 03416000, 03081015, 03305000",IGNORAR,AUTO_IGNORAR,
Mooca,TORRE A,745,"03042010, 03170900, 03106030, 03105020, 03113010",IGNORAR,AUTO_IGNORAR,
Cambuci,TORRE A,742,"01519000, 01522000, 01523030, 01524000",IGNORAR,AUTO_IGNORAR,
Santa Cecília,COMPLEXO JULIO PRESTES,731,"01216011, 01217000",IGNORAR,AUTO_IGNORAR,
Brooklin,SETOR ESCRIT TORRE Z,719,04583110,IGNORAR,AUTO_IGNORAR,
Ipiranga,TORRE 2,703,"04278040, 04268040, 04225001, 04207000, 04278000",IGNORAR,AUTO_IGNORAR,
Ipiranga,TORRE 1,686,"04278040, 04225001, 04268040, 04207000, 04125120",IGNORAR,AUTO_IGNORAR,
Vila Mariana,TORRE A,676,"04018033, 04101000, 04012000, 04020000, 04115040",IGNORAR,AUTO_IGNORAR,
Brooklin,TORRE A,653,"04560908, 04565001, 04710090, 04702001, 04707000",IGNORAR,AUTO_IGNORAR,
Tatuapé,TORRE 3,650,"03063000, 03069070, 03411000, 03088000, 03448010",IGNORAR,AUTO_IGNORAR,
Brooklin,TORRE B,622,"04560908, 04565001, 04710090, 04702001, 04707000",IGNORAR,AUTO_IGNORAR,
Vila Firmiano Pinto,TORRE 1,617,"04272100, 04272300",IGNORAR,AUTO_IGNORAR,
Tatuapé,BLOCO 2,606,"03318000, 03406000, 03081015, 03309000, 03422000",IGNORAR,AUTO_IGNORAR,
Cambuci,TORRE B,599,"01522000, 01523030, 01519000, 01524000",IGNORAR,AUTO_IGNORAR,
Mooca,TORRE 3,598,"03104010, 03162060",IGNORAR,AUTO_IGNORAR,
Ipiranga,TORRE B,595,"04257100, 04275050, 04211040, 04267000, 04263200",IGNORAR,AUTO_IGNORAR,
Ipiranga,TORRE A,587,"04257100, 04275050, 04267000, 04263200, 04211040",IGNORAR,AUTO_IGNORAR,
Perdizes,BLOCO A COND COMERCIAL,585,05001200,IGNORAR,AUTO_IGNORAR,
Vila Mariana,BLOCO A,550,"04018001, 04015011, 04111081, 04139020, 04122030",IGNORAR,AUTO_IGNORAR,
Vila Mariana,TORRE B,545,"04101000, 04018033, 04012000, 04020000, 04115040",IGNORAR,AUTO_IGNORAR,
Chácara Santo Antônio,ED CAPITAL,541,04711130,IGNORAR,AUTO_IGNORAR,
Vila Mariana,BLOCO B,539,"04018001, 04015011, 04111081, 04139020, 04122030",IGNORAR,AUTO_IGNORAR,
Lapa,TORRE 3,532,"05068001, 05038130, 05061450, 05036110, 05077902",IGNORAR,AUTO_IGNORAR,
Mooca,BLOCO B,514,"03182040, 03127030, 03182020, 03164000, 03195100",IGNORAR,AUTO_IGNORAR,
Chácara Santo Antônio,ED SKYLINE NOVA,503,04713002,IGNORAR,AUTO_IGNORAR,
Indianópolis,TIMES SQUARE COSMO MIX,484,04080922,IGNORAR,AUTO_IGNORAR,
Vila Olímpia,SETOR RESIDENCIAL,471,04550000,IGNORAR,AUTO_IGNORAR,
Itaim Bibi,SS2,467,"04543900, 04534900",IGNORAR,AUTO_IGNORAR,
Consolação,BLOCO A,433,"01301100, 01307011, 01415000, 01227906",IGNORAR,AUTO_IGNORAR,
Lapa,BLOCO A,425,"05303000, 05036170, 05088050, 05033080, 05056020",IGNORAR,AUTO_IGNORAR,
Vila Mariana,TORRE 2,421,"04044050, 04040901, 02017000, 04037001",IGNORAR,AUTO_IGNORAR,
Lapa,BLOCO B,417,"05303000, 05033080, 05088050, 05036170, 05056020",IGNORAR,AUTO_IGNORAR,
Lapa,TORRE C,407,"05038150, 05303912, 05036904, 05036001, 05036165",IGNORAR,AUTO_IGNORAR,
Pinheiros,SUBCOND RESIDENCIAL,405,"05427011, 05407001",IGNORAR,AUTO_IGNORAR,
Campo Belo,TORRE B,401,"04619000, 04606004, 04616005",IGNORAR,AUTO_IGNORAR,
Brooklin,ED CONV CENTER BERRINI,399,04707000,IGNORAR,AUTO_IGNORAR,
Consolação,ED S PAULO CONSOLACAO,398,01301100,IGNORAR,AUTO_IGNORAR,
Indianópolis,TORRE A-AL JURUPIS 700,384,04075000,IGNORAR,AUTO_IGNORAR,
Bela Vista,ED PAULISTA CLASS,381,01311300,IGNORAR,AUTO_IGNORAR,
Ibirapuera,R BSA B VISTA 801,377,04612010,IGNORAR,AUTO_IGNORAR,
Consolação,3,375,"01050070, 01222010, 01041000, 01046925, 01221901",IGNORAR,AUTO_IGNORAR,
Jardim América,TORRE RESIDENCIAL,374,"05410000, 05410002",IGNORAR,AUTO_IGNORAR,
Bela Vista,COND VEREDA PARAISO,373,01322000,IGNORAR,AUTO_IGNORAR,
Ipiranga,BLOCO 1,368,"04202020, 04294000, 04210061, 04251000, 04211001",IGNORAR,AUTO_IGNORAR,
Ipiranga,BLOCO 2,368,"04202020, 04294000, 04210061, 04251000, 04211001",IGNORAR,AUTO_IGNORAR,
Vila Mariana,TORRE 1,366,"04040033, 04111001, 04037001, 04044050, 02017000",IGNORAR,AUTO_IGNORAR,
Jardim Paulista,ED 03 TORRE COML,364,01405900,IGNORAR,AUTO_IGNORAR,
Campo Belo,COND SKY CAMPO BELO,361,04605003,IGNORAR,AUTO_IGNORAR,
Jardim América,SETOR RESIDENCIAL,356,"05409011, 05410002, 05412001",IGNORAR,AUTO_IGNORAR,
Mooca,BLOCO A,356,"03182040, 03127030, 03182020, 03118000, 03119001",IGNORAR,AUTO_IGNORAR,
Campo Belo,COND LUME ALTO DA,349,04603000,IGNORAR,AUTO_IGNORAR,
Lapa,LT 1 QD B,349,05036165,IGNORAR,AUTO_IGNORAR,
Indianópolis,TORRE B,347,"04075000, 04027000, 04088004, 04521000",IGNORAR,AUTO_IGNORAR,
Mooca,COND RES MILANI,344,03195100,IGNORAR,AUTO_IGNORAR,
Campo Belo,ED AIRPORT HOTELS,341,04625005,IGNORAR,AUTO_IGNORAR,
Jardim América,SUBCOND RESIDENCIAL,339,05402400,IGNORAR,AUTO_IGNORAR,
Pinheiros,EDIFICIO DOUBLE SPACE,338,04538133,IGNORAR,AUTO_IGNORAR,
Brooklin,BLOCO B,337,"04563060, 04710090, 04567002, 04622000, 04580051",IGNORAR,AUTO_IGNORAR,
Vila Olímpia,SUBCOND HYPE,336,04552030,IGNORAR,AUTO_IGNORAR,
Brooklin,BLOCO A,334,"04563060, 04710090, 04567002, 04622000, 04580051",IGNORAR,AUTO_IGNORAR,
Mooca,E 1DP,334,"03111010, 03119000, 03125070",IGNORAR,AUTO_IGNORAR,
Santa Cecília,BLOCO B,334,"01138010, 01214100, 01153000",IGNORAR,AUTO_IGNORAR,
Santa Cecília,BLOCO A,333,"01138010, 01214100, 01153000",IGNORAR,AUTO_IGNORAR,
Pinheiros,ED FARIA LIMA PREMIUM,331,05423010,IGNORAR,AUTO_IGNORAR,
Jardim América,ED THE EXCELLENCE FLAT,319,05409001,IGNORAR,AUTO_IGNORAR,
Consolação,BLOCO B,318,"01301100, 01307011, 01227906, 01415000",IGNORAR,AUTO_IGNORAR,
Tatuapé,BLOCO 1,311,"03406000, 03081015, 03309000, 03376135",IGNORAR,AUTO_IGNORAR,
Lapa,BLOCO C,309,"05033080, 05303000, 05036170, 05088050, 05045020",IGNORAR,AUTO_IGNORAR,
Vila Mariana,TREND PAULISTA OFFICES,309,04101100,IGNORAR,AUTO_IGNORAR,
Vila Mariana,RESIDENCIAL CITY PARK,307,04018033,IGNORAR,AUTO_IGNORAR,
Paraíso,TORRE C,306,04102002,IGNORAR,AUTO_IGNORAR,
Brooklin,ENT R PITU 72,303,04568000,IGNORAR,AUTO_IGNORAR,
Jardim América,BLOCO B,300,"05412002, 05411001, 05409010, 05413000, 01453030",IGNORAR,AUTO_IGNORAR,
Tatuapé,BLOCO 3,298,"03081015, 03064000, 03309000, 03063000, 03376135",IGNORAR,AUTO_IGNORAR,
Itaim Bibi,SS1,296,"04543900, 04534900",IGNORAR,AUTO_IGNORAR,
Perdizes,BLOCO A,296,"05001000, 05009060, 05029060, 01258020, 05006000",IGNORAR,AUTO_IGNORAR,
Ipiranga,CJ RES L A A VIEIRA,295,04205912,IGNORAR,AUTO_IGNORAR,
Tatuapé,SUBCOND 4,294,03310010,IGNORAR,AUTO_IGNORAR,
Perdizes,TORRE 2,291,"05028000, 05021010, 05002050",IGNORAR,AUTO_IGNORAR,
Consolação,ED LONG,287,01415909,IGNORAR,AUTO_IGNORAR,
Pinheiros,BLOCO A,287,"05424000, 05408001, 05404011, 05419000",IGNORAR,AUTO_IGNORAR,
Vila Olímpia,ED ITC RESIDENCE,287,04552000,IGNORAR,AUTO_IGNORAR,
Chácara Santo Antônio,SUBSOLO,283,04719904,IGNORAR,AUTO_IGNORAR,
Vila Madalena,BLOCO B,283,"05435902, 05443001, 05440000, 05440001, 05441040",IGNORAR,AUTO_IGNORAR,
Vila Olímpia,ED EXECUTIVE FLAT ONE,282,04545041,IGNORAR,AUTO_IGNORAR,
Vila Mariana,BLOCO C,280,"04122030, 04112011, 04117120, 04120060, 01532001",IGNORAR,AUTO_IGNORAR,
Lapa,C RES ALTO DA LAPA II,279,05089000,IGNORAR,AUTO_IGNORAR,
Cambuci,SETOR RESIDENCIAL,276,01519000,IGNORAR,AUTO_IGNORAR,
Campo Belo,TORRE 1,275,"04602007, 05634001",IGNORAR,AUTO_IGNORAR,
Vila Madalena,BLOCO A,275,"05435902, 05443001, 05440000, 05440001, 05441040",IGNORAR,AUTO_IGNORAR,
Campo Belo,CONDOMINIO VISION,272,04610001,IGNORAR,AUTO_IGNORAR,
Cambuci,BLOCO 2,271,"01537001, 01518000, 01526020, 01536000",IGNORAR,AUTO_IGNORAR,
Mooca,RES.PQ. TAQUARI,270,03166001,IGNORAR,AUTO_IGNORAR,
Perdizes,TORRE 1,267,"05028000, 05021010, 05002050",IGNORAR,AUTO_IGNORAR,
Cambuci,BLOCO 3,265,"01537001, 01518000, 01526020, 01536000",IGNORAR,AUTO_IGNORAR,
Indianópolis,SETOR RESIDENCIAL,263,04524000,IGNORAR,AUTO_IGNORAR,
Ipiranga,CONJ RES HELIOPOLIS C,263,04218901,IGNORAR,AUTO_IGNORAR,
Lapa,E 1DP,262,"05076020, 05468140, 05060050",IGNORAR,AUTO_IGNORAR,
Mooca,BLOCO C,261,"03127030, 03182020, 03164000, 03195100",IGNORAR,AUTO_IGNORAR,
Consolação,SUBCOND RESIDENCIAL,257,01220000,IGNORAR,AUTO_IGNORAR,
Itaim Bibi,ED HELBOR UP,257,04705010,IGNORAR,AUTO_IGNORAR,
Tatuapé,COND ELBOR UP OFFICES,257,03402002,IGNORAR,AUTO_IGNORAR,
Brooklin,SUBCOND RESIDENCIAL,255,"04709110, 04621001",IGNORAR,AUTO_IGNORAR,
Ibirapuera,BLOCO B,255,"04566000, 05625160",IGNORAR,AUTO_IGNORAR,
Bela Vista,CENTRAL TOWERS PAUL,254,01323000,IGNORAR,AUTO_IGNORAR,
Vila Gumercindo,C RES CHAC STA CRUZ,254,04131000,IGNORAR,AUTO_IGNORAR,
Jardim Paulista,ED,253,"01406000, 01424003",IGNORAR,AUTO_IGNORAR,
Tatuapé,AXIS BUSINESS TOWER,253,03065020,IGNORAR,AUTO_IGNORAR,
Lapa,SPORTS GARDEN PREMIUM,252,"05303905, 05303000",IGNORAR,AUTO_IGNORAR,
Mirandópolis,TORRE B PAN AMERICANA,252,04045004,IGNORAR,AUTO_IGNORAR,
Lapa,CONVERGE BLVD OFFICE,249,05042001,IGNORAR,AUTO_IGNORAR,
Cambuci,TORRE 2,246,"01521000, 01520010, 01552001",IGNORAR,AUTO_IGNORAR,
Tatuapé,RES CADIZ,245,03401001,IGNORAR,AUTO_IGNORAR,
Consolação,E VG,244,01307000,IGNORAR,AUTO_IGNORAR,
Campo Belo,TORRE A,243,"04619000, 04616005",IGNORAR,AUTO_IGNORAR,
Mooca,EDIFICIO PALAIS ROYAL,242,03124070,IGNORAR,AUTO_IGNORAR,
Jardim América,BLOCO A,240,"05411001, 05412002, 05409010, 05413000, 01453030",IGNORAR,AUTO_IGNORAR,
Paraíso,CONDOMINIUM CLUB,240,04104020,IGNORAR,AUTO_IGNORAR,
Brooklin,TORRE 4,238,"04707000, 04571010",IGNORAR,AUTO_IGNORAR,
Ipiranga,TORRE 3,238,"04207000, 04278000, 04244000, 04180180",IGNORAR,AUTO_IGNORAR,
Bela Vista,COND TODAY BRIGADEIRO,237,01316030,IGNORAR,AUTO_IGNORAR,
Bela Vista,LIBERDADE EDIFICIO VIA,236,01321001,IGNORAR,AUTO_IGNORAR,
Jardim América,TORRE 2,236,"05410000, 05413020",IGNORAR,AUTO_IGNORAR,
Indianópolis,SETOR 1,235,"04511011, 04075000",IGNORAR,AUTO_IGNORAR,
Campo Belo,LANDING HOME,234,04617007,IGNORAR,AUTO_IGNORAR,
Cambuci,TORRE 1,232,"01521000, 01520000, 01552001",IGNORAR,AUTO_IGNORAR,
Bela Vista,CENTRAL PARK CLUB/RES,230,01314000,IGNORAR,AUTO_IGNORAR,
Brooklin,COND E-MOTION BROOKLIN,230,04567000,IGNORAR,AUTO_IGNORAR,
Ibirapuera,TORRE 1,230,"04708040, 05706280",IGNORAR,AUTO_IGNORAR,
Pinheiros,BL B,230,"05425902, 05417001",IGNORAR,AUTO_IGNORAR,
Mooca,TORRE C,229,"03170900, 03105020, 03123020",IGNORAR,AUTO_IGNORAR,
Bela Vista,ED PAULISTA FLAT,228,01311300,IGNORAR,AUTO_IGNORAR,
Consolação,E N 154,228,01222010,IGNORAR,AUTO_IGNORAR,
Pinheiros,SUBSOLO 4,228,"05426100, 05422030",IGNORAR,AUTO_IGNORAR,
Itaim Bibi,ED CONCEPT OFFICE,227,04537080,IGNORAR,AUTO_IGNORAR,
Tatuapé,RESIDENCIAL GRID,227,03073005,IGNORAR,AUTO_IGNORAR,
Vila Mariana,B,225,"04011031, 04105001, 01532001, 04016030, 04110060",IGNORAR,AUTO_IGNORAR,
Brooklin,COND MANHATTANS PLACES,224,04560914,IGNORAR,AUTO_IGNORAR,
Campo Belo,CD. ED.,222,04615006,IGNORAR,AUTO_IGNORAR,
Perdizes,BLOCO B,222,"05014000, 05009060, 05029060, 01258020, 05006000",IGNORAR,AUTO_IGNORAR,
Cambuci,A,221,"01524000, 01535000, 01541020",IGNORAR,AUTO_IGNORAR,
Vila Olímpia,ED ITC BUSINESS,221,04552000,IGNORAR,AUTO_IGNORAR,
Pinheiros,SUBSOLO 3,220,"05426100, 05422030",IGNORAR,AUTO_IGNORAR,
Vila Olímpia,COND ATMOSFERA V OLIMP,220,04552000,IGNORAR,AUTO_IGNORAR,
Itaim Bibi,ED GOLDEN LIGHT,219,04531004,IGNORAR,AUTO_IGNORAR,
Lapa,COND CLUB A PINHEIROS,219,05468915,IGNORAR,AUTO_IGNORAR,
Consolação,COND SETIN DOWNTOWN,218,01050060,IGNORAR,AUTO_IGNORAR,
Brooklin,ED GRAN ESTANPLAZA SP,216,04567003,IGNORAR,AUTO_IGNORAR,
Vila Olímpia,RESIDENCIAL,216,04551060,IGNORAR,AUTO_IGNORAR,
Alto da Boa Vista,COND. HELBOR OFFICES,215,04715005,IGNORAR,AUTO_IGNORAR,
Brooklin,TORRE 6,214,04707000,IGNORAR,AUTO_IGNORAR,
Campo Belo,BLOCO B,214,"04601000, 05684030, 05634001",IGNORAR,AUTO_IGNORAR,
Cambuci,BLOCO 1,213,"01537001, 01518000, 01536000",IGNORAR,AUTO_IGNORAR,
Moema,COND VIVAI MOEMA,213,04078010,IGNORAR,AUTO_IGNORAR,
Lapa,EDIF VILLA DI ROMA,211,05051000,IGNORAR,AUTO_IGNORAR,
Bela Vista,TORRE D,210,01308010,IGNORAR,AUTO_IGNORAR,
Bela Vista,BLOCO H - HOTEL,209,01332000,IGNORAR,AUTO_IGNORAR,
Brooklin,SUBCOND HOTEL,209,04709110,IGNORAR,AUTO_IGNORAR,
Cambuci,COND PLANO,209,01523030,IGNORAR,AUTO_IGNORAR,
Itaim Bibi,EDIFICIO      THE FLAG,209,04532002,IGNORAR,AUTO_IGNORAR,
Cambuci,B,208,"01524000, 01535000",IGNORAR,AUTO_IGNORAR,
Chácara Inglesa,COND PRIX,207,05145100,IGNORAR,AUTO_IGNORAR,
Perdizes,ED MANHATTAN,207,05017000,IGNORAR,AUTO_IGNORAR,
Vila Mariana,A,207,"04105001, 04011031, 01532001, 04110060, 04015011",IGNORAR,AUTO_IGNORAR,
Campo Belo,BLOCO A,205,"04601000, 05684030, 05634001, 05634160",IGNORAR,AUTO_IGNORAR,
Jardim América,CD ED CIDADE JARDIM,205,01453000,IGNORAR,AUTO_IGNORAR,
Jardim Paulista,ED METROPOLITAN,205,01424000,IGNORAR,AUTO_IGNORAR,
Campo Belo,CONDOMINIO   EDIF CODE,204,04607000,IGNORAR,AUTO_IGNORAR,
Vila Mariana,SETOR RESIDENCIAL,204,"04013044, 04116070",IGNORAR,AUTO_IGNORAR,
Bela Vista,COND UPSIDE PAULISTA,202,01306010,IGNORAR,AUTO_IGNORAR,
Vila Mariana,SS 1,202,"04015011, 04101904, 04011909",IGNORAR,AUTO_IGNORAR,
Cambuci,COND RES DO BOSQUE,201,01520000,IGNORAR,AUTO_IGNORAR,
Jardim Paulista,EDIF THE UNIVERSE,201,01405100,IGNORAR,AUTO_IGNORAR,
Consolação,ED VISION PAULISTA,200,01305100,IGNORAR,AUTO_IGNORAR,
Itaim Bibi,ED FARIA LIMA CENTURY,200,04531004,IGNORAR,AUTO_IGNORAR,
Tatuapé,TORRE A - SKY,200,03077000,IGNORAR,AUTO_IGNORAR,
Pinheiros,RESIDENCIAL,199,"05408002, 05406150",IGNORAR,AUTO_IGNORAR,
Indianópolis,ED THE PRIVILEGE FLAT,198,04523001,IGNORAR,AUTO_IGNORAR,
Jardim Paulista,TORRE EAST SIDE,197,01409000,IGNORAR,AUTO_IGNORAR,
Lapa,COND ED RES FLORENCA,197,05048070,IGNORAR,AUTO_IGNORAR,
Tatuapé,E 1 DEP,197,"03320000, 03337010, 03355000, 03325100, 03337060",IGNORAR,AUTO_IGNORAR,
Tatuapé,BLOCO BETA,197,03071100,IGNORAR,AUTO_IGNORAR,
Campo Belo,N 3497,196,04603003,IGNORAR,AUTO_IGNORAR,
Mooca,RES MULTY HOME MOOCA,196,03105100,IGNORAR,AUTO_IGNORAR,
Tatuapé,ESQ R COELHO LISBOA434,196,03319900,IGNORAR,AUTO_IGNORAR,
Tatuapé,ED IT RESIDENCE,196,03335050,IGNORAR,AUTO_IGNORAR,
Higienópolis,COND OLIMPIC,195,01238001,IGNORAR,AUTO_IGNORAR,
Indianópolis,TORRE 1,194,"04521021, 04521022",IGNORAR,AUTO_IGNORAR,
Sumaré,SUBCOND RESIDENCIAL,194,01257080,IGNORAR,AUTO_IGNORAR,
Itaim Bibi,DUPLEX,192,"04543120, 04542080, 04543070, 04542012, 04537012",IGNORAR,AUTO_IGNORAR,
Perdizes,1 SS,192,"05029060, 05016081, 05020000, 05009000, 05021010",IGNORAR,AUTO_IGNORAR,
Pinheiros,SUBSOLO 2,192,"05422030, 05426100, 05415001, 05352020",IGNORAR,AUTO_IGNORAR,
Ibirapuera,BLOCO A,191,"04566000, 05625160",IGNORAR,AUTO_IGNORAR,
Indianópolis,TORRE MEDPLEX,191,04074000,IGNORAR,AUTO_IGNORAR,
Consolação,ED AUGUSTA,190,01415001,IGNORAR,AUTO_IGNORAR,
Jardim América,ED TRENDS RES SERV,190,05409011,IGNORAR,AUTO_IGNORAR,
Tatuapé,SUBCONDOMINIO HOTEL,190,03305000,IGNORAR,AUTO_IGNORAR,
Tatuapé,EDIFICIO RESIDENCIAL,189,03069030,IGNORAR,AUTO_IGNORAR,
Indianópolis,TWIN TOWERS IBIRAPUERA,183,"04088904, 04088000",IGNORAR,AUTO_IGNORAR,
Ipiranga,CD RES MONT SERRAT,183,04125010,IGNORAR,AUTO_IGNORAR,
Mooca,1 SS ALTO DA MOOCA,183,"03195100, 03186010, 03183000",IGNORAR,AUTO_IGNORAR,
Mooca,EDIFICIO SAN MARINO,182,03186010,IGNORAR,AUTO_IGNORAR,
Lapa,SUBSOLO 1,181,"05303000, 05056000, 05056020, 05074900, 05083110",IGNORAR,AUTO_IGNORAR,
Santa Cecília,TORRE B HOME,181,01153040,IGNORAR,AUTO_IGNORAR,
Tatuapé,BLOCO C1,181,"03407050, 03320001",IGNORAR,AUTO_IGNORAR,
Jardim Paulista,ED CAESAR TOWERS PAU,179,01409001,IGNORAR,AUTO_IGNORAR,
Mooca,ED ROYAL PARK RESIDENC,179,03123020,IGNORAR,AUTO_IGNORAR,
Mooca,EDIFICIO NEW LIFE,179,03188000,IGNORAR,AUTO_IGNORAR,
Vila Mariana,2 SUBSOLO,178,"04016002, 04019030, 04044020, 04122030, 04012080",IGNORAR,AUTO_IGNORAR,
Brooklin,E ANTARES FLAT SERVICE,176,04569903,IGNORAR,AUTO_IGNORAR,
Consolação,ED YOU FREI CANECA,176,01307000,IGNORAR,AUTO_IGNORAR,
Mooca,TORRE VENEZA,176,03005000,IGNORAR,AUTO_IGNORAR,
Pinheiros,BLOCO B,176,05424000,IGNORAR,AUTO_IGNORAR,
Vila Olímpia,FL OFFICE,176,04552040,IGNORAR,AUTO_IGNORAR,
Ipiranga,T 2 ED MIRABELL,175,04296090,IGNORAR,AUTO_IGNORAR,
Jardim América,COND ATRIUM JARDINS,175,05411000,IGNORAR,AUTO_IGNORAR,
Mooca,COND MAXHAUS AF,175,03344040,IGNORAR,AUTO_IGNORAR,
Mooca,TORRE MILANO,174,03005000,IGNORAR,AUTO_IGNORAR,
Pinheiros,T - NEXT ONE,174,05404014,IGNORAR,AUTO_IGNORAR,
Ipiranga,ROSSI IPIRANGA ONE,173,04203002,IGNORAR,AUTO_IGNORAR,
Ibirapuera,E 1 VG,171,04604902,IGNORAR,AUTO_IGNORAR,
Indianópolis,ENT AL JAUAPERI 299,171,04521022,IGNORAR,AUTO_IGNORAR,
Jardim América,SUBCOND HOTEL,170,05402400,IGNORAR,AUTO_IGNORAR,
Vila Mariana,2 SS,170,"04012060, 04139000, 04022020, 04024003, 04020040",IGNORAR,AUTO_IGNORAR,
Cambuci,COND RES PQ CAMBUCI,169,01520000,IGNORAR,AUTO_IGNORAR,
Campo Belo,ED AIRPORT SUITES,169,04625001,IGNORAR,AUTO_IGNORAR,
Mirandópolis,SETOR RESIDENCIAL,169,04046300,IGNORAR,AUTO_IGNORAR,
Vila Olímpia,N. 1146 A 1156,169,04547004,IGNORAR,AUTO_IGNORAR,
Perdizes,ED MIRANTE DO PARQUE,168,05015000,IGNORAR,AUTO_IGNORAR,
Bela Vista,TORRE C,167,01308010,IGNORAR,AUTO_IGNORAR,
Ipiranga,TORRE 4,166,"04207000, 04244000, 04180180",IGNORAR,AUTO_IGNORAR,
Brooklin,TORRE 5,164,04707000,IGNORAR,AUTO_IGNORAR,
Chácara Inglesa,ED PAINEIRAS,164,05145000,IGNORAR,AUTO_IGNORAR,
Vila Mariana,COND VN CASA TOPAZIO,164,04105062,IGNORAR,AUTO_IGNORAR,
Consolação,HADDOCK OFFICES,163,01414001,IGNORAR,AUTO_IGNORAR,
Indianópolis,1 DEP,163,"04511060, 04515000, 04513080, 04511010, 04521022",IGNORAR,AUTO_IGNORAR,
Ipiranga,BL 1,163,"04253000, 04202030",IGNORAR,AUTO_IGNORAR,
Jardim Paulista,SUBCOND RESIDENCIAL,163,05401150,IGNORAR,AUTO_IGNORAR,
Brooklin,1 SUBSOLO,162,"04562000, 04570020, 04562031, 04710090, 04709111",IGNORAR,AUTO_IGNORAR,
Jardins,E VG,162,"01410000, 01410003",IGNORAR,AUTO_IGNORAR,
Jardim Paulista,2729,161,01401000,IGNORAR,AUTO_IGNORAR,
Mooca,ED LEONARDO DA VINCI,161,"03169010, 03184080",IGNORAR,AUTO_IGNORAR,
Ipiranga,TORRE  B,160,04288080,IGNORAR,AUTO_IGNORAR,
Santa Cecília,EDIFICIO ATTUALITA,160,01226011,IGNORAR,AUTO_IGNORAR,
Indianópolis,ED CONDE DE VERSALHES,159,04524903,IGNORAR,AUTO_IGNORAR,
Itaim Bibi,ED OFFICE TOWER ITAIM,159,04536000,IGNORAR,AUTO_IGNORAR,
Chácara Inglesa,SETOR RESIDENCIAL,158,04140000,IGNORAR,AUTO_IGNORAR,
Ipiranga,ED RIVIERA PLAZA,158,04209904,IGNORAR,AUTO_IGNORAR,
Ipiranga,BL 2,158,"04253000, 04202030",IGNORAR,AUTO_IGNORAR,
Tatuapé,COND QUARTIER D'OR,158,03068000,IGNORAR,AUTO_IGNORAR,
Bela Vista,ED PAULISTA PLAZA,157,01419000,IGNORAR,AUTO_IGNORAR,
Indianópolis,ED MONTREAL OFFICES,157,04516902,IGNORAR,AUTO_IGNORAR,
Ipiranga,BLOCO B,157,"04225002, 04202010, 04205901, 04269000",IGNORAR,AUTO_IGNORAR,
Ipiranga,TORRE B - PROJ IMOB,157,04177040,IGNORAR,AUTO_IGNORAR,
Jardim América,COND EDIF OSCAR OFFICE,157,05409011,IGNORAR,AUTO_IGNORAR,
Brooklin,TORRE  A,156,04568010,IGNORAR,AUTO_IGNORAR,
Brooklin,TORRE  B,156,04568010,IGNORAR,AUTO_IGNORAR,
Mooca,E 1 DEP,156,03118040,IGNORAR,AUTO_IGNORAR,
Pinheiros,BLOCO 2   ED BROADWAY,156,05406050,IGNORAR,AUTO_IGNORAR,
Tatuapé,ED BEIJA FLOR,156,03090020,IGNORAR,AUTO_IGNORAR,
Brooklin,2 SUBSOLO,155,"04562000, 04562031, 04634011, 04570020, 04709111",IGNORAR,AUTO_IGNORAR,
Ipiranga,TORRE 1 - RESIDENCE,155,04277000,IGNORAR,AUTO_IGNORAR,
Lapa,C RES ALTO DA LAPA I,154,05089000,IGNORAR,AUTO_IGNORAR,
Perdizes,COND URBAN PACAEMBU,154,01154000,IGNORAR,AUTO_IGNORAR,
Bela Vista,EDIFICIO BELA VISTA,152,01316000,IGNORAR,AUTO_IGNORAR,
Consolação,ED VILLA ANTONIA,152,01307014,IGNORAR,AUTO_IGNORAR,
Jardim América,"R CRISTIANO VIANA, 318",152,05410000,IGNORAR,AUTO_IGNORAR,
Lapa,ESTAC 3,152,05305001,IGNORAR,AUTO_IGNORAR,
Santa Cecília,TORRE 2,152,01153010,IGNORAR,AUTO_IGNORAR,
Paraíso,COND RETRATO PAULISTA,151,01533010,IGNORAR,AUTO_IGNORAR,
Cambuci,TORRE 1 PLANO CAMBUCI,150,01524001,IGNORAR,AUTO_IGNORAR,
Cambuci,TORRE 2 PLANO CAMBUCI,150,01524001,IGNORAR,AUTO_IGNORAR,
Chácara Inglesa,ED JACARANDA,150,05145000,IGNORAR,AUTO_IGNORAR,
Ipiranga,VG MEDIA 1 SS,150,04205912,IGNORAR,AUTO_IGNORAR,
Alto da Boa Vista,DESIGN OFFICES TOWER,149,04750001,IGNORAR,AUTO_IGNORAR,
Chácara Inglesa,ED INDAIA,149,05145000,IGNORAR,AUTO_IGNORAR,
Consolação,BLOCO I,149,"01301000, 01307013",IGNORAR,AUTO_IGNORAR,
Tatuapé,TORRE 4,149,"03088000, 03448010",IGNORAR,AUTO_IGNORAR,
Pinheiros,SUBSOLO 1,148,"05422030, 05415001, 05426100, 05352020",IGNORAR,AUTO_IGNORAR,
Vila Mariana,ST STUDIOS VL MARIANA,148,04020041,IGNORAR,AUTO_IGNORAR,
Bela Vista,COND VILA DAS FLORES,147,"05132902, 05132901",IGNORAR,AUTO_IGNORAR,
Consolação,SUB APART-HOTEL,147,01305000,IGNORAR,AUTO_IGNORAR,
Ipiranga,TORRE A - PROJ IMOB,147,04177040,IGNORAR,AUTO_IGNORAR,
Vila Mariana,DUPLEX,147,"04111000, 04119060, 04107020, 04117091, 04120080",IGNORAR,AUTO_IGNORAR,
Lapa,BLOCO D,146,"05033080, 05036170, 05458001",IGNORAR,AUTO_IGNORAR,
Tatuapé,BLOCO ALPHA,146,03071100,IGNORAR,AUTO_IGNORAR,
Consolação,ED BELA CINTRA,145,01415001,IGNORAR,AUTO_IGNORAR,
Mirandópolis,TORRE A JABAQUARA,145,04045004,IGNORAR,AUTO_IGNORAR,
Mooca,SUBSOLO,145,03116900,IGNORAR,AUTO_IGNORAR,
Pinheiros,NEO OFFICES FARIA LIMA,145,05424010,IGNORAR,AUTO_IGNORAR,
Santa Cecília,EDIFICIO COMODORO,145,01214100,IGNORAR,AUTO_IGNORAR,
Vila Mariana,ED FORTUNE OFFICE,145,04101000,IGNORAR,AUTO_IGNORAR,
Ipiranga,COND VILA DE BRAGANCA,144,04211040,IGNORAR,AUTO_IGNORAR,
Jardim América,E 1DP,144,"05410020, 01453010",IGNORAR,AUTO_IGNORAR,
Lapa,ED JABUTICABEIRAS,144,05047010,IGNORAR,AUTO_IGNORAR,
Lapa,EDIFICIO FIGUEIRA,144,05047010,IGNORAR,AUTO_IGNORAR,
Mooca,BL 2,144,03164100,IGNORAR,AUTO_IGNORAR,
Pinheiros,SUBSOLO 6,144,05426100,IGNORAR,AUTO_IGNORAR,
Pinheiros,SUBSOLO 5,144,05426100,IGNORAR,AUTO_IGNORAR,
Tatuapé,TORRE ORION,144,03069060,IGNORAR,AUTO_IGNORAR,
Tatuapé,TORRE SIGMA,144,03069060,IGNORAR,AUTO_IGNORAR,
Vila Firmiano Pinto,TORRE 2,144,"04272100, 04272300",IGNORAR,AUTO_IGNORAR,
Vila Mariana,ED MILLENNIUM PLAZA,144,04122030,IGNORAR,AUTO_IGNORAR,
Pinheiros,BLOCO 1,143,05406050,IGNORAR,AUTO_IGNORAR,
Tatuapé,EDIFICIO SETAI,143,03066065,IGNORAR,AUTO_IGNORAR,
Vila Mariana,E DEPOSITO,143,"04015012, 04116250, 01532001, 04024020, 04012090",IGNORAR,AUTO_IGNORAR,
Bela Vista,SUBCOND RES TORRE A,142,01322020,IGNORAR,AUTO_IGNORAR,
Consolação,ED DIEGO RIVERA,142,01416001,IGNORAR,AUTO_IGNORAR,
Ipiranga,BL 1  EDIF JATOBA,142,04201050,IGNORAR,AUTO_IGNORAR,
Moema,ED THE SPECIAL,142,04514100,IGNORAR,AUTO_IGNORAR,
Cambuci,TORRE 3,141,"01521000, 01552001",IGNORAR,AUTO_IGNORAR,
Consolação,ED PAULISTA INTERNAC,141,01414000,IGNORAR,AUTO_IGNORAR,
Itaim Bibi,ED MELIA CONFORT ITAIM,141,04536070,IGNORAR,AUTO_IGNORAR,
Tatuapé,TORRE B - STAR,141,03077000,IGNORAR,AUTO_IGNORAR,
Ipiranga,BLOCO A,140,"04225002, 04202010, 04240130, 04244000, 04214040",IGNORAR,AUTO_IGNORAR,
Brooklin,BROOKLIN BLOCO 3,139,04564000,IGNORAR,AUTO_IGNORAR,
Itaim Bibi,ED BRASCAN C PARK,139,04534002,IGNORAR,AUTO_IGNORAR,
Cambuci,COND HELBOR TREND SP,138,01520010,IGNORAR,AUTO_IGNORAR,
Cambuci,BLOCO A,138,"01527050, 01548030, 01535000",IGNORAR,AUTO_IGNORAR,
Cambuci,BLOCO 4,138,"01537001, 01536000",IGNORAR,AUTO_IGNORAR,
Ipiranga,E N195 CJ RES M PLAZA,138,04232900,IGNORAR,AUTO_IGNORAR,
Tatuapé,ED IBERICA EMPRESARIAL,138,03401001,IGNORAR,AUTO_IGNORAR,
Vila Olímpia,ED FUNCHAL PLAZA,138,04551060,IGNORAR,AUTO_IGNORAR,
Brooklin,BROOKLIN BLOCO 2,137,04564000,IGNORAR,AUTO_IGNORAR,
Ibirapuera,EDIFICIO,137,05687010,IGNORAR,AUTO_IGNORAR,
Pinheiros,1 SUBSOLO  C EMPRESAR,137,05406050,IGNORAR,AUTO_IGNORAR,
Tatuapé,EDIFICIO ADVANCED,137,03318000,IGNORAR,AUTO_IGNORAR,
Vila Gumercindo,TORRE A,137,"04134090, 04131020",IGNORAR,AUTO_IGNORAR,
Vila Mariana,EDIFICIO,137,"04128081, 04126010, 04036000",IGNORAR,AUTO_IGNORAR,
Vila Mariana,VL CLEMENTINO ED NEW,137,04044905,IGNORAR,AUTO_IGNORAR,
Cambuci,CD PARK WAY ACLIMACAO,136,01530020,IGNORAR,AUTO_IGNORAR,
Consolação,ED MASSIS FIVE STARS,136,01309000,IGNORAR,AUTO_IGNORAR,
Indianópolis,TORRE A,136,"04088004, 04027000, 04521000",IGNORAR,AUTO_IGNORAR,
Ipiranga,TORRE  2 - CONQUISTA,136,04296000,IGNORAR,AUTO_IGNORAR,
Perdizes,TORRE A,136,"05007031, 01259000",IGNORAR,AUTO_IGNORAR,
Vila Mariana,SETOR 1,136,04106040,IGNORAR,AUTO_IGNORAR,
Moema,BLOCO II,135,04078910,IGNORAR,AUTO_IGNORAR,
Vila Gumercindo,TORRE B,135,"04134090, 04131020, 04131080",IGNORAR,AUTO_IGNORAR,
Vila Olímpia,BLOCO B,135,04550004,IGNORAR,AUTO_IGNORAR,
Cambuci,TORRE A PLANO CAMBUCI,134,01524010,IGNORAR,AUTO_IGNORAR,
Cambuci,TORRE B PLANO CAMBUCI,134,01524010,IGNORAR,AUTO_IGNORAR,
Consolação,II,134,01209002,IGNORAR,AUTO_IGNORAR,
Indianópolis,EDIFICIO IMAGINAIRE,134,04089015,IGNORAR,AUTO_IGNORAR,
Jardim América,ED DUPLEX H PINHEIROS,134,05410000,IGNORAR,AUTO_IGNORAR,
Pompéia,CONDOMINIO VILLA BELLA,134,05026000,IGNORAR,AUTO_IGNORAR,
Chácara Inglesa,TORRE 01,133,05145100,IGNORAR,AUTO_IGNORAR,
Chácara Inglesa,TORRE 02,133,05145100,IGNORAR,AUTO_IGNORAR,
Consolação,HIGIEN CLASSIC OFFICE,133,01307014,IGNORAR,AUTO_IGNORAR,
Santa Cecília,TORRE 1,133,01153010,IGNORAR,AUTO_IGNORAR,
Tatuapé,SUBSOLO 1,133,"03308070, 03336010, 03318000",IGNORAR,AUTO_IGNORAR,
Vila Mariana,CONDOMINIO EDIF   SENA,133,04037020,IGNORAR,AUTO_IGNORAR,
Vila Olímpia,BLOCO A,133,"04550004, 04551065",IGNORAR,AUTO_IGNORAR,
Chácara Inglesa,T-1 ED DOS BEM-TE-VIS,132,05145000,IGNORAR,AUTO_IGNORAR,
Chácara Inglesa,T-2 ED DOS CANARIOS,132,05145000,IGNORAR,AUTO_IGNORAR,
Ipiranga,BL 2  EDIF CASTANHEIRA,132,04201050,IGNORAR,AUTO_IGNORAR,
Ipiranga,ED. ATRIA,132,04279080,IGNORAR,AUTO_IGNORAR,
Ipiranga,ED. BRISA,132,04279080,IGNORAR,AUTO_IGNORAR,
Lapa,TORRE 1 ED OASIS BLUE,132,05074010,IGNORAR,AUTO_IGNORAR,
Santa Cecília,ED RES UPTOWN AROUCHE,132,01035100,IGNORAR,AUTO_IGNORAR,
Tatuapé,TORRE PARK,132,03081015,IGNORAR,AUTO_IGNORAR,
Tatuapé,ED. IMAGINARE TATUAPE,132,03084030,IGNORAR,AUTO_IGNORAR,
Vila Olímpia,ED ITAIM OFFICE TOWER,132,04547006,IGNORAR,AUTO_IGNORAR,
Cambuci,BLOCO B,131,"01527050, 01548030, 01543001",IGNORAR,AUTO_IGNORAR,
Indianópolis,EDIFICIO ILUMINAIRE,131,04090004,IGNORAR,AUTO_IGNORAR,
Jardim Paulista,SUBSOLO,131,01424906,IGNORAR,AUTO_IGNORAR,
Moema,BLOCO I,131,04078910,IGNORAR,AUTO_IGNORAR,
Tatuapé,ED ETOILE,130,03310000,IGNORAR,AUTO_IGNORAR,
Vila Mariana,M 71249,130,04021070,IGNORAR,AUTO_IGNORAR,
Cambuci,BLOCO  B,129,01523030,IGNORAR,AUTO_IGNORAR,
Jardim Paulista,SUBSOLO 2,129,"01421900, 01422003, 01418200, 01424001, 01403020",IGNORAR,AUTO_IGNORAR,
Tatuapé,EDIFICIO EVOLUTION,129,03318000,IGNORAR,AUTO_IGNORAR,
Bela Vista,NUMERO 63 E 65,128,01306001,IGNORAR,AUTO_IGNORAR,
Ipiranga,2 VG,128,04202000,IGNORAR,AUTO_IGNORAR,
Perdizes,EDIFICIO AMARALIS,128,01155901,IGNORAR,AUTO_IGNORAR,
Santa Cecília,AL. DINO BUENO 67/47,128,01216011,IGNORAR,AUTO_IGNORAR,
Tatuapé,SUBSOLO 2,128,"03308070, 03336010, 03318000",IGNORAR,AUTO_IGNORAR,
Vila Olímpia,EDIF MOVE-VILA OLIMPIA,128,04546003,IGNORAR,AUTO_IGNORAR,
Bela Vista,RUA MAESTRO CARDIM 560,127,01322030,IGNORAR,AUTO_IGNORAR,
Bela Vista,SUBCOND RES TORRE B,126,01322020,IGNORAR,AUTO_IGNORAR,
Bela Vista,BLOCO  4,126,02617000,IGNORAR,AUTO_IGNORAR,
Santa Cecília,RESID - ED BILBAO,126,01232010,IGNORAR,AUTO_IGNORAR,
Vila Mariana,1 SUBSOLO,126,"04016002, 04019030, 04122030, 04044020, 04128080",IGNORAR,AUTO_IGNORAR,
Bela Vista,BLOCO 6,125,02617000,IGNORAR,AUTO_IGNORAR,
Brooklin,ED BR SELF PROJECT,125,04559912,IGNORAR,AUTO_IGNORAR,
Consolação,TORRE STYLE,125,01307000,IGNORAR,AUTO_IGNORAR,
Perdizes,2 SS,125,"05029060, 05016081, 05020000, 01258001",IGNORAR,AUTO_IGNORAR,
Santa Cecília,COND SAMPA,125,01203000,IGNORAR,AUTO_IGNORAR,
Tatuapé,1 SS,125,"03325140, 03334060, 03315000, 03333000",IGNORAR,AUTO_IGNORAR,
Chácara Inglesa,BLOCO 26,124,05145901,IGNORAR,AUTO_IGNORAR,
Indianópolis,TORRE C,124,04029200,IGNORAR,AUTO_IGNORAR,
Mooca,ED PALAZZO NOBILE,124,03120015,IGNORAR,AUTO_IGNORAR,
Bela Vista,BLOCO 7,123,02617000,IGNORAR,AUTO_IGNORAR,
Bela Vista,BLOCO  3,123,02617000,IGNORAR,AUTO_IGNORAR,
Brooklin,SUBCONDOMINIO 2,123,04622000,IGNORAR,AUTO_IGNORAR,
Chácara Inglesa,BLOCO 27,123,05145901,IGNORAR,AUTO_IGNORAR,
Mooca,ED SAN,123,03116000,IGNORAR,AUTO_IGNORAR,
Perdizes,ED SILVER TOWER,123,05017000,IGNORAR,AUTO_IGNORAR,
Vila Olímpia,EDIF VISIONNAIRE,123,04544000,IGNORAR,AUTO_IGNORAR,
Vila Olímpia,ED FORMA ITAIM,123,04544050,IGNORAR,AUTO_IGNORAR,
Bela Vista,E N 260,122,01332000,IGNORAR,AUTO_IGNORAR,
Bela Vista,COND BEM VIVER BRIG,122,01317001,IGNORAR,AUTO_IGNORAR,
Bela Vista,BLOCO 5,122,02617000,IGNORAR,AUTO_IGNORAR,
Chácara Inglesa,EDIFICIO FRATELLI,122,05145901,IGNORAR,AUTO_IGNORAR,
Consolação,COND ED MAURICIO,122,"01227902, 01302001",IGNORAR,AUTO_IGNORAR,
Jardim Paulista,EDIFICIO JARDINS,122,01404003,IGNORAR,AUTO_IGNORAR,
Vila Mariana,COND VITREO KLABIN,122,04117110,IGNORAR,AUTO_IGNORAR,
Vila Mariana,COND ESPACO CONTEMP,122,04120021,IGNORAR,AUTO_IGNORAR,
Vila Mariana,1 SS,121,"04139000, 04024003, 04012060, 04022020, 04020040",IGNORAR,AUTO_IGNORAR,
Campo Belo,TORRE B - SUBCOND 2,120,04602006,IGNORAR,AUTO_IGNORAR,
Consolação,EDIFICIO HIGIENOPOLIS,120,01227200,IGNORAR,AUTO_IGNORAR,
Consolação,ED HELBOR H F PREMUIM,120,01307002,IGNORAR,AUTO_IGNORAR,
Ibirapuera,TORRE SUNRISE,120,05686002,IGNORAR,AUTO_IGNORAR,
Jardim América,ED PALAIS DES ARTS,120,05409001,IGNORAR,AUTO_IGNORAR,
Jardim Paulista,ED RES GARDEN TOWER,120,01421001,IGNORAR,AUTO_IGNORAR,
Paraíso,TORRE A,120,04102002,IGNORAR,AUTO_IGNORAR,
Paraíso,TORRE B,120,04102002,IGNORAR,AUTO_IGNORAR,
Perdizes,SETOR RESIDENCIAL,120,05024030,IGNORAR,AUTO_IGNORAR,
Tatuapé,2 SS,120,"03325140, 03315000, 03334060, 03333000, 03407040",IGNORAR,AUTO_IGNORAR,
Vila da Saúde,TORRE A,120,04144110,IGNORAR,AUTO_IGNORAR,
Vila da Saúde,TORRE B,120,04144110,IGNORAR,AUTO_IGNORAR,
Indianópolis,CD.  ED.,119,04081001,IGNORAR,AUTO_IGNORAR,
Lapa,TORRE 2 ED OASIS GREEN,119,05074010,IGNORAR,AUTO_IGNORAR,
Pinheiros,EMPRESARIAL BACHIANAS,119,05465070,IGNORAR,AUTO_IGNORAR,
Bela Vista,CD. ED.,118,01311000,IGNORAR,AUTO_IGNORAR,
Paraíso,E 1DP,118,04003020,IGNORAR,AUTO_IGNORAR,
Perdizes,A,118,"05030020, 05017000, 05003020",IGNORAR,AUTO_IGNORAR,
Tatuapé,CONDOMINIO RESIDENCIAL,118,"03422000, 03432050, 03415085, 03433030",IGNORAR,AUTO_IGNORAR,
Alto da Boa Vista,BK30 ALTO DA BOA VISTA,117,04750030,IGNORAR,AUTO_IGNORAR,
Consolação,ED V NORMANDA,117,"01046922, 01046927",IGNORAR,AUTO_IGNORAR,
Indianópolis,TORRE  B,117,04523010,IGNORAR,AUTO_IGNORAR,
Jardim América,CONDOMINIO EDIFICIO,117,05411001,IGNORAR,AUTO_IGNORAR,
Tatuapé,CONDOMINIO   EDIFICIO,117,03069030,IGNORAR,AUTO_IGNORAR,
Vila Mariana,ED MAISON SAINT PAUL,117,02017030,IGNORAR,AUTO_IGNORAR,
Chácara Inglesa,EDIFICIO DOS SABIAS,116,05145000,IGNORAR,AUTO_IGNORAR,
Ipiranga,COND. ED. VALE DO SOL,116,04294000,IGNORAR,AUTO_IGNORAR,
Pinheiros,ED PREMIUN T ALTAMURA,116,05404014,IGNORAR,AUTO_IGNORAR,
Vila Mariana,1 DEP,116,"04111000, 04107020, 04116280, 04112080",IGNORAR,AUTO_IGNORAR,
Chácara Inglesa,EDIFICIO PALAZZO,115,05145901,IGNORAR,AUTO_IGNORAR,
Indianópolis,BLOCO B,115,"04079000, 04087002, 04088908",IGNORAR,AUTO_IGNORAR,
Indianópolis,TORRE RES 2,115,"04027000, 04074000",IGNORAR,AUTO_IGNORAR,
Ipiranga,RESID 1 - BLOCO B,115,04262300,IGNORAR,AUTO_IGNORAR,
Perdizes,B,115,05030020,IGNORAR,AUTO_IGNORAR,
Lapa,BL VILLA BORGHESE,113,05050090,IGNORAR,AUTO_IGNORAR,
Mooca,CONDOMINIO      D.O.M.,113,03190030,IGNORAR,AUTO_IGNORAR,
Tatuapé,BLOCO 1 CD ESPORTE E,113,03318000,IGNORAR,AUTO_IGNORAR,
Vila Mariana,SUBSOLO 2,113,"04115040, 01532001, 04040033, 04116080, 04101300",IGNORAR,AUTO_IGNORAR,
Vila Mariana,SETOR 2,113,04106040,IGNORAR,AUTO_IGNORAR,
Brooklin,COND YOU NOW BROOKLIN,112,04704040,IGNORAR,AUTO_IGNORAR,
Brooklin,TORRE A - LYON   COND,112,04635041,IGNORAR,AUTO_IGNORAR,
Campo Belo,TORRE 4,112,05634001,IGNORAR,AUTO_IGNORAR,
Chácara Inglesa,TORRE  2,112,05145100,IGNORAR,AUTO_IGNORAR,
Chácara Santo Antônio,ED THASSOS,112,04716003,IGNORAR,AUTO_IGNORAR,
Chácara Santo Antônio,ED MIKONOS,112,04716003,IGNORAR,AUTO_IGNORAR,
Indianópolis,TORRE STUDIO,112,04027000,IGNORAR,AUTO_IGNORAR,
Ipiranga,ED CARMEL,112,04268000,IGNORAR,AUTO_IGNORAR,
Ipiranga,T1 ED VERSAILLES,112,04296090,IGNORAR,AUTO_IGNORAR,
Jardim Paulista,E HAMPTON PARK RESIDEN,112,01404001,IGNORAR,AUTO_IGNORAR,
Lapa,ED MATARAZZO BL B,112,05033070,IGNORAR,AUTO_IGNORAR,
Lapa,ED ESP DOS PINHEIROS,112,05054060,IGNORAR,AUTO_IGNORAR,
Mooca,1 SS,112,"03126007, 03121020, 03183000, 03170050",IGNORAR,AUTO_IGNORAR,
Perdizes,COND PERDIZES,112,05005030,IGNORAR,AUTO_IGNORAR,
Tatuapé,ED WALED OFFICE TOWER,112,03323040,IGNORAR,AUTO_IGNORAR,
Tatuapé,BLOCO C,112,"03460000, 03325000, 03405040",IGNORAR,AUTO_IGNORAR,
Tatuapé,O,112,"03932000, 03324050, 03324060, 03911060, 03324040",IGNORAR,AUTO_IGNORAR,
Tatuapé,RES. MARIA CALLAS,112,03333000,IGNORAR,AUTO_IGNORAR,
Tatuapé,VILLAS NOVA TATUAPE 2,112,03422001,IGNORAR,AUTO_IGNORAR,
Vila Mariana,E 1DP,112,"04041004, 04012001",IGNORAR,AUTO_IGNORAR,
Campo Belo,ED NUANCES BL A,111,04602925,IGNORAR,AUTO_IGNORAR,
Campo Belo,TORRE 3,111,05634001,IGNORAR,AUTO_IGNORAR,
Campo Belo,TORRE 6,111,05634001,IGNORAR,AUTO_IGNORAR,
Lapa,1 DEPOSITO,111,05051030,IGNORAR,AUTO_IGNORAR,
Lapa,ROSSI VL OFFICE,111,05089001,IGNORAR,AUTO_IGNORAR,
Lapa,ED. PENINSULA,111,05077010,IGNORAR,AUTO_IGNORAR,
Lapa,ED. ENSEADA,111,05077010,IGNORAR,AUTO_IGNORAR,
Lapa,EDIFICIO SPORTS,111,05089030,IGNORAR,AUTO_IGNORAR,
Perdizes,RESIDENCIAL DI MAURO,111,05019000,IGNORAR,AUTO_IGNORAR,
Tatuapé,ED SERRA DE BRAGANCA,111,03310000,IGNORAR,AUTO_IGNORAR,
Tatuapé,VILLAS NOVA TATUAPE 3,111,03422001,IGNORAR,AUTO_IGNORAR,
Vila Mariana,SUBSOLO,111,"04116070, 04018001, 04117095, 04011061, 01532001",IGNORAR,AUTO_IGNORAR,
Vila Olímpia,EDIFICIO        MAISON,111,04550000,IGNORAR,AUTO_IGNORAR,
Bela Vista,2 SUBSOLO,110,"01328010, 01316010, 01324001, 01311919, 01330010",IGNORAR,AUTO_IGNORAR,
Bela Vista,E VAGA,110,"01333904, 01311901, 01310911",IGNORAR,AUTO_IGNORAR,
Campo Belo,BL 1 TORRE FIGUEIRA,110,04608010,IGNORAR,AUTO_IGNORAR,
Campo Belo,ED MATIZES BL B,110,04602925,IGNORAR,AUTO_IGNORAR,
Chácara Inglesa,TORRE  1,110,05145100,IGNORAR,AUTO_IGNORAR,
Ipiranga,TORRE 1 - VITORIA,110,04296000,IGNORAR,AUTO_IGNORAR,
Lapa,ED TURIACU BL A,110,05033070,IGNORAR,AUTO_IGNORAR,
Lapa,SUBSOLO 2,110,"05056000, 05074900, 05083110, 05081090, 05056020",IGNORAR,AUTO_IGNORAR,
Lapa,ED. PORTO,110,05077010,IGNORAR,AUTO_IGNORAR,
Pinheiros,COND ARTE ARQUITETURA,110,05415030,IGNORAR,AUTO_IGNORAR,
Tatuapé,1 SUBSOLO,110,"03319000, 03334060, 03325000, 03317001, 03324002",IGNORAR,AUTO_IGNORAR,
Cambuci,EDIFICIO,109,01534000,IGNORAR,AUTO_IGNORAR,
Campo Belo,BL 2 TORRE PAINEIRA,109,04608010,IGNORAR,AUTO_IGNORAR,
Chácara Santo Antônio,COND YOU NOW CHACARA,109,04713001,IGNORAR,AUTO_IGNORAR,
Consolação,ED.,109,01309010,IGNORAR,AUTO_IGNORAR,
Indianópolis,1 SUBSOLO  CONDOMINIO,109,04523915,IGNORAR,AUTO_IGNORAR,
Jardim Paulista,2 SS,109,"01409000, 01404001, 01424000, 01421000, 01421001",IGNORAR,AUTO_IGNORAR,
Brooklin,CONDOMINIO     DISENO,108,04555002,IGNORAR,AUTO_IGNORAR,
Cambuci,COND RESERVA DO BOSQUE,108,01520000,IGNORAR,AUTO_IGNORAR,
Consolação,I,108,"01209002, 01301000, 01414002",IGNORAR,AUTO_IGNORAR,
Indianópolis,COND AVANT-GARDE,108,04081010,IGNORAR,AUTO_IGNORAR,
Ipiranga,CONDOMINIO,108,04152100,IGNORAR,AUTO_IGNORAR,
Ipiranga,TORRE  3 - TRIUNFO,108,04296000,IGNORAR,AUTO_IGNORAR,
Jardim Paulista,E MADISON FLEX OFFICES,108,01425001,IGNORAR,AUTO_IGNORAR,
Lapa,EDIFICIO GARDENS,108,05089030,IGNORAR,AUTO_IGNORAR,
Mooca,TORRE MAGNIFICO,108,03185902,IGNORAR,AUTO_IGNORAR,
Perdizes,ED TRIO PERDIZES,108,05002050,IGNORAR,AUTO_IGNORAR,
Pompéia,BLOCO A,108,05026000,IGNORAR,AUTO_IGNORAR,
Tatuapé,ED LEONARDO DA VINCI,108,03424040,IGNORAR,AUTO_IGNORAR,
Tatuapé,02 VGS E 01 DEP,108,03424040,IGNORAR,AUTO_IGNORAR,
Tatuapé,TORRE PRACA,108,03081015,IGNORAR,AUTO_IGNORAR,
Vila Gumercindo,ED PLENO SANTA CRUZ,108,04131001,IGNORAR,AUTO_IGNORAR,
Vila Olímpia,ED GREEN FIELD BL 2,108,04552050,IGNORAR,AUTO_IGNORAR,
Cambuci,TORRE 1 BL A,107,01520010,IGNORAR,AUTO_IGNORAR,
Campo Belo,TORRE 5,107,05634001,IGNORAR,AUTO_IGNORAR,
Indianópolis,BLOCO A,107,"04079000, 04087002, 04088908, 04520912",IGNORAR,AUTO_IGNORAR,
Ipiranga,TORRE  A,107,04288080,IGNORAR,AUTO_IGNORAR,
Ipiranga,BL B ED PRINC CRISTINA,107,04247010,IGNORAR,AUTO_IGNORAR,
Jardim Paulista,3 SUBSOLO,107,01424003,IGNORAR,AUTO_IGNORAR,
Bela Vista,ED ATRIUM ITAPEVA,106,01332000,IGNORAR,AUTO_IGNORAR,
Brooklin,TORRE C,106,04710090,IGNORAR,AUTO_IGNORAR,
Campo Belo,TORRE 2,106,05634001,IGNORAR,AUTO_IGNORAR,
Campo Belo,TORRE 7,106,05634001,IGNORAR,AUTO_IGNORAR,
Consolação,E 2457,106,01227200,IGNORAR,AUTO_IGNORAR,
Ipiranga,BLOCO 3,106,"04211001, 04244000",IGNORAR,AUTO_IGNORAR,
Mooca,BLOCO B ED BEGONIA,106,03164200,IGNORAR,AUTO_IGNORAR,
Perdizes,E DEPOSITO,106,"05012020, 05006000, 05010000, 05021010, 05006010",IGNORAR,AUTO_IGNORAR,
Vila Olímpia,B 1 ED GREEN PARK,106,04552050,IGNORAR,AUTO_IGNORAR,
Vila Olímpia,B3 ED GREEN FOREST,106,04552050,IGNORAR,AUTO_IGNORAR,
Consolação,TORRE CONSOLACAO,105,01415000,IGNORAR,AUTO_IGNORAR,
Ibirapuera,CD RES MONTREUX,105,05625060,IGNORAR,AUTO_IGNORAR,
Ipiranga,ED MONTEREY,105,04203002,IGNORAR,AUTO_IGNORAR,
Ipiranga,COND ED ESCRITORIOS,105,04213001,IGNORAR,AUTO_IGNORAR,
Mooca,BLOCO A ED JASMIM,105,03164200,IGNORAR,AUTO_IGNORAR,
Perdizes,ED GEO GRAND EXTO,105,05003020,IGNORAR,AUTO_IGNORAR,
Santa Cecília,TORRE II,105,01226001,IGNORAR,AUTO_IGNORAR,
Tatuapé,ED COTE D'AZUR,105,03413030,IGNORAR,AUTO_IGNORAR,
Bela Vista,ED RES PAULISTA LIFE,104,01308000,IGNORAR,AUTO_IGNORAR,
Bosque da Saúde,STELLA OFFICES E SHOPS,104,04142091,IGNORAR,AUTO_IGNORAR,
Brooklin,ED THE NEW AGE CONV,104,04561004,IGNORAR,AUTO_IGNORAR,
Campo Belo,TORRE 1 - RESIDENCE,104,04603001,IGNORAR,AUTO_IGNORAR,
Chácara Inglesa,BLOCO 14,104,05145901,IGNORAR,AUTO_IGNORAR,
Ipiranga,COND ALTO DAS MERCES,104,04295001,IGNORAR,AUTO_IGNORAR,
Mooca,BL C ED CRISANTEMO,104,03164200,IGNORAR,AUTO_IGNORAR,
Pompéia,BLOCO B,104,05026000,IGNORAR,AUTO_IGNORAR,
Tatuapé,BLOCO III,104,"03081900, 03322901",IGNORAR,AUTO_IGNORAR,
Tatuapé,EDIFICIO VIVIAN,104,03412080,IGNORAR,AUTO_IGNORAR,
Tatuapé,CONDOMINIO    EDIFICIO,104,03426000,IGNORAR,AUTO_IGNORAR,
Vila Olímpia,EDIFICIO OLYMPIA VISTA,104,04546001,IGNORAR,AUTO_IGNORAR,
Alto da Boa Vista,TORRE A,103,"04750030, 04750001",IGNORAR,AUTO_IGNORAR,
Consolação,CD ED,103,01307012,IGNORAR,AUTO_IGNORAR,
Ipiranga,BLOCO 4,103,"04211001, 04244000",IGNORAR,AUTO_IGNORAR,
Ipiranga,R VERGUEIRO 6360,103,04125120,IGNORAR,AUTO_IGNORAR,
Perdizes,CD ED CJ COM PERDIZES,103,05021000,IGNORAR,AUTO_IGNORAR,
Santa Cecília,AL. DINO BUENO 67,103,01216011,IGNORAR,AUTO_IGNORAR,
Tatuapé,BLOCO A2,103,"03311000, 03407050",IGNORAR,AUTO_IGNORAR,
Tatuapé,ED VIDA VIVA TATUAPE,103,03404000,IGNORAR,AUTO_IGNORAR,
Tatuapé,BLOCO I,103,03081900,IGNORAR,AUTO_IGNORAR,
Consolação,ESQ AL BARROS 403,102,01227000,IGNORAR,AUTO_IGNORAR,
Ipiranga,ED DUQUESA,102,04205000,IGNORAR,AUTO_IGNORAR,
Ipiranga,BL 1 ED VILLA MALAGA,102,04295001,IGNORAR,AUTO_IGNORAR,
Jardim América,RESIDENCIAL,102,05402000,IGNORAR,AUTO_IGNORAR,
Jardim Paulista,M,102,"01421000, 01418002, 01405200, 01407000, 01403020",IGNORAR,AUTO_IGNORAR,
Mooca,TORRE  M,102,03164120,IGNORAR,AUTO_IGNORAR,
Mooca,TORRE 4,102,03162060,IGNORAR,AUTO_IGNORAR,
Mooca,TORRE ABSOLUTO,102,03185902,IGNORAR,AUTO_IGNORAR,
Pinheiros,RESIDENCIAL FUSION,102,05422020,IGNORAR,AUTO_IGNORAR,
Santa Cecília,TORRE I,102,"01226001, 01153010",IGNORAR,AUTO_IGNORAR,
Bela Vista,SETOR RESIDENCIAL,101,01331010,IGNORAR,AUTO_IGNORAR,
Brooklin,ED BROOKLIN ADV HOME,101,04563010,IGNORAR,AUTO_IGNORAR,
Chácara Inglesa,BLOCO 13,101,05145901,IGNORAR,AUTO_IGNORAR,
Chácara Inglesa,BLOCO 17,101,05145901,IGNORAR,AUTO_IGNORAR,
Ipiranga,ED CONDESSA,101,04205000,IGNORAR,AUTO_IGNORAR,
Itaim Bibi,ED MADISON TRADE,101,04534003,IGNORAR,AUTO_IGNORAR,
Lapa,ESTAC 2,101,"05305001, 05305002",IGNORAR,AUTO_IGNORAR,
Mirandópolis,ED PACO DAS ROSAS,101,04048000,IGNORAR,AUTO_IGNORAR,
Tatuapé,TORRE C,101,"03405040, 03305000, 03460000",IGNORAR,AUTO_IGNORAR,
Tatuapé,COND PRACA DOM AUGUSTO,101,03442110,IGNORAR,AUTO_IGNORAR,
Tatuapé,BLOCO C2,101,03407050,IGNORAR,AUTO_IGNORAR,
Vila Olímpia,COND VN CASA ALVORADA,101,04550003,IGNORAR,AUTO_IGNORAR,
Alto da Boa Vista,TORRE B,100,04750030,IGNORAR,AUTO_IGNORAR,
Brooklin,BROOKLIN BLOCO A,100,04561004,IGNORAR,AUTO_IGNORAR,
Brooklin,BROOKLIN BLOCO B,100,04561004,IGNORAR,AUTO_IGNORAR,
Brooklin,SUBCOND COMERCIAL,100,04709110,IGNORAR,AUTO_IGNORAR,
Brooklin,TORRE B - NICE   COND,100,04635041,IGNORAR,AUTO_IGNORAR,
Chácara Inglesa,BLOCO 15,100,05145901,IGNORAR,AUTO_IGNORAR,
Indianópolis,TORRE RES 1,100,04027000,IGNORAR,AUTO_IGNORAR,
Ipiranga,1 SS IPIRANGA,100,"04212020, 04217900",IGNORAR,AUTO_IGNORAR,
Ipiranga,BL A ED PRINC ANDREA,100,04247010,IGNORAR,AUTO_IGNORAR,
Perdizes,E 1 VG,100,05013001,IGNORAR,AUTO_IGNORAR,
Santa Cecília,EDIFICIO SANTA BRANCA,100,"01035903, 01214000, 01035100",IGNORAR,AUTO_IGNORAR,
Tatuapé,BLOCO II,100,03081900,IGNORAR,AUTO_IGNORAR,
Tatuapé,BLOCO 05,100,03081900,IGNORAR,AUTO_IGNORAR,
Tatuapé,BLOCO 06,100,03081900,IGNORAR,AUTO_IGNORAR,
Brooklin,BROOKLIN BLOCO C,99,04561004,IGNORAR,AUTO_IGNORAR,
Chácara Inglesa,BLOCO 18,99,"05145901, 05145902",IGNORAR,AUTO_IGNORAR,
Chácara Inglesa,BLOCO 20,99,05145901,IGNORAR,AUTO_IGNORAR,
Consolação,BL II,99,"01301000, 01209002",IGNORAR,AUTO_IGNORAR,
Indianópolis,INDIANOPOLIS ED NEW,99,04515910,IGNORAR,AUTO_IGNORAR,
Jardim Paulista,COND,99,01421002,IGNORAR,AUTO_IGNORAR,
Lapa,E 1 VG,99,05302001,IGNORAR,AUTO_IGNORAR,
Mooca,TORRE II,99,03174000,IGNORAR,AUTO_IGNORAR,
Mooca,TORRE IV,99,03174000,IGNORAR,AUTO_IGNORAR,
Paraíso,BL B GIRASOLE,99,04003000,IGNORAR,AUTO_IGNORAR,
Perdizes,TORRE ACQUA,99,01156000,IGNORAR,AUTO_IGNORAR,
Perdizes,TORRE SOLARE,99,01156000,IGNORAR,AUTO_IGNORAR,
Perdizes,TORRE CONTENTO,99,01156000,IGNORAR,AUTO_IGNORAR,
Perdizes,TORRE ALLEGRO,99,01156000,IGNORAR,AUTO_IGNORAR,
Tatuapé,BLOCO 04,99,03081900,IGNORAR,AUTO_IGNORAR,
Jardim Paulista,SUBSOLO 1,98,"01421900, 01422003, 01418200, 01403020",IGNORAR,AUTO_IGNORAR,
Jardim Paulista,SUBSOLO 2 ED ST,98,01423010,IGNORAR,AUTO_IGNORAR,
Paraíso,COND DECOR PARAIOS,98,04103001,IGNORAR,AUTO_IGNORAR,
Planalto Paulista,TORRE II,98,02402600,IGNORAR,AUTO_IGNORAR,
Tatuapé,ED QUINTA DO LAGO,98,03410020,IGNORAR,AUTO_IGNORAR,
Indianópolis,2 SUBSOLO  CONDOMINIO,97,04523915,IGNORAR,AUTO_IGNORAR,
Jardim América,TORRE 1,97,"05413020, 05410000",IGNORAR,AUTO_IGNORAR,
Jardim Paulista,ED PERSONAL,97,01411000,IGNORAR,AUTO_IGNORAR,
Lapa,COND L'UFFICIO MILANO,97,05075000,IGNORAR,AUTO_IGNORAR,
Mooca,BL 1,97,"03164100, 03167030",IGNORAR,AUTO_IGNORAR,
Mooca,TORRE I,97,03174000,IGNORAR,AUTO_IGNORAR,
Mooca,TORRE III,97,03174000,IGNORAR,AUTO_IGNORAR,
Paraíso,ESQ R ABILIO SOARES198,97,04004030,IGNORAR,AUTO_IGNORAR,
Vila Mariana,ED COMERCIAL,97,04012080,IGNORAR,AUTO_IGNORAR,
Vila Mariana,ED IBIRAPUERA TOWER,97,04014903,IGNORAR,AUTO_IGNORAR,
Vila Olímpia,COND. MONDO ITAIM,97,04545050,IGNORAR,AUTO_IGNORAR,
Alto da Boa Vista,CD EDIFICIO YOU,96,04736040,IGNORAR,AUTO_IGNORAR,
Bela Vista,EDIF HEALTH CENTER,96,01308000,IGNORAR,AUTO_IGNORAR,
Cambuci,COND RES DO PARQUE,96,01520000,IGNORAR,AUTO_IGNORAR,
Higienópolis,STA CECILIA BL B,96,01228901,IGNORAR,AUTO_IGNORAR,
Indianópolis,SETOR 2 AYLA MOEMA,96,04075000,IGNORAR,AUTO_IGNORAR,
Ipiranga,EDIF CLASSIC IPIRANGA,96,04213020,IGNORAR,AUTO_IGNORAR,
Ipiranga,TORRE  INDEPENDENCIA,96,04213002,IGNORAR,AUTO_IGNORAR,
Itaim Bibi,OUTRA ENTR N 101,96,04534010,IGNORAR,AUTO_IGNORAR,
Jardim Paulista,TORRE WEST SIDE,96,01409000,IGNORAR,AUTO_IGNORAR,
Lapa,BL 2 ALA A VISAGE,96,05303000,IGNORAR,AUTO_IGNORAR,
Lapa,TORRE A - ED BELVEDERE,96,05089040,IGNORAR,AUTO_IGNORAR,
Moema,EDIFICIO WORK,96,04514041,IGNORAR,AUTO_IGNORAR,
Perdizes,EDIFICIO MEMORIAL,96,01156060,IGNORAR,AUTO_IGNORAR,
Pinheiros,COND PRACA,96,"05423040, 05423020",IGNORAR,AUTO_IGNORAR,
Tatuapé,CD ED BRAG EMPRESARIAL,96,03318000,IGNORAR,AUTO_IGNORAR,
Tatuapé,BLOCO B2,96,"03407050, 03319000",IGNORAR,AUTO_IGNORAR,
Tatuapé,CONDOMINIO EDIFICIO,96,03422000,IGNORAR,AUTO_IGNORAR,
Vila Madalena,CD ED LA,96,05445030,IGNORAR,AUTO_IGNORAR,
Bosque da Saúde,BL 2 EDIFICIO BOSCO,95,04142081,IGNORAR,AUTO_IGNORAR,
Cambuci,TORRE C,95,01522000,IGNORAR,AUTO_IGNORAR,
Consolação,COND BEM VIVER,95,01221001,IGNORAR,AUTO_IGNORAR,
Higienópolis,E VAGA,95,"01240900, 01238001, 01239020, 01238900, 01239011",IGNORAR,AUTO_IGNORAR,
Itaim Bibi,ED IGUATEMI OFFICES,95,01451010,IGNORAR,AUTO_IGNORAR,
Lapa,EDIFICIO SCENE,95,05049000,IGNORAR,AUTO_IGNORAR,
Lapa,BL 1 ALA B ENJOY,95,05303000,IGNORAR,AUTO_IGNORAR,
Lapa,TORRE B - ED MIRANTE,95,05089040,IGNORAR,AUTO_IGNORAR,
Perdizes,ED CJ CML PERDIZES,95,05014000,IGNORAR,AUTO_IGNORAR,
Tatuapé,UP ONE VILA CARRAO,95,03428020,IGNORAR,AUTO_IGNORAR,
Tatuapé,TORRE PERRIER,95,03408000,IGNORAR,AUTO_IGNORAR,
Vila Gumercindo,2 SUBSOLO CD GEMELLI,95,04132000,IGNORAR,AUTO_IGNORAR,
Vila Madalena,COND EDIF COMERCIAL,95,05435040,IGNORAR,AUTO_IGNORAR,
Itaim Bibi,EDIFICIO LEXINGTON,94,04530001,IGNORAR,AUTO_IGNORAR,
Jardim Paulista,2 SUBSOLO,94,"01424003, 01409002",IGNORAR,AUTO_IGNORAR,
Mooca,COND CAZA MOOCA,94,03188000,IGNORAR,AUTO_IGNORAR,
Tatuapé,2 SUBSOLO,94,"03319000, 03334060, 03325000, 03324002",IGNORAR,AUTO_IGNORAR,
Tatuapé,BLOCO A1,94,"03407050, 03320000",IGNORAR,AUTO_IGNORAR,
Tatuapé,SUBCOND 3,94,03310010,IGNORAR,AUTO_IGNORAR,
Tatuapé,1 ARM E 2 VG,94,03084000,IGNORAR,AUTO_IGNORAR,
Vila Mariana,EDIF VERG WORK CENTER,94,04101300,IGNORAR,AUTO_IGNORAR,
Vila Olímpia,RES QUADRILATERO,94,04545000,IGNORAR,AUTO_IGNORAR,
Bela Vista,VAGA  - CD.,93,01308030,IGNORAR,AUTO_IGNORAR,
Ipiranga,TORRE  CONQUISTA,93,04213002,IGNORAR,AUTO_IGNORAR,
Jardim Paulista,SUBSOLO 1 ED ST,93,01423010,IGNORAR,AUTO_IGNORAR,
Lapa,COND RARISSIMO,93,05083010,IGNORAR,AUTO_IGNORAR,
Lapa,BL 1 ALA A VIVRE,93,05303000,IGNORAR,AUTO_IGNORAR,
Lapa,BL 2 ALA B FREEDOM,93,05303000,IGNORAR,AUTO_IGNORAR,
Mirandópolis,TORRE RESIDENCES,93,04049020,IGNORAR,AUTO_IGNORAR,
Tatuapé,TORRE VITTEL,93,03408000,IGNORAR,AUTO_IGNORAR,
Tatuapé,TORRE  2,93,03085000,IGNORAR,AUTO_IGNORAR,
Vila da Saúde,E 2 VAGAS,93,04144901,IGNORAR,AUTO_IGNORAR,
Campo Belo,SUBSOLO,92,"04632011, 04616903, 05684000",IGNORAR,AUTO_IGNORAR,
Campo Belo,ED PACIFICO TORRE 1,92,04614001,IGNORAR,AUTO_IGNORAR,
Chácara Inglesa,CONDOMINIO   EDIFICIO,92,04140080,IGNORAR,AUTO_IGNORAR,
Jardim América,RES ORIGEM VL MADALENA,92,05412004,IGNORAR,AUTO_IGNORAR,
Lapa,TORRE CLAUDIO,92,05043050,IGNORAR,AUTO_IGNORAR,
Tatuapé,ED TUIUTI OFFICE TOWER,92,03066020,IGNORAR,AUTO_IGNORAR,
Tatuapé,1040 E 1050,92,03322001,IGNORAR,AUTO_IGNORAR,
Vila Gumercindo,ED MODERN LIFE-BACELAR,92,04026001,IGNORAR,AUTO_IGNORAR,
Vila Mariana,ED N T BUSINESS CENTER,92,04044904,IGNORAR,AUTO_IGNORAR,
Bela Vista,EDIFICIO JARDINS,91,01332010,IGNORAR,AUTO_IGNORAR,
Campo Belo,ED ATLANTICO TORRE 2,91,04614001,IGNORAR,AUTO_IGNORAR,
Indianópolis,BLOCO C,91,"04079000, 04088908",IGNORAR,AUTO_IGNORAR,
Jardim Paulista,GARAGEM A SS 1 E 2,91,01403902,IGNORAR,AUTO_IGNORAR,
Lapa,TIPO M SUBSOLO 1,91,05083110,IGNORAR,AUTO_IGNORAR,
Perdizes,ED SOLAR DOS CANELHAS,91,05024000,IGNORAR,AUTO_IGNORAR,
Bela Vista,1 SUBSOLO,90,"01328010, 01316010, 01330010, 01311919, 01324001",IGNORAR,AUTO_IGNORAR,
Bosque da Saúde,1 SS,90,"04142020, 04149120",IGNORAR,AUTO_IGNORAR,
Indianópolis,BLOCO B1,90,04080000,IGNORAR,AUTO_IGNORAR,
Lapa,DEP BL B ED MEULBOURNE,90,"05305001, 05305002",IGNORAR,AUTO_IGNORAR,
Lapa,DEP BL D ED VERMONT,90,"05305001, 05305002",IGNORAR,AUTO_IGNORAR,
Paraíso,TORRE ESFERA OFFICE,90,01533000,IGNORAR,AUTO_IGNORAR,
Pompéia,E 1DP,90,05025011,IGNORAR,AUTO_IGNORAR,
Tatuapé,ED PIAZZA DI NAPOLI,90,"03315000, 03337050",IGNORAR,AUTO_IGNORAR,
Tatuapé,E 1 DEPOSITO,90,"03336010, 03337075, 03408020, 03337050",IGNORAR,AUTO_IGNORAR,
Vila Olímpia,ED WORK PLACE FUNCHAL,90,04551060,IGNORAR,AUTO_IGNORAR,
Indianópolis,TORRE MOEMA,89,04088002,IGNORAR,AUTO_IGNORAR,
Ipiranga,2 SS IPIRANGA,89,"04212020, 04217900",IGNORAR,AUTO_IGNORAR,
Jardim Paulista,1 SS,89,"01404001, 01424000, 01409000, 01421000, 01424001",IGNORAR,AUTO_IGNORAR,
Brooklin,BLOCO 1- ED LARANJEIRA,88,04634011,IGNORAR,AUTO_IGNORAR,
Brooklin,BLOCO 2- ED CEREJEIRA,88,04634011,IGNORAR,AUTO_IGNORAR,
Higienópolis,CONDOMINIO ED LION DOR,88,01228200,IGNORAR,AUTO_IGNORAR,
Indianópolis,BLOCO B2,88,04080000,IGNORAR,AUTO_IGNORAR,
Jardim América,ED FONTANA D'TREVI,88,05409011,IGNORAR,AUTO_IGNORAR,
Mirandópolis,TORRE A,88,04055020,IGNORAR,AUTO_IGNORAR,
Vila Mariana,E 1 VG,88,04015012,IGNORAR,AUTO_IGNORAR,
Vila Mariana,CONDOMINIO YOU PRIME,88,04107020,IGNORAR,AUTO_IGNORAR,
Vila Olímpia,ED VL NOVA,88,04545090,IGNORAR,AUTO_IGNORAR,
Brooklin,E 1 DP,87,04567001,IGNORAR,AUTO_IGNORAR,
Indianópolis,EDIFICIO POSITANO,87,04522031,IGNORAR,AUTO_IGNORAR,
Indianópolis,TORRE IBIRAPUERA,87,04088002,IGNORAR,AUTO_IGNORAR,
Indianópolis,BLOCO A1,87,04080000,IGNORAR,AUTO_IGNORAR,
Indianópolis,BLOCO A2,87,04080000,IGNORAR,AUTO_IGNORAR,
Ipiranga,COND BRISE VERGUEIRO,87,04288090,IGNORAR,AUTO_IGNORAR,
Lapa,2 SS,87,"05047001, 05060020, 05303908",IGNORAR,AUTO_IGNORAR,
Moema,1 DEP,87,"04514040, 04078011, 04514050, 04077001",IGNORAR,AUTO_IGNORAR,
Pinheiros,ED JULIO DE ALMEIDA,87,05422001,IGNORAR,AUTO_IGNORAR,
Tatuapé,ED SOMERDALE,87,03081015,IGNORAR,AUTO_IGNORAR,
Bosque da Saúde,BL 1 EDIFICIO ALBORETO,86,04142081,IGNORAR,AUTO_IGNORAR,
Higienópolis,2 SS HIGIENOPOLIS,86,01239040,IGNORAR,AUTO_IGNORAR,
Itaim Bibi,SS 1,86,"04543900, 04537082",IGNORAR,AUTO_IGNORAR,
Lapa,ED II -VICTORIA PARK,86,05044050,IGNORAR,AUTO_IGNORAR,
Perdizes,TORRE IPE,86,05005001,IGNORAR,AUTO_IGNORAR,
Pinheiros,PINHEIROS ED,86,05427000,IGNORAR,AUTO_IGNORAR,
Pinheiros,TORRE SUL,86,04538133,IGNORAR,AUTO_IGNORAR,
Pompéia,ED SPOTLIGHT POMPEIA,86,05025010,IGNORAR,AUTO_IGNORAR,
Tatuapé,"AV ALVARO RAMOS, 487",86,03061000,IGNORAR,AUTO_IGNORAR,
Tatuapé,BLOCO 5,86,"03064000, 03063000",IGNORAR,AUTO_IGNORAR,
Vila Madalena,SETOR TORRE,86,05435060,IGNORAR,AUTO_IGNORAR,
Lapa,ED TOWER H RESIDENCE,85,05056020,IGNORAR,AUTO_IGNORAR,
Pompéia,SETOR COND RESIDENCIAL,85,05023000,IGNORAR,AUTO_IGNORAR,
Tatuapé,ED SERRA DE BOTUCATU,85,03310000,IGNORAR,AUTO_IGNORAR,
Consolação,COND ED ASTORIA,84,01043000,IGNORAR,AUTO_IGNORAR,
Consolação,ED PRINCE DE CHEVERNY,84,01307001,IGNORAR,AUTO_IGNORAR,
Ipiranga,TORRE-1  EDIF SAPUCAIA,84,04125120,IGNORAR,AUTO_IGNORAR,
Ipiranga,TORRE-2 EDIF JACARANDA,84,04125120,IGNORAR,AUTO_IGNORAR,
Itaim Bibi,TORRE 02,84,04531030,IGNORAR,AUTO_IGNORAR,
Jardim Paulista,CONDOMINIO    ALAMEDA,84,01420000,IGNORAR,AUTO_IGNORAR,
Lapa,TERRACOS A LAPA C CLUB,84,05303000,IGNORAR,AUTO_IGNORAR,
Mooca,E 160 BL A ED VALENCA,84,03112090,IGNORAR,AUTO_IGNORAR,
Mooca,E 160 BL B ED TAQUARI,84,03112090,IGNORAR,AUTO_IGNORAR,
Pinheiros,ED CARDEAL 1720,84,05408002,IGNORAR,AUTO_IGNORAR,
Tatuapé,ED RIVERSIDE,84,03081015,IGNORAR,AUTO_IGNORAR,
Tatuapé,TORRE A - ED MODERNITA,84,03080050,IGNORAR,AUTO_IGNORAR,
Vila Mariana,SUBSOLO 1,84,"04040033, 01532001, 04115040, 04037003, 04101300",IGNORAR,AUTO_IGNORAR,
Bosque da Saúde,2 SS,83,"04149120, 04142020, 04135000",IGNORAR,AUTO_IGNORAR,
Cambuci,CD ED GRAND SPACE PRQ,83,01543000,IGNORAR,AUTO_IGNORAR,
Ibirapuera,EDIFICIO ROSA AZUL,83,04708900,IGNORAR,AUTO_IGNORAR,
Ipiranga,COND DUQUE DI FAUSTUS,83,04285080,IGNORAR,AUTO_IGNORAR,
Lapa,1 DEP,83,05045020,IGNORAR,AUTO_IGNORAR,
Lapa,BL B QUEEN MARGARETH,83,05302041,IGNORAR,AUTO_IGNORAR,
Lapa,DEP BL C ED CARIBE,83,"05305001, 05305002",IGNORAR,AUTO_IGNORAR,
Mooca,2 VG BLOCO B,83,03112090,IGNORAR,AUTO_IGNORAR,
Mooca,EDIFICIO CAREGGINE,83,03165001,IGNORAR,AUTO_IGNORAR,
Perdizes,TORRE B,83,"05007031, 01259000",IGNORAR,AUTO_IGNORAR,
Pinheiros,ED VERSATILE PINHEIROS,83,05415001,IGNORAR,AUTO_IGNORAR,
Pinheiros,2 SUBSOLO,83,"05428000, 05417020, 05422020, 05425000, 05416000",IGNORAR,AUTO_IGNORAR,
Tatuapé,BL B ED POENTE,83,03317080,IGNORAR,AUTO_IGNORAR,
Tatuapé,ED MICHELANGELO,83,03080000,IGNORAR,AUTO_IGNORAR,
Vila Mariana,COND YOU KLABIN,83,04116180,IGNORAR,AUTO_IGNORAR,
Consolação,ED HELBOR,82,01415001,IGNORAR,AUTO_IGNORAR,
Indianópolis,BL B EDIF STREET,82,04081010,IGNORAR,AUTO_IGNORAR,
Ipiranga,VG PEQUENA 1 SS,82,04205912,IGNORAR,AUTO_IGNORAR,
Ipiranga,ED  VERONA TROPICAL,82,04269001,IGNORAR,AUTO_IGNORAR,
Jardim Paulista,ED YOU JARDIM PAULISTA,82,01423010,IGNORAR,AUTO_IGNORAR,
Jardim Paulista,EDIFICIO VISTA JARDIM,82,01407200,IGNORAR,AUTO_IGNORAR,
Jardim Paulista,EDIFICIO VISTA EUROPA,82,01407200,IGNORAR,AUTO_IGNORAR,
Lapa,1 SS,82,"05047001, 05060020, 05303908, 05458001",IGNORAR,AUTO_IGNORAR,
Lapa,TORRE 1 COLLINE,82,05061150,IGNORAR,AUTO_IGNORAR,
Pompéia,COND HAPPY PLACE,82,05027000,IGNORAR,AUTO_IGNORAR,
Tatuapé,ED DA VINCI,82,03080000,IGNORAR,AUTO_IGNORAR,
Tatuapé,TORRE B - ED NOVITA,82,03080050,IGNORAR,AUTO_IGNORAR,
Vila Olímpia,TORRE 2,82,04546900,IGNORAR,AUTO_IGNORAR,
Cambuci,BLOCO C,81,"01527050, 01534010, 01544010",IGNORAR,AUTO_IGNORAR,
Consolação,ED PRINCE DE LION,81,01307001,IGNORAR,AUTO_IGNORAR,
Higienópolis,ED OLD ENGLAND,81,01228200,IGNORAR,AUTO_IGNORAR,
Indianópolis,BL A EDIF SQUARE,81,04081010,IGNORAR,AUTO_IGNORAR,
Ipiranga,ED PINHAL,81,04253000,IGNORAR,AUTO_IGNORAR,
Lapa,TORRE 2 COLLINE,81,05061150,IGNORAR,AUTO_IGNORAR,
Perdizes,SUBSOLO 1,81,"05010040, 05017000, 05029000, 05014000, 05018900",IGNORAR,AUTO_IGNORAR,
Pinheiros,ED YOU PINHEIROS,81,05408000,IGNORAR,AUTO_IGNORAR,
Sumaré,ED VILA MADALENA,81,01257010,IGNORAR,AUTO_IGNORAR,
Tatuapé,BL A ED HORIZONTE,81,03317080,IGNORAR,AUTO_IGNORAR,
Tatuapé,E NS 87 E 133,81,03380160,IGNORAR,AUTO_IGNORAR,
Vila Mariana,BL C ED OTONIS,81,04119061,IGNORAR,AUTO_IGNORAR,
Alto da Boa Vista,ED TOWERS,80,04715005,IGNORAR,AUTO_IGNORAR,
Bela Vista,BLOCO B,80,"01322020, 01314010",IGNORAR,AUTO_IGNORAR,
Bela Vista,COND EDIF CENTRO,80,01308050,IGNORAR,AUTO_IGNORAR,
Brooklin,E DP BLOCO A - RIGHT,80,04570905,IGNORAR,AUTO_IGNORAR,
Brooklin,E DP BLOCO B - LEFT,80,04570905,IGNORAR,AUTO_IGNORAR,
Cambuci,ED YOU NOW ACLIMACAO,80,01526020,IGNORAR,AUTO_IGNORAR,
Campo Belo,ED ST DIEGO,80,05684011,IGNORAR,AUTO_IGNORAR,
Consolação,ED ATRIUM AUGUSTA,80,01309030,IGNORAR,AUTO_IGNORAR,
Consolação,EDIFICIO CRILLON PLAZA,80,01414001,IGNORAR,AUTO_IGNORAR,
Itaim Bibi,ED LOFT S PAULO IV,80,04532000,IGNORAR,AUTO_IGNORAR,
Jardim América,ED. GALENO ALMEIDA,80,05410020,IGNORAR,AUTO_IGNORAR,
Jardim Paulista,EDIF PRACTICAL OFFICE,80,01424001,IGNORAR,AUTO_IGNORAR,
Mooca,ED MODERNA MOOCA,80,03188020,IGNORAR,AUTO_IGNORAR,
Pompéia,EDIFICIO VENEZIA,80,05027000,IGNORAR,AUTO_IGNORAR,
Santa Cecília,EDIFICIO ILE DE FRANCE,80,01225001,IGNORAR,AUTO_IGNORAR,
Tatuapé,SUBCONDOM. RESIDENCIAL,80,03305000,IGNORAR,AUTO_IGNORAR,
Vila Mariana,COND TITA SALZANO,80,04012080,IGNORAR,AUTO_IGNORAR,
Vila Mariana,CONDOMINIO   EDIFICIO,80,04117130,IGNORAR,AUTO_IGNORAR,
Vila Olímpia,COND SEED GAMARO,80,04546041,IGNORAR,AUTO_IGNORAR,
Brooklin,CD ED THE TIFFANY S,79,04561913,IGNORAR,AUTO_IGNORAR,
Cambuci,BL C,79,01534010,IGNORAR,AUTO_IGNORAR,
Campo Belo,ED ST LOUIS,79,05684011,IGNORAR,AUTO_IGNORAR,
Ibirapuera,TORRE 2,79,05706280,IGNORAR,AUTO_IGNORAR,
Ipiranga,RESID 1 - BLOCO A,79,04262300,IGNORAR,AUTO_IGNORAR,
Itaim Bibi,ED CLASSIC OFFICE,79,04531001,IGNORAR,AUTO_IGNORAR,
Jardim América,ED DUPLEX T TOWER PINH,79,05414025,IGNORAR,AUTO_IGNORAR,
Jardim Paulista,TORRE ROYALE,79,01409000,IGNORAR,AUTO_IGNORAR,
Jardim Paulista,TORRE RIVOLI,79,01409000,IGNORAR,AUTO_IGNORAR,
Jardim Paulista,COND ESPACO JARDINS,79,01405002,IGNORAR,AUTO_IGNORAR,
Lapa,BL VILLA ARGENTO,79,05050090,IGNORAR,AUTO_IGNORAR,
Lapa,BL A QUEEN VICTORIA,79,05302041,IGNORAR,AUTO_IGNORAR,
Mooca,2 VG BLOCO C,79,03112090,IGNORAR,AUTO_IGNORAR,
Mooca,EDIFICIO VIA TORINO,79,03126090,IGNORAR,AUTO_IGNORAR,
Tatuapé,BLOCO C 2,79,03311000,IGNORAR,AUTO_IGNORAR,
Tatuapé,ED CANARIO,79,03090020,IGNORAR,AUTO_IGNORAR,
Vila Gumercindo,ED NOUVEAU,79,04134900,IGNORAR,AUTO_IGNORAR,
Bela Vista,BLOCO A,78,"01322020, 01314010, 01310100, 01316100",IGNORAR,AUTO_IGNORAR,
Cambuci,BL B,78,01534010,IGNORAR,AUTO_IGNORAR,
Cambuci,BLOCO  A,78,01523030,IGNORAR,AUTO_IGNORAR,
Campo Belo,ED SIDE CHACARA,78,04603039,IGNORAR,AUTO_IGNORAR,
Campo Belo,ED ST SAN FRANCISCO,78,05684011,IGNORAR,AUTO_IGNORAR,
Chácara Santo Antônio,ED VILA NOVA BL B,78,04718001,IGNORAR,AUTO_IGNORAR,
Consolação,ED SILVIA,78,01301100,IGNORAR,AUTO_IGNORAR,
Ipiranga,ED ADVANCED,78,04180020,IGNORAR,AUTO_IGNORAR,
Ipiranga,ED BETTER,78,04180020,IGNORAR,AUTO_IGNORAR,
Mooca,2 VG BLOCO A,78,03112090,IGNORAR,AUTO_IGNORAR,
Mooca,2 VG BLOCO D,78,03112090,IGNORAR,AUTO_IGNORAR,
Mooca,RESIDENCIAL PREMIUM,78,03344040,IGNORAR,AUTO_IGNORAR,
Tatuapé,BL B,78,"03090020, 03312052, 03070000",IGNORAR,AUTO_IGNORAR,
Tatuapé,BLOCO C 3,78,03319000,IGNORAR,AUTO_IGNORAR,
Vila Mariana,ED. PAPOULA,78,04024001,IGNORAR,AUTO_IGNORAR,
Alto da Boa Vista,RESIDENCIAL DIVERSITA,77,04715003,IGNORAR,AUTO_IGNORAR,
Cambuci,TORRE 1 BL B,77,01520010,IGNORAR,AUTO_IGNORAR,
Ibirapuera,ED AP PARK ROYAL,77,05687010,IGNORAR,AUTO_IGNORAR,
Ipiranga,R VERGUEIRO 6336,77,04125120,IGNORAR,AUTO_IGNORAR,
Vila Madalena,C RES PIAZZA DELL ALTO,77,05451110,IGNORAR,AUTO_IGNORAR,
Vila Olímpia,ED SOLAR ALVORADA,77,04550004,IGNORAR,AUTO_IGNORAR,
Bela Vista,BL 1 ED DIAMOND TOWER,76,01323001,IGNORAR,AUTO_IGNORAR,
Brooklin,ED BROOKLIN NEW STYLE,76,04563011,IGNORAR,AUTO_IGNORAR,
Cambuci,BL A,76,01534010,IGNORAR,AUTO_IGNORAR,
Cambuci,CONDOMINIO EDIFICIO,76,01549020,IGNORAR,AUTO_IGNORAR,
Campo Belo,ED CRYSTAL CAMPO BELO,76,04607001,IGNORAR,AUTO_IGNORAR,
Chácara Inglesa,BLOCO 16,76,05145901,IGNORAR,AUTO_IGNORAR,
Chácara Inglesa,BLOCO 19,76,05145901,IGNORAR,AUTO_IGNORAR,
Higienópolis,ED ANGELICA P OFFICES,76,01228200,IGNORAR,AUTO_IGNORAR,
Itaim Bibi,ED CAPITAL OFFICES,76,04542050,IGNORAR,AUTO_IGNORAR,
Jardim América,13  ORI,76,05409930,IGNORAR,AUTO_IGNORAR,
Lapa,ED LONDON LAPA,76,05075060,IGNORAR,AUTO_IGNORAR,
Lapa,"AV NICOLAS BOER, 399",76,05036040,IGNORAR,AUTO_IGNORAR,
Mooca,ED,76,03121010,IGNORAR,AUTO_IGNORAR,
Perdizes,EDIFICIO ACTUAL STYLE,76,01156000,IGNORAR,AUTO_IGNORAR,
Brooklin,CENTRO EMPRESARIAL,75,04562907,IGNORAR,AUTO_IGNORAR,
Chácara Santo Antônio,ED VISTA VERDE BL A,75,04718001,IGNORAR,AUTO_IGNORAR,
Consolação,ED BRICKELL,75,01415001,IGNORAR,AUTO_IGNORAR,
Consolação,RESIDENCIAL,75,01415005,IGNORAR,AUTO_IGNORAR,
Ipiranga,ED AQUARIUS,75,04253000,IGNORAR,AUTO_IGNORAR,
Itaim Bibi,BLOCO A,75,"04537080, 04543011",IGNORAR,AUTO_IGNORAR,
Jardim Paulista,1 SUBSOLO,75,"01424003, 01409002",IGNORAR,AUTO_IGNORAR,
Paraíso,EDIFICIO TERRASSE,75,01533010,IGNORAR,AUTO_IGNORAR,
Perdizes,EDIFICIO ACTUAL LIFE,75,01156000,IGNORAR,AUTO_IGNORAR,
Pompéia,COND VILLA BELLA,75,05026000,IGNORAR,AUTO_IGNORAR,
Tatuapé,3 SS,75,03325140,IGNORAR,AUTO_IGNORAR,
Vila Mariana,TERREO,75,"04116070, 04112011, 04117095, 04018001, 04014011",IGNORAR,AUTO_IGNORAR,
Vila Mariana,SS 2,75,"04015011, 04101904, 04139000",IGNORAR,AUTO_IGNORAR,
Brooklin,ED LUISIANIA BOULEVARD,74,04560021,IGNORAR,AUTO_IGNORAR,
Ipiranga,SETOR/SUBCOND A,74,04276000,IGNORAR,AUTO_IGNORAR,
Ipiranga,SETOR/SUBCOND B,74,04276000,IGNORAR,AUTO_IGNORAR,
Ipiranga,RES ALTA VISTA,74,04256390,IGNORAR,AUTO_IGNORAR,
Itaim Bibi,1 DEP,74,"04535014, 04530090",IGNORAR,AUTO_IGNORAR,
Jardim da Glória,CD ED CIELO VL MARIANA,74,01546000,IGNORAR,AUTO_IGNORAR,
Lapa,BLOCO 2,74,05302020,IGNORAR,AUTO_IGNORAR,
Mooca,BLOCO 1,74,03187040,IGNORAR,AUTO_IGNORAR,
Pinheiros,1 SUBSOLO,74,"05428000, 05421000, 05422020, 05418000, 05416000",IGNORAR,AUTO_IGNORAR,
Pinheiros,ED JOHANN STRAUSS,74,05417020,IGNORAR,AUTO_IGNORAR,
Vila Gumercindo,TORRE A ED MILOS,74,04131080,IGNORAR,AUTO_IGNORAR,
Bela Vista,ED IMBITUBA,73,01324001,IGNORAR,AUTO_IGNORAR,
Chácara Inglesa,E 1DP,73,04140000,IGNORAR,AUTO_IGNORAR,
Jardim Paulistano,SETOR 2,73,01445000,IGNORAR,AUTO_IGNORAR,
Mooca,2  SS,73,"03186010, 03121010, 03185902",IGNORAR,AUTO_IGNORAR,
Paraíso,EDIFICIO GUARAPARI,73,04002906,IGNORAR,AUTO_IGNORAR,
Perdizes,TORRE 2 - MELODIA,73,05016010,IGNORAR,AUTO_IGNORAR,
Tatuapé,ED BEVERLY HILLS,73,03338000,IGNORAR,AUTO_IGNORAR,
Vila Firmiano Pinto,TORRE 5,73,04272300,IGNORAR,AUTO_IGNORAR,
Vila Olímpia,TORRE 3,73,04546900,IGNORAR,AUTO_IGNORAR,
Bosque da Saúde,ED VENEZA,72,04145030,IGNORAR,AUTO_IGNORAR,
Campo Belo,ED VARANDAS DE CAMPO,72,04602923,IGNORAR,AUTO_IGNORAR,
Campo Belo,2 SUBSOLO,72,"05684030, 04602001",IGNORAR,AUTO_IGNORAR,
Campo Belo,1 SUBSOLO,72,"05684030, 04602001",IGNORAR,AUTO_IGNORAR,
Campo Belo,0,72,04614001,IGNORAR,AUTO_IGNORAR,
Chácara Inglesa,ED RES NUMBER ONE,72,04138002,IGNORAR,AUTO_IGNORAR,
Ipiranga,SETOR/SUBCOND 2,72,04276000,IGNORAR,AUTO_IGNORAR,
Itaim Bibi,SUB ED INFINITY ED 1,72,04542000,IGNORAR,AUTO_IGNORAR,
Lapa,E 2 VAGAS,72,05303000,IGNORAR,AUTO_IGNORAR,
Mooca,ED SOL DOS IMIGRANTES,72,03164000,IGNORAR,AUTO_IGNORAR,
Mooca,TORRE  C,72,03164120,IGNORAR,AUTO_IGNORAR,
Mooca,2 SS,72,"03126007, 03183000, 03121020, 03186010",IGNORAR,AUTO_IGNORAR,
Mooca,BLOCO SARDENHA,72,03112090,IGNORAR,AUTO_IGNORAR,
Mooca,BLOCO 2,72,03187040,IGNORAR,AUTO_IGNORAR,
Perdizes,ED GENERAL OFFICE B,72,05013000,IGNORAR,AUTO_IGNORAR,
Perdizes,CD MAXIM S BL I,72,05024030,IGNORAR,AUTO_IGNORAR,
Perdizes,CD MAXIM S BL II,72,05024030,IGNORAR,AUTO_IGNORAR,
Pinheiros,SS4,72,05425905,IGNORAR,AUTO_IGNORAR,
Pinheiros,TORRE 2 GALERIA,72,05423000,IGNORAR,AUTO_IGNORAR,
Santa Cecília,COMERCIAL - ED DORSAY,72,01232010,IGNORAR,AUTO_IGNORAR,
Santa Cecília,ED SPAZIO DUOMO,72,01233907,IGNORAR,AUTO_IGNORAR,
Tatuapé,COND HELBOR BOULEVARD,72,03066000,IGNORAR,AUTO_IGNORAR,
Vila Firmiano Pinto,TORRE 3,72,04272300,IGNORAR,AUTO_IGNORAR,
Vila Gumercindo,TORRE B ED RODES,72,04131080,IGNORAR,AUTO_IGNORAR,
Vila Mariana,EDIFICIO MONTE CARLO,72,04128001,IGNORAR,AUTO_IGNORAR,
Bela Vista,BLOCO II,71,"01316000, 01318903",IGNORAR,AUTO_IGNORAR,
Campo Belo,E 1DP,71,04616005,IGNORAR,AUTO_IGNORAR,
Campo Belo,CD RES JDS AEROPORTO,71,04633000,IGNORAR,AUTO_IGNORAR,
Itaim Bibi,ED SAO LUIZ BUSINESS,71,04535110,IGNORAR,AUTO_IGNORAR,
Jardim América,"R CRISTIANO VIANA, 328",71,05411000,IGNORAR,AUTO_IGNORAR,
Mooca,BLOCO D,71,03164000,IGNORAR,AUTO_IGNORAR,
Mooca,BLOCO CAPRI,71,03112090,IGNORAR,AUTO_IGNORAR,
Mooca,EDIFICIO SAN FRANCISCO,71,03183000,IGNORAR,AUTO_IGNORAR,
Perdizes,EDIF SOLAR PERDIZES,71,05020000,IGNORAR,AUTO_IGNORAR,
Santa Cecília,ED HIGIENOPOLIS TOWERS,71,01231011,IGNORAR,AUTO_IGNORAR,
Sumaré,BLOCO 2,71,01257040,IGNORAR,AUTO_IGNORAR,
Vila Firmiano Pinto,TORRE 4,71,04272300,IGNORAR,AUTO_IGNORAR,
Vila Mariana,ED GANDAVO,71,04119061,IGNORAR,AUTO_IGNORAR,
Indianópolis,1 SUBSOLO,70,"04088902, 04080917, 04513100, 04086003, 04093901",IGNORAR,AUTO_IGNORAR,
Ipiranga,BL B ED LONDRES,70,04191270,IGNORAR,AUTO_IGNORAR,
Ipiranga,BL C ED RIO DE JANEIRO,70,04191270,IGNORAR,AUTO_IGNORAR,
Itaim Bibi,TORRE 01,70,04531030,IGNORAR,AUTO_IGNORAR,
Jardim Paulistano,SETOR 1,70,01445000,IGNORAR,AUTO_IGNORAR,
Lapa,BLOCO 1,70,05302020,IGNORAR,AUTO_IGNORAR,
Mooca,ED RESIDENCIAL VICENZA,70,03344020,IGNORAR,AUTO_IGNORAR,
Perdizes,TORRE 1 - HARMONIA,70,05016010,IGNORAR,AUTO_IGNORAR,
Perdizes,ED PERDIZES NEW STYLE,70,05018000,IGNORAR,AUTO_IGNORAR,
Sumaré,BLOCO 1,70,01257040,IGNORAR,AUTO_IGNORAR,
Tatuapé,ED ITAPUA,70,03066010,IGNORAR,AUTO_IGNORAR,
Vila Mariana,ENTR LEONARDO NUNES 36,70,04020041,IGNORAR,AUTO_IGNORAR,
Vila Olímpia,ED FRANCISCO MELLAO,70,04551060,IGNORAR,AUTO_IGNORAR,
Vila Olímpia,SETOR NAO RESIDENCIAL,70,04550000,IGNORAR,AUTO_IGNORAR,
Bosque da Saúde,ED SOLAR DO BOSQUE,69,04136031,IGNORAR,AUTO_IGNORAR,
Indianópolis,2 SUBSOLO,69,"04088902, 04093901, 04513100, 04086003",IGNORAR,AUTO_IGNORAR,
Indianópolis,RES HELBOR HOME FLEX,69,04080002,IGNORAR,AUTO_IGNORAR,
Ipiranga,ED LA JOLLA,69,04211001,IGNORAR,AUTO_IGNORAR,
Ipiranga,BL A ED ATHENAS,69,04191270,IGNORAR,AUTO_IGNORAR,
Itaim Bibi,SS 2,69,"04543900, 04537082",IGNORAR,AUTO_IGNORAR,
Jardim Paulista,COND HIGH LINE,69,01405001,IGNORAR,AUTO_IGNORAR,
Jardim Paulista,ED LAGO AZUL,69,01403000,IGNORAR,AUTO_IGNORAR,
Jardim Paulista,ED PAULISTA POINT,69,01420007,IGNORAR,AUTO_IGNORAR,
Lapa,550 556,69,05042000,IGNORAR,AUTO_IGNORAR,
Lapa,COND BEM VIVER SANTANA,69,02409002,IGNORAR,AUTO_IGNORAR,
Lapa,COND ED LIVERPOOL,69,05302040,IGNORAR,AUTO_IGNORAR,
Mooca,ED BOULEVARD PEREZ,69,03188000,IGNORAR,AUTO_IGNORAR,
Mooca,BLOCO A ALTO MOOCA,69,03195100,IGNORAR,AUTO_IGNORAR,
Perdizes,ED VENETO,69,05011040,IGNORAR,AUTO_IGNORAR,
Santa Cecília,ED CATHARINA JOAO RADY,69,01206000,IGNORAR,AUTO_IGNORAR,
Tatuapé,R P ESTEVAO PERNET 974,69,03311000,IGNORAR,AUTO_IGNORAR,
Vila da Saúde,E 1 DP,69,"04146050, 04143030",IGNORAR,AUTO_IGNORAR,
Brooklin,BROOKLIN BLOCO 1,68,04564000,IGNORAR,AUTO_IGNORAR,
Chácara Inglesa,BLOCO 4,68,"05145100, 05145901",IGNORAR,AUTO_IGNORAR,
Consolação,ED CENTURY OFFICES,68,01307012,IGNORAR,AUTO_IGNORAR,
Ipiranga,T- 1  EDIF MARESIAS,68,04205000,IGNORAR,AUTO_IGNORAR,
Ipiranga,ED.IPIRANGA,68,04240000,IGNORAR,AUTO_IGNORAR,
Ipiranga,ED. REPUBLICA,68,04240000,IGNORAR,AUTO_IGNORAR,
Ipiranga,RES TROPICAL,68,04256177,IGNORAR,AUTO_IGNORAR,
Jardim Paulista,ED UFFICIO SANTOS 234,68,01418000,IGNORAR,AUTO_IGNORAR,
Mirandópolis,R PEREIRA ESTEFANO 107,68,04045002,IGNORAR,AUTO_IGNORAR,
Moema,EDIFICIO MOEMA 300,68,04077020,IGNORAR,AUTO_IGNORAR,
Paraíso,EDIFICIO PAULISTA,68,"04104021, 04001001",IGNORAR,AUTO_IGNORAR,
Pinheiros,DEP ED CELEBRITE,68,05415030,IGNORAR,AUTO_IGNORAR,
Pinheiros,ED MATEUS GROU,68,05415050,IGNORAR,AUTO_IGNORAR,
Pompéia,ED S FRANCISCO,68,05025010,IGNORAR,AUTO_IGNORAR,
Tatuapé,BLOCO 4,68,"03064000, 03376135",IGNORAR,AUTO_IGNORAR,
Tatuapé,ED BARBACENA,68,03313001,IGNORAR,AUTO_IGNORAR,
Tatuapé,ED LISBOA,68,03313001,IGNORAR,AUTO_IGNORAR,
Vila Madalena,RESIDENCIAL,68,05435010,IGNORAR,AUTO_IGNORAR,
Bela Vista,CJ RES PQUE TRIANON,67,01332030,IGNORAR,AUTO_IGNORAR,
Chácara Inglesa,SUBSOLO BLOCO 21,67,05145901,IGNORAR,AUTO_IGNORAR,
Chácara Inglesa,BLOCO 1,67,05145100,IGNORAR,AUTO_IGNORAR,
Chácara Inglesa,BLOCO 3,67,05145100,IGNORAR,AUTO_IGNORAR,
Chácara Inglesa,BLOCO 6,67,05145100,IGNORAR,AUTO_IGNORAR,
Consolação,EDIF ANA PRADO,67,01301000,IGNORAR,AUTO_IGNORAR,
Consolação,ED MANHATTAN'S HOME,67,01415000,IGNORAR,AUTO_IGNORAR,
Ipiranga,ED. MONUMENTO,67,04240000,IGNORAR,AUTO_IGNORAR,
Ipiranga,RESIDENCIAL TROPICAL,67,04256177,IGNORAR,AUTO_IGNORAR,
Mirandópolis,TORRE B,67,04055020,IGNORAR,AUTO_IGNORAR,
Mooca,BLOCO SICILIA,67,03112090,IGNORAR,AUTO_IGNORAR,
Mooca,ED. TERRAZO NOBILE,67,03186020,IGNORAR,AUTO_IGNORAR,
Perdizes,ED TRENTINO,67,05011040,IGNORAR,AUTO_IGNORAR,
Pinheiros,TORRE NORTE,67,04538133,IGNORAR,AUTO_IGNORAR,
Santa Cecília,TORRE A HOME,67,01153040,IGNORAR,AUTO_IGNORAR,
Tatuapé,BL A ED MAXIMUM,67,03318000,IGNORAR,AUTO_IGNORAR,
Tatuapé,ED MONTEREY,67,03405000,IGNORAR,AUTO_IGNORAR,
Vila Mariana,RES,67,01532001,IGNORAR,AUTO_IGNORAR,
Vila Mariana,ED VILLA DE SEGOVIA,67,04101300,IGNORAR,AUTO_IGNORAR,
Brooklin,E 1 DEP,66,04634010,IGNORAR,AUTO_IGNORAR,
Chácara Inglesa,BLOCO 2,66,05145100,IGNORAR,AUTO_IGNORAR,
Chácara Inglesa,BLOCO 5,66,05145100,IGNORAR,AUTO_IGNORAR,
Consolação,ED PERSONAL,66,01223011,IGNORAR,AUTO_IGNORAR,
Ipiranga,T-2  EDIF  CAMBURI,66,04205000,IGNORAR,AUTO_IGNORAR,
Ipiranga,ED. PATRIOTA,66,04240000,IGNORAR,AUTO_IGNORAR,
Jardim América,ED HELBOR CLASSIC,66,05409002,IGNORAR,AUTO_IGNORAR,
Mooca,ED.ARMONIA,66,03166001,IGNORAR,AUTO_IGNORAR,
Planalto Paulista,TORRE A,66,04061003,IGNORAR,AUTO_IGNORAR,
Tatuapé,BL A,66,"03090020, 03312052, 03407040",IGNORAR,AUTO_IGNORAR,
Tatuapé,COND RESIDENCIAL,66,03072000,IGNORAR,AUTO_IGNORAR,
Vila Olímpia,NOTTING HILL COND,66,04552060,IGNORAR,AUTO_IGNORAR,
Vila Olímpia,TORRE - B  ED LIMITED,66,04551908,IGNORAR,AUTO_IGNORAR,
Bela Vista,BLOCO 2,65,"02617000, 01330901",IGNORAR,AUTO_IGNORAR,
Bosque da Saúde,ED VISCONDE DE CUMINA,65,04145060,IGNORAR,AUTO_IGNORAR,
Ipiranga,ED CONDE DE ILIRIA,65,04284060,IGNORAR,AUTO_IGNORAR,
Ipiranga,ED. MANIFESTO,65,04240000,IGNORAR,AUTO_IGNORAR,
Ipiranga,ED CONQUEST,65,04180020,IGNORAR,AUTO_IGNORAR,
Ipiranga,ED DECISION,65,04180020,IGNORAR,AUTO_IGNORAR,
Jardim América,SUBSOLO 2,65,"05410000, 05411000",IGNORAR,AUTO_IGNORAR,
Lapa,DEP BL A ED ASPEN,65,"05305001, 05305002",IGNORAR,AUTO_IGNORAR,
Mooca,COND ED JD AVENIDA,65,03114000,IGNORAR,AUTO_IGNORAR,
Pompéia,EDIFICIO MONTEREALE,65,05025010,IGNORAR,AUTO_IGNORAR,
Tatuapé,ED SERRA DE JAPI,65,03310000,IGNORAR,AUTO_IGNORAR,
Tatuapé,COND SPORT'S GARDEN,65,03319002,IGNORAR,AUTO_IGNORAR,
Vila Madalena,SUBSOLO 2,65,"05451908, 05445908, 05433001",IGNORAR,AUTO_IGNORAR,
Bela Vista,STUDIO URBAN,64,01316000,IGNORAR,AUTO_IGNORAR,
Bosque da Saúde,ED MORAR E VIVER,64,04142092,IGNORAR,AUTO_IGNORAR,
Consolação,TORRE DESIGN,64,01307000,IGNORAR,AUTO_IGNORAR,
Higienópolis,ED BRASIL IMPERIO,64,01239010,IGNORAR,AUTO_IGNORAR,
Higienópolis,ED ITAMARATI,64,"01238001, 01239011",IGNORAR,AUTO_IGNORAR,
Indianópolis,TORRE 2 - NAO RESID,64,04521021,IGNORAR,AUTO_IGNORAR,
Ipiranga,T 1 ED VERSAILLES,64,04296090,IGNORAR,AUTO_IGNORAR,
Lapa,RES.,64,05049000,IGNORAR,AUTO_IGNORAR,
Moema,BLOCO A,64,"04514050, 04078910",IGNORAR,AUTO_IGNORAR,
Perdizes,SUBSOLO 2,64,"05017000, 05010040, 05014000, 05029000, 05021001",IGNORAR,AUTO_IGNORAR,
Perdizes,ED ATUALLITE PERDIZES,64,05019000,IGNORAR,AUTO_IGNORAR,
Perdizes,EDIFICIO BEGONIA,64,01155901,IGNORAR,AUTO_IGNORAR,
Pompéia,BLOCO 1,64,05027000,IGNORAR,AUTO_IGNORAR,
Pompéia,EDIFICIO SAINT MARTIN,64,05025010,IGNORAR,AUTO_IGNORAR,
Tatuapé,TERREO,64,"03325000, 03071050, 03408020, 03424020, 03317001",IGNORAR,AUTO_IGNORAR,
Tatuapé,BL B ED PREMIUM,64,03318000,IGNORAR,AUTO_IGNORAR,
Tatuapé,ED TUIUTI,64,03313001,IGNORAR,AUTO_IGNORAR,
Tatuapé,TORRE  1,64,03085000,IGNORAR,AUTO_IGNORAR,
Vila Madalena,SUBSOLO 1,64,"05451908, 05445908, 05433001",IGNORAR,AUTO_IGNORAR,
Bela Vista,BLOCO 1,63,02617000,IGNORAR,AUTO_IGNORAR,
Indianópolis,E DEPOSITO BLOCO III,63,04088905,IGNORAR,AUTO_IGNORAR,
Ipiranga,COND RES SANTI ALBANI,63,04296000,IGNORAR,AUTO_IGNORAR,
Itaim Bibi,EDIFICIO THE TOWN FLAT,63,04531080,IGNORAR,AUTO_IGNORAR,
Jardins,E 2 VG,63,01410000,IGNORAR,AUTO_IGNORAR,
Mooca,ED.FELICITA,63,03166001,IGNORAR,AUTO_IGNORAR,
Mooca,EDIFICIO SIENNA,63,03118001,IGNORAR,AUTO_IGNORAR,
Pompéia,EDIFICIO TIMES,63,05027000,IGNORAR,AUTO_IGNORAR,
Tatuapé,ED AMOREIRAS,63,03067000,IGNORAR,AUTO_IGNORAR,
Vila Madalena,EDIFICIO GIRASSOL,63,05440000,IGNORAR,AUTO_IGNORAR,
Vila Mariana,D,63,"01532001, 04016002",IGNORAR,AUTO_IGNORAR,
Vila Mariana,CONDOMINIO,63,"01532001, 04037001",IGNORAR,AUTO_IGNORAR,
Vila Mariana,ED MORUMBI BL A,63,04112011,IGNORAR,AUTO_IGNORAR,
Vila da Saúde,ED REAL PRQ TROPICAL,63,04144001,IGNORAR,AUTO_IGNORAR,
Bela Vista,COND ED SUZANA,62,01328010,IGNORAR,AUTO_IGNORAR,
Brooklin,ED VILLAGIO INDIANA,62,04562000,IGNORAR,AUTO_IGNORAR,
Brooklin,SUBCOND HOTEL MALL COM,62,04709110,IGNORAR,AUTO_IGNORAR,
Campo Belo,CONDOMINIO PARTICOLARE,62,04608010,IGNORAR,AUTO_IGNORAR,
Campo Belo,VCI 11 HORTENCIAS,62,05634001,IGNORAR,AUTO_IGNORAR,
Indianópolis,ED NEW CENTURY PLACE,62,04089001,IGNORAR,AUTO_IGNORAR,
Ipiranga,ED PARIS,62,04256177,IGNORAR,AUTO_IGNORAR,
Lapa,ED MAISON PARIS,62,05302001,IGNORAR,AUTO_IGNORAR,
Lapa,TIPO M SUBSOLO 2,62,05083110,IGNORAR,AUTO_IGNORAR,
Lapa,TORRE 4,62,05077902,IGNORAR,AUTO_IGNORAR,
Lapa,TORRE 5,62,05077902,IGNORAR,AUTO_IGNORAR,
Mooca,ED PALAZZO SAN MARINO,62,03180190,IGNORAR,AUTO_IGNORAR,
Mooca,ED TERRACOS DA MOOCA,62,03185020,IGNORAR,AUTO_IGNORAR,
Perdizes,TORRE FIGUEIRA,62,05005001,IGNORAR,AUTO_IGNORAR,
Perdizes,ED LYON,62,05017000,IGNORAR,AUTO_IGNORAR,
Tatuapé,ED OLIVEIRAS,62,03067000,IGNORAR,AUTO_IGNORAR,
Tatuapé,ED MACIEIRAS,62,03067000,IGNORAR,AUTO_IGNORAR,
Vila Mariana,ED BROOKLIN BL B,62,04112011,IGNORAR,AUTO_IGNORAR,
Vila Mariana,COND VENICE,62,04127120,IGNORAR,AUTO_IGNORAR,
Bela Vista,BLOCO I,61,"01318903, 01318000, 01330901, 01329010",IGNORAR,AUTO_IGNORAR,
Bela Vista,EDIFICIO ORLY,61,01330000,IGNORAR,AUTO_IGNORAR,
Bela Vista,ED CENTRAL TOP LIFE,61,01308020,IGNORAR,AUTO_IGNORAR,
Campo Belo,TORRE 2- ENTRADA,61,04602007,IGNORAR,AUTO_IGNORAR,
Higienópolis,ED VILLAGGIO DI CAPRI,61,01238010,IGNORAR,AUTO_IGNORAR,
Indianópolis,E DEPOSITO BLOCO II,61,04088905,IGNORAR,AUTO_IGNORAR,
Jardim América,E 647,61,05412001,IGNORAR,AUTO_IGNORAR,
Jardim Paulista,ED PAULISTA PARK,61,01420001,IGNORAR,AUTO_IGNORAR,
Jardim Paulista,COND STUDIO SUZANO,61,01435030,IGNORAR,AUTO_IGNORAR,
Lapa,2 VAGAS,61,05302031,IGNORAR,AUTO_IGNORAR,
Mooca,ED PALAZZO DEL DODGI,61,03180190,IGNORAR,AUTO_IGNORAR,
Pinheiros,PINHEIROS - ED.,61,05422001,IGNORAR,AUTO_IGNORAR,
Planalto Paulista,ED CAMBRIDGE,61,04069000,IGNORAR,AUTO_IGNORAR,
Tatuapé,ED JUREA,61,03313001,IGNORAR,AUTO_IGNORAR,
Tatuapé,ED ANALIA FRANCO RES,61,03335050,IGNORAR,AUTO_IGNORAR,
Vila Mariana,COND ED,61,04128080,IGNORAR,AUTO_IGNORAR,
Bela Vista,TORRE A,60,01308010,IGNORAR,AUTO_IGNORAR,
Campo Belo,ED. RES.,60,04625000,IGNORAR,AUTO_IGNORAR,
Campo Belo,ED LOVE DREAMS,60,05634160,IGNORAR,AUTO_IGNORAR,
Consolação,BLOCO II GAR AUT XAV,60,01301000,IGNORAR,AUTO_IGNORAR,
Higienópolis,STA CECILIA BLOCO A,60,"01228901, 01228100",IGNORAR,AUTO_IGNORAR,
Ibirapuera,EDIFICIO RARUS,60,04612070,IGNORAR,AUTO_IGNORAR,
Ibirapuera,TORRE SUNSET,60,05686002,IGNORAR,AUTO_IGNORAR,
Indianópolis,ED RESID EQUILIBRIUM,60,04086003,IGNORAR,AUTO_IGNORAR,
Ipiranga,ED SAN CLEMENT,60,04215901,IGNORAR,AUTO_IGNORAR,
Jardim América,ED PINHEIROS BOULEVARD,60,05411000,IGNORAR,AUTO_IGNORAR,
Lapa,ED AVANCE VILA ROMANA,60,05048000,IGNORAR,AUTO_IGNORAR,
Lapa,COND INSIGHT,60,05305030,IGNORAR,AUTO_IGNORAR,
Lapa,ALTO DA LAPA - ED.,60,05083130,IGNORAR,AUTO_IGNORAR,
Mirandópolis,ED ONIX,60,04042031,IGNORAR,AUTO_IGNORAR,
Mooca,ED VIA ROMA,60,03122010,IGNORAR,AUTO_IGNORAR,
Mooca,ED NAVEGANTES,60,03346000,IGNORAR,AUTO_IGNORAR,
Perdizes,ED MARSEILLE,60,05017000,IGNORAR,AUTO_IGNORAR,
Perdizes,ED PIAZZA DI TRENTO,60,05024000,IGNORAR,AUTO_IGNORAR,
Santa Cecília,ED HIGIENOPOLIS AROUND,60,01232000,IGNORAR,AUTO_IGNORAR,
Santa Cecília,ED METROPOLITAN,60,01232010,IGNORAR,AUTO_IGNORAR,
Tatuapé,SETOR RESIDENCIAL,60,03065070,IGNORAR,AUTO_IGNORAR,
Tatuapé,EDIFICIO JACARANDA,60,03077000,IGNORAR,AUTO_IGNORAR,
Vila Madalena,EDIFICIO HARMONIA,60,05440000,IGNORAR,AUTO_IGNORAR,
Vila Madalena,NAO RESIDENCIAL,60,05435010,IGNORAR,AUTO_IGNORAR,
Vila Olímpia,ED NEW HOUSE,60,04549000,IGNORAR,AUTO_IGNORAR,
Bela Vista,ED PAULISTA MEDICAL,59,01308000,IGNORAR,AUTO_IGNORAR,
Campo Belo,E 1 DEP,59,"04602004, 04619005",IGNORAR,AUTO_IGNORAR,
Chácara Inglesa,ED PRACTICAL LIFE,59,04140000,IGNORAR,AUTO_IGNORAR,
Indianópolis,E DEPOSITO BLOCO I,59,04088905,IGNORAR,AUTO_IGNORAR,
Indianópolis,E DEPOSITO BLOCO IV,59,04088905,IGNORAR,AUTO_IGNORAR,
Ipiranga,ED VILA POSITANO,59,04273200,IGNORAR,AUTO_IGNORAR,
Ipiranga,ED MARSELHA,59,04256177,IGNORAR,AUTO_IGNORAR,
Itaim Bibi,N 834,59,04534003,IGNORAR,AUTO_IGNORAR,
Moema,BLOCO B,59,04514050,IGNORAR,AUTO_IGNORAR,
Mooca,1 SUBSOLO,59,"03165001, 03187040, 03116000, 03182040",IGNORAR,AUTO_IGNORAR,
Santa Cecília,JA,59,01035901,IGNORAR,AUTO_IGNORAR,
Tatuapé,SIMPLES ED THE POINT,59,03307005,IGNORAR,AUTO_IGNORAR,
Tatuapé,TORRE B - STAR TATUAPE,59,03077000,IGNORAR,AUTO_IGNORAR,
Tatuapé,EDIFICIO YPE,59,03077000,IGNORAR,AUTO_IGNORAR,
Vila Gumercindo,BL A CD GEMELLI,59,04132000,IGNORAR,AUTO_IGNORAR,
Vila Gumercindo,BL B CD GEMELLI,59,04132000,IGNORAR,AUTO_IGNORAR,
Bela Vista,2  SUBSOLO,58,01419901,IGNORAR,AUTO_IGNORAR,
Chácara Inglesa,ED PALACE TROPICAL,58,04140000,IGNORAR,AUTO_IGNORAR,
Ipiranga,EDIFICIO,58,04285080,IGNORAR,AUTO_IGNORAR,
Jardim Paulista,E VAGA,58,"01424004, 01424007, 01405100, 01424907",IGNORAR,AUTO_IGNORAR,
Mooca,2 SS ALTO DA MOOCA,58,03186010,IGNORAR,AUTO_IGNORAR,
Perdizes,ED AVANTGARDE,58,05015000,IGNORAR,AUTO_IGNORAR,
Planalto Paulista,BLOCO B,58,02402400,IGNORAR,AUTO_IGNORAR,
Pompéia,ED BOULEVARD POMPEIA,58,05027000,IGNORAR,AUTO_IGNORAR,
Santa Cecília,A4,58,01035901,IGNORAR,AUTO_IGNORAR,
Tatuapé,ED PENEDO,58,03342000,IGNORAR,AUTO_IGNORAR,
Tatuapé,E DEPOSITO,58,03337010,IGNORAR,AUTO_IGNORAR,
Tatuapé,EDIFICIO ACQUA AZULI,58,03084000,IGNORAR,AUTO_IGNORAR,
Vila Mariana,E 1 DEP,58,"04107030, 04112080",IGNORAR,AUTO_IGNORAR,
Vila Mariana,ED JOY VILA MARIANA,58,04107001,IGNORAR,AUTO_IGNORAR,
Vila Nova Conceição,2 SS,58,04508030,IGNORAR,AUTO_IGNORAR,
Vila Nova Conceição,ED VILLA BORGHESE,58,04510001,IGNORAR,AUTO_IGNORAR,
Vila Olímpia,ED NEW AV TRADE HALL,58,04545006,IGNORAR,AUTO_IGNORAR,
Vila Olímpia,EDIFICIO MEURSAULT,58,04546003,IGNORAR,AUTO_IGNORAR,
Brooklin,ED PRESIDENTE ARTHUR,57,04571934,IGNORAR,AUTO_IGNORAR,
Campo Belo,ED JARDINS DE ICARAI,57,04601903,IGNORAR,AUTO_IGNORAR,
Lapa,1 SUBSOLO,57,"05302001, 05083908, 05074010, 05302031, 05044000",IGNORAR,AUTO_IGNORAR,
Perdizes,E VG,57,"05018001, 05020000",IGNORAR,AUTO_IGNORAR,
Perdizes,2 VG E 1 DEP,57,05011040,IGNORAR,AUTO_IGNORAR,
Vila Mariana,ED PRACA KLABIN,57,04117160,IGNORAR,AUTO_IGNORAR,
Vila Mariana,EDIFICIO GREEN PARK,57,04037005,IGNORAR,AUTO_IGNORAR,
Vila da Saúde,EDIFICIO SAINT PATRICK,57,04146050,IGNORAR,AUTO_IGNORAR,
Bela Vista,ED ROYAL CENTER,56,01308000,IGNORAR,AUTO_IGNORAR,
Bosque da Saúde,ED. BOSQUE DA SAUDE,56,04142081,IGNORAR,AUTO_IGNORAR,
Brooklin,SUBCONDOMINIO 1,56,04622000,IGNORAR,AUTO_IGNORAR,
Chácara Inglesa,655 E 665,56,04140000,IGNORAR,AUTO_IGNORAR,
Chácara Santo Antônio,ED TUILERIES,56,04718001,IGNORAR,AUTO_IGNORAR,
Higienópolis,ED COND CENTRO MEDICO,56,01239901,IGNORAR,AUTO_IGNORAR,
Ipiranga,VG MED TERREO DESC,56,04205912,IGNORAR,AUTO_IGNORAR,
Ipiranga,TORRE DE VINHAIS,56,04211040,IGNORAR,AUTO_IGNORAR,
Ipiranga,TORRE DE GAIA,56,04211040,IGNORAR,AUTO_IGNORAR,
Ipiranga,TORRE 1-ED IMPERIAL,56,04211001,IGNORAR,AUTO_IGNORAR,
Ipiranga,T 2 -ED INDEPENDENCIA,56,04211001,IGNORAR,AUTO_IGNORAR,
Jardim América,ED T METROPOLITAN HALL,56,01454020,IGNORAR,AUTO_IGNORAR,
Lapa,EDIFICIO EMPRESARIAL,56,05076000,IGNORAR,AUTO_IGNORAR,
Lapa,ED MATISSE,56,05043020,IGNORAR,AUTO_IGNORAR,
Lapa,ED VITRE VL ROMANA,56,05051000,IGNORAR,AUTO_IGNORAR,
Lapa,ED PAESAGGIO VILLA,56,05305031,IGNORAR,AUTO_IGNORAR,
Mirandópolis,ED PLAY PREMIER SAUDE,56,04055040,IGNORAR,AUTO_IGNORAR,
Paraíso,SUBCD STUDIOS TORRE 2,56,04003042,IGNORAR,AUTO_IGNORAR,
Perdizes,ED LUME JOAO RAMALHO,56,05008002,IGNORAR,AUTO_IGNORAR,
Pinheiros,3 SUBSOLO,56,"05428000, 05425000, 05416000",IGNORAR,AUTO_IGNORAR,
Pinheiros,TORRE B,56,05459010,IGNORAR,AUTO_IGNORAR,
Planalto Paulista,TORRE I,56,02402600,IGNORAR,AUTO_IGNORAR,
Santa Cecília,ED PACAEMBU CENTER,56,01233001,IGNORAR,AUTO_IGNORAR,
Santa Cecília,COND ED CENTRO,56,01232011,IGNORAR,AUTO_IGNORAR,
Tatuapé,ED ESMERALDA,56,03065000,IGNORAR,AUTO_IGNORAR,
Tatuapé,EDIFICIO PALM TREE,56,03086030,IGNORAR,AUTO_IGNORAR,
Vila Gumercindo,ED STA HELENA,56,04131001,IGNORAR,AUTO_IGNORAR,
Vila Olímpia,SUBCOND PRIME,56,04552030,IGNORAR,AUTO_IGNORAR,
Vila Olímpia,ED QUATA TORRE A,56,04548003,IGNORAR,AUTO_IGNORAR,
Vila Olímpia,ED OLIMPIADAS TORRE B,56,04548003,IGNORAR,AUTO_IGNORAR,
Brooklin,RES HELBOR BROOKLIN,55,04563062,IGNORAR,AUTO_IGNORAR,
Brooklin,BL B VL ALEXANDRIA,55,04634020,IGNORAR,AUTO_IGNORAR,
Higienópolis,2  CRI,55,01238000,IGNORAR,AUTO_IGNORAR,
Ipiranga,BLOCO B 1,55,"04202010, 04205901",IGNORAR,AUTO_IGNORAR,
Ipiranga,ED. GARDEN,55,04217000,IGNORAR,AUTO_IGNORAR,
Itaim Bibi,2 VG BL A ED JUBILEE,55,04542030,IGNORAR,AUTO_IGNORAR,
Jardim América,ED PINHEIROS CENTER,55,05409001,IGNORAR,AUTO_IGNORAR,
Lapa,1 DEP BLOCO A,55,05051030,IGNORAR,AUTO_IGNORAR,
Lapa,1 DEP BLOCO B,55,05051030,IGNORAR,AUTO_IGNORAR,
Lapa,1 DEP BLOCO C,55,05051030,IGNORAR,AUTO_IGNORAR,
Mooca,ED SPAZIO DEL SOLE,55,03116000,IGNORAR,AUTO_IGNORAR,
Perdizes,ED,55,"05019000, 05010040",IGNORAR,AUTO_IGNORAR,
Pinheiros,ED GUARACA,55,05416011,IGNORAR,AUTO_IGNORAR,
Pinheiros,TORRE A,55,05459010,IGNORAR,AUTO_IGNORAR,
Tatuapé,ED GEMINI'S,55,03308070,IGNORAR,AUTO_IGNORAR,
Tatuapé,EDIFICIO PINE TREE,55,03086030,IGNORAR,AUTO_IGNORAR,
Tatuapé,E NS 87 E 133 VG DESC,55,03380160,IGNORAR,AUTO_IGNORAR,
Vila Firmiano Pinto,TORRE  2,55,04272000,IGNORAR,AUTO_IGNORAR,
Vila Mariana,NR,55,04105001,IGNORAR,AUTO_IGNORAR,
Vila Mariana,EDIFICIO TANGARA,55,04119061,IGNORAR,AUTO_IGNORAR,
Vila Olímpia,EDIFICIO LARA,55,04546080,IGNORAR,AUTO_IGNORAR,
Vila da Saúde,1 ARM,55,04146050,IGNORAR,AUTO_IGNORAR,
Bela Vista,CJ RES PQE TRIANON,54,01332030,IGNORAR,AUTO_IGNORAR,
Bosque da Saúde,ED VILLAS BOAS,54,04142081,IGNORAR,AUTO_IGNORAR,
Brooklin,RESIDENCIAL,54,04707051,IGNORAR,AUTO_IGNORAR,
Brooklin,BL A VL ALEXANDRIA,54,04634020,IGNORAR,AUTO_IGNORAR,
Indianópolis,TORRE  A,54,04523010,IGNORAR,AUTO_IGNORAR,
Indianópolis,BLOCO III,54,04524001,IGNORAR,AUTO_IGNORAR,
Ipiranga,BLOCO C-  JEQUITIBA,54,04191190,IGNORAR,AUTO_IGNORAR,
Ipiranga,BLOCO D-  MOGNO,54,04191190,IGNORAR,AUTO_IGNORAR,
Itaim Bibi,ED UDINE SPECIAL LINE,54,04542060,IGNORAR,AUTO_IGNORAR,
Jardim América,E 01 VAGA INDETERM,54,05402000,IGNORAR,AUTO_IGNORAR,
Jardim América,EDIFICIO ATTUALE,54,05412001,IGNORAR,AUTO_IGNORAR,
Jardim Paulista,ED ANTONELO DA MESSINA,54,01403002,IGNORAR,AUTO_IGNORAR,
Moema,ED LA MAISON D ESTAN,54,04084001,IGNORAR,AUTO_IGNORAR,
Mooca,ED SPAZIO DEL MARE,54,03116000,IGNORAR,AUTO_IGNORAR,
Mooca,1  SS,54,"03186010, 03121010, 03111020, 03185902",IGNORAR,AUTO_IGNORAR,
Planalto Paulista,BLOCO A,54,02402400,IGNORAR,AUTO_IGNORAR,
Pompéia,SS 1,54,05025011,IGNORAR,AUTO_IGNORAR,
Tatuapé,EDIFICIO MONACO,54,03413030,IGNORAR,AUTO_IGNORAR,
Tatuapé,BLOCO B4,54,03407050,IGNORAR,AUTO_IGNORAR,
Tatuapé,BLOCO B1,54,03407050,IGNORAR,AUTO_IGNORAR,
Vila Mariana,ED MARQUISE - TORRE A,54,04014001,IGNORAR,AUTO_IGNORAR,
Vila Mariana,ED BIENAL - TORRE B,54,04014001,IGNORAR,AUTO_IGNORAR,
Vila Mariana,ED BANDEIRAS - TORRE C,54,04014001,IGNORAR,AUTO_IGNORAR,
Vila Mariana,BL A  ED ATLANTIC,54,04020040,IGNORAR,AUTO_IGNORAR,
Vila Mariana,ED PACO DE FLORENCA,54,02017000,IGNORAR,AUTO_IGNORAR,
Brooklin,TORRE HARMONY,53,04567003,IGNORAR,AUTO_IGNORAR,
Consolação,ED KING HENRY VI,53,01414002,IGNORAR,AUTO_IGNORAR,
Ipiranga,BLOCO  B,53,04240130,IGNORAR,AUTO_IGNORAR,
Ipiranga,BLOCO A-  ACACIA,53,04191190,IGNORAR,AUTO_IGNORAR,
Ipiranga,BLOCO B-  JACARANDA,53,04191190,IGNORAR,AUTO_IGNORAR,
Ipiranga,BLOCO E-  TARUMA,53,04191190,IGNORAR,AUTO_IGNORAR,
Jardim América,E VAGA IND,53,05402100,IGNORAR,AUTO_IGNORAR,
Lapa,2 SUBSOLO,53,"05302001, 05083908, 05074010, 05302031, 05060020",IGNORAR,AUTO_IGNORAR,
Tatuapé,TORRE D,53,03405040,IGNORAR,AUTO_IGNORAR,
Tatuapé,BLOCO B3,53,03407050,IGNORAR,AUTO_IGNORAR,
Vila Firmiano Pinto,TORRE  1,53,04272000,IGNORAR,AUTO_IGNORAR,
Vila Mariana,BL B  ED PACIFIC,53,04020040,IGNORAR,AUTO_IGNORAR,
Vila Mariana,C/ 1 ARMARIO,53,04119062,IGNORAR,AUTO_IGNORAR,
Brooklin,TORRE EQUILIBRIUM,52,04567003,IGNORAR,AUTO_IGNORAR,
Brooklin,EDIFICIO ITAMARACA,52,04569011,IGNORAR,AUTO_IGNORAR,
Campo Belo,TORRE A - SUBCOND 1,52,04602006,IGNORAR,AUTO_IGNORAR,
Chácara Santo Antônio,TORRE A,52,04711130,IGNORAR,AUTO_IGNORAR,
Chácara Santo Antônio,TORRE B,52,04711130,IGNORAR,AUTO_IGNORAR,
Consolação,EDIFICIO CENTRAL PARK,52,01219010,IGNORAR,AUTO_IGNORAR,
Higienópolis,ED BRASIL REPUBLICA,52,01238001,IGNORAR,AUTO_IGNORAR,
Indianópolis,ED SPHERE - TORRE A,52,04520000,IGNORAR,AUTO_IGNORAR,
Indianópolis,ED SCOPE - TORRE B,52,04520000,IGNORAR,AUTO_IGNORAR,
Ipiranga,VG MEDIA 2 SS,52,04205912,IGNORAR,AUTO_IGNORAR,
Lapa,ED GIRO VILA ROMANA,52,05044000,IGNORAR,AUTO_IGNORAR,
Lapa,TORRE CRASSO,52,05043050,IGNORAR,AUTO_IGNORAR,
Mooca,3 SS,52,03126007,IGNORAR,AUTO_IGNORAR,
Pinheiros,TERREO,52,"05415001, 05428000, 05422030, 05418000",IGNORAR,AUTO_IGNORAR,
Tatuapé,ED SAFIRA,52,03065000,IGNORAR,AUTO_IGNORAR,
Tatuapé,ED ANA LABRUNA,52,03066070,IGNORAR,AUTO_IGNORAR,
Tatuapé,3 SUBSOLO,52,"03319000, 03324002",IGNORAR,AUTO_IGNORAR,
Tatuapé,COND SPORT S GARDEN,52,03319002,IGNORAR,AUTO_IGNORAR,
Tatuapé,TORRE 5,52,03448010,IGNORAR,AUTO_IGNORAR,
Vila Mariana,ED HOMME LIFT,52,04020000,IGNORAR,AUTO_IGNORAR,
Vila Mariana,ED CENTRO EMPRESARIAL,52,04112002,IGNORAR,AUTO_IGNORAR,
Vila Mariana,DP,52,04044010,IGNORAR,AUTO_IGNORAR,
Vila Olímpia,ED VL OLIMPIA,52,04545090,IGNORAR,AUTO_IGNORAR,
Vila Olímpia,CONDOMINIO SPECIALE,52,04548003,IGNORAR,AUTO_IGNORAR,
Bosque da Saúde,ED ALTO DO BOSQUE,51,04136110,IGNORAR,AUTO_IGNORAR,
Campo Belo,ED VENEZA,51,04633000,IGNORAR,AUTO_IGNORAR,
Chácara Inglesa,BL 1 EDIF CHAMBERTIN,51,04140040,IGNORAR,AUTO_IGNORAR,
Consolação,ED INVESTIMENTO,51,01046922,IGNORAR,AUTO_IGNORAR,
Indianópolis,BLOCO IV,51,04524001,IGNORAR,AUTO_IGNORAR,
Indianópolis,COND LEGITIMO MOEMA,51,04524001,IGNORAR,AUTO_IGNORAR,
Ipiranga,T-4  EDIF  GUAECA,51,04205000,IGNORAR,AUTO_IGNORAR,
Ipiranga,ED. LIFE,51,04217000,IGNORAR,AUTO_IGNORAR,
Jardins,TORRE 1,51,01410003,IGNORAR,AUTO_IGNORAR,
Lapa,BLOCO B  CONDOMINIO ED,51,05083030,IGNORAR,AUTO_IGNORAR,
Mooca,ED TUPI,51,03195100,IGNORAR,AUTO_IGNORAR,
Paraíso,E 227,51,04005000,IGNORAR,AUTO_IGNORAR,
Pinheiros,TORRE 1 VITRINE,51,05423000,IGNORAR,AUTO_IGNORAR,
Tatuapé,VAGA,51,03308050,IGNORAR,AUTO_IGNORAR,
Tatuapé,ED AQUARIO'S,51,03308070,IGNORAR,AUTO_IGNORAR,
Tatuapé,ED SCORPIO'S,51,03308070,IGNORAR,AUTO_IGNORAR,
Tatuapé,TORRE E,51,03405040,IGNORAR,AUTO_IGNORAR,
Bela Vista,SS 2,50,"01306010, 01310919, 01306001, 01306902",IGNORAR,AUTO_IGNORAR,
Campo Belo,TORRE A BL01,50,04606004,IGNORAR,AUTO_IGNORAR,
Campo Belo,TORRE A BL03,50,04606004,IGNORAR,AUTO_IGNORAR,
Chácara Santo Antônio,ED BOLOGNE,50,04718001,IGNORAR,AUTO_IGNORAR,
Consolação,COND ED HIGIENOPOLIS,50,01243020,IGNORAR,AUTO_IGNORAR,
Consolação,ED METROPOLITAN HOME,50,01415010,IGNORAR,AUTO_IGNORAR,
Ipiranga,BLOCO  A,50,04240130,IGNORAR,AUTO_IGNORAR,
Itaim Bibi,1 SS VL OLIMPIA,50,04537040,IGNORAR,AUTO_IGNORAR,
Jardim América,SUBSOLO 1,50,"05410000, 05411000, 05414025",IGNORAR,AUTO_IGNORAR,
Jardim América,C/ DEPOSITO,50,05414025,IGNORAR,AUTO_IGNORAR,
Jardim Paulista,E,50,"01422000, 01405001, 01409000, 01403010, 01406902",IGNORAR,AUTO_IGNORAR,
Jardim Paulista,1 DEP,50,01405002,IGNORAR,AUTO_IGNORAR,
Lapa,BLOCO E,50,05036170,IGNORAR,AUTO_IGNORAR,
Lapa,BLOCO G,50,05036170,IGNORAR,AUTO_IGNORAR,
Mirandópolis,A,50,"04042033, 04055050, 04055120, 04055060, 04055080",IGNORAR,AUTO_IGNORAR,
Mirandópolis,TORRE HOME,50,"04049020, 04049060",IGNORAR,AUTO_IGNORAR,
Mooca,EDIFICIO LOIRE,50,03178001,IGNORAR,AUTO_IGNORAR,
Paraíso,BL A  ORCHIDEA,50,04003000,IGNORAR,AUTO_IGNORAR,
Perdizes,L,50,01252900,IGNORAR,AUTO_IGNORAR,
Perdizes,CD MAXIMIS BL III,50,05024030,IGNORAR,AUTO_IGNORAR,
Pompéia,SS 2,50,05025011,IGNORAR,AUTO_IGNORAR,
Santa Cecília,ED THE METROPOLITAN,50,01231020,IGNORAR,AUTO_IGNORAR,
Tatuapé,E 1 DP,50,03325000,IGNORAR,AUTO_IGNORAR,
Tatuapé,RESIDENCIAL ONE PRIME,50,03357050,IGNORAR,AUTO_IGNORAR,
Tatuapé,ED MONTE CARLO,50,03413030,IGNORAR,AUTO_IGNORAR,
Vila Mariana,3 SUBSOLO,50,"04122030, 04035001, 04128080",IGNORAR,AUTO_IGNORAR,
Vila Olímpia,ED PRESENCE HILLS,50,04547000,IGNORAR,AUTO_IGNORAR,
Vila Olímpia,ED SANTA PAULA,50,04550000,IGNORAR,AUTO_IGNORAR,
Vila da Saúde,E VAGA DUPLA BLOCO B,50,04144020,IGNORAR,AUTO_IGNORAR,
Bela Vista,VAGA,49,01310911,IGNORAR,AUTO_IGNORAR,
Bosque da Saúde,ED. PRACA DA ARVORE,49,04142081,IGNORAR,AUTO_IGNORAR,
Campo Belo,EDIFICIO VERONA,49,04633000,IGNORAR,AUTO_IGNORAR,
Chácara Inglesa,1 ARMARIO,49,04140000,IGNORAR,AUTO_IGNORAR,
Consolação,ED QUARTER OFFICE,49,01415002,IGNORAR,AUTO_IGNORAR,
Higienópolis,E 654,49,01240000,IGNORAR,AUTO_IGNORAR,
Indianópolis,TORRE 2,49,04521021,IGNORAR,AUTO_IGNORAR,
Itaim Bibi,2 SS VL OLIMPIA,49,04537040,IGNORAR,AUTO_IGNORAR,
Jardim América,ED PRACTICAL,49,05410001,IGNORAR,AUTO_IGNORAR,
Lapa,BLOCO H,49,05036170,IGNORAR,AUTO_IGNORAR,
Lapa,BLOCO F,49,05036170,IGNORAR,AUTO_IGNORAR,
Mirandópolis,B,49,04042033,IGNORAR,AUTO_IGNORAR,
Mooca,ED PALAIS DE VERSAILES,49,03182070,IGNORAR,AUTO_IGNORAR,
Paraíso,DUPLEX,49,"04001130, 04002003, 04007901, 04103050, 04007002",IGNORAR,AUTO_IGNORAR,
Pinheiros,EDIFICIO TEODORO,49,05405000,IGNORAR,AUTO_IGNORAR,
Pinheiros,ED JANETE,49,05417030,IGNORAR,AUTO_IGNORAR,
Pinheiros,ED FARIA LIMA 201,49,05426100,IGNORAR,AUTO_IGNORAR,
Pompéia,ED SAINT MARTIN,49,05026000,IGNORAR,AUTO_IGNORAR,
Tatuapé,660 EMPRESARIAL,49,03317000,IGNORAR,AUTO_IGNORAR,
Vila Gumercindo,SUBSOLO CD GEMELLI,49,04132000,IGNORAR,AUTO_IGNORAR,
Vila Mariana,ED ADVANCED,49,04041002,IGNORAR,AUTO_IGNORAR,
Vila da Saúde,E VAGA DUPLA BLOCO A,49,04144020,IGNORAR,AUTO_IGNORAR,
Campo Belo,TORRE A BL02,48,04606004,IGNORAR,AUTO_IGNORAR,
Chácara Inglesa,BLOCO A,48,04141100,IGNORAR,AUTO_IGNORAR,
Consolação,A,48,"01309902, 01046925, 01221901, 01243000, 01209002",IGNORAR,AUTO_IGNORAR,
Consolação,R,48,"01209002, 01415006, 01043902, 01243902, 01416905",IGNORAR,AUTO_IGNORAR,
Ipiranga,T-3  EDIF  PAUBA,48,04205000,IGNORAR,AUTO_IGNORAR,
Ipiranga,STUDIO - ENTR R DONA,48,04277000,IGNORAR,AUTO_IGNORAR,
Ipiranga,RESIDENCIAL FELICITA,48,04254020,IGNORAR,AUTO_IGNORAR,
Ipiranga,ED PLACE SAINT ADELAID,48,04316000,IGNORAR,AUTO_IGNORAR,
Lapa,E N 470 1 SUB,48,"05302904, 05302031",IGNORAR,AUTO_IGNORAR,
Mooca,DESCOBERTA/TERREO,48,03166001,IGNORAR,AUTO_IGNORAR,
Paraíso,ED,48,04002003,IGNORAR,AUTO_IGNORAR,
Perdizes,1 DEP CONDOMINIO ED,48,05014000,IGNORAR,AUTO_IGNORAR,
Perdizes,ED VILLE PROVENCE,48,05011001,IGNORAR,AUTO_IGNORAR,
Perdizes,ED GREEN STREET,48,05008020,IGNORAR,AUTO_IGNORAR,
Perdizes,C.  EDIFICIO AMARILLYS,48,05018001,IGNORAR,AUTO_IGNORAR,
Pinheiros,ED ARCOVERDE BUSINESS,48,05407000,IGNORAR,AUTO_IGNORAR,
Pinheiros,ED FARIA LIMA OFFICES,48,05407003,IGNORAR,AUTO_IGNORAR,
Santa Cecília,ED TCHAIKOVSKY,48,01226020,IGNORAR,AUTO_IGNORAR,
Santa Cecília,EDIFICIO MARYLAND,48,01224010,IGNORAR,AUTO_IGNORAR,
Santa Cecília,EDIFICIO PEDRA MARROM,48,01231010,IGNORAR,AUTO_IGNORAR,
Tatuapé,ED SAN DIEGO,48,03321001,IGNORAR,AUTO_IGNORAR,
Tatuapé,TORRE C - SYRAH,48,03337010,IGNORAR,AUTO_IGNORAR,
Tatuapé,ED DENVER,48,03421000,IGNORAR,AUTO_IGNORAR,
Tatuapé,ED ASPEN,48,03421000,IGNORAR,AUTO_IGNORAR,
Tatuapé,ED VAIL,48,03421000,IGNORAR,AUTO_IGNORAR,
Tatuapé,TORRE EVIAN,48,03408000,IGNORAR,AUTO_IGNORAR,
Tatuapé,TORRE SAN PELLEGRINO,48,03408000,IGNORAR,AUTO_IGNORAR,
Tatuapé,ED VALENCIA,48,03090020,IGNORAR,AUTO_IGNORAR,
Vila Mariana,ED METROPOLITAN OFFICE,48,04101300,IGNORAR,AUTO_IGNORAR,
Vila Mariana,TORRE  A,48,04119010,IGNORAR,AUTO_IGNORAR,
Vila Mariana,TORRE  B,48,04119010,IGNORAR,AUTO_IGNORAR,
Vila Mariana,FLAT,48,04020041,IGNORAR,AUTO_IGNORAR,
Vila Nova Conceição,1 SS,48,04508030,IGNORAR,AUTO_IGNORAR,
Vila Olímpia,ED UFFICIO 2000,48,04552000,IGNORAR,AUTO_IGNORAR,
Bela Vista,1  SUBSOLO,47,01419901,IGNORAR,AUTO_IGNORAR,
Brooklin,TERREO,47,"04560905, 04582050, 04562000, 04570020, 04562030",IGNORAR,AUTO_IGNORAR,
Cambuci,EDIFICIO GOLDEN PALACE,47,01548030,IGNORAR,AUTO_IGNORAR,
Campo Belo,ONE FLOOR,47,04619001,IGNORAR,AUTO_IGNORAR,
Chácara Inglesa,EDIFICIO ACAPULCO II,47,04140080,IGNORAR,AUTO_IGNORAR,
Chácara Inglesa,ED S BELVEDERE,47,04140000,IGNORAR,AUTO_IGNORAR,
Chácara Inglesa,BLOCO B,47,"04141100, 04140000",IGNORAR,AUTO_IGNORAR,
Consolação,EDIFICIO RAPHA,47,01301100,IGNORAR,AUTO_IGNORAR,
Ipiranga,BLOCO A 1,47,"04202010, 04205901",IGNORAR,AUTO_IGNORAR,
Lapa,ED SAN REMO TOWER,47,05042000,IGNORAR,AUTO_IGNORAR,
Lapa,TORRE INTERLAGOS,47,05075060,IGNORAR,AUTO_IGNORAR,
Paraíso,SUBSOLO 1,47,"04001001, 04004020",IGNORAR,AUTO_IGNORAR,
Paraíso,1 VG P 1 VG M,47,04003042,IGNORAR,AUTO_IGNORAR,
Perdizes,SUB 1 ED TERRACOS,47,05010000,IGNORAR,AUTO_IGNORAR,
Planalto Paulista,SUBSOLO 2,47,"02402500, 04061003",IGNORAR,AUTO_IGNORAR,
Sumaré,E 1DP,47,01257000,IGNORAR,AUTO_IGNORAR,
Tatuapé,TORRE I,47,03088010,IGNORAR,AUTO_IGNORAR,
Vila Gumercindo,1 SUBSOLO CD GEMELLI,47,04132000,IGNORAR,AUTO_IGNORAR,
Vila Madalena,ED RESIDENCIAL,47,05433002,IGNORAR,AUTO_IGNORAR,
Vila Mariana,ED VITORIA MARIA,47,04110021,IGNORAR,AUTO_IGNORAR,
Vila Mariana,TORRE 2 - BLOCO A,47,04111001,IGNORAR,AUTO_IGNORAR,
Vila Mariana,ED THE CLUB APARTMENT,47,04115000,IGNORAR,AUTO_IGNORAR,
Vila Mariana,1 ARM,47,04139030,IGNORAR,AUTO_IGNORAR,
Bela Vista,BLOCO G - HOTEL,46,01332000,IGNORAR,AUTO_IGNORAR,
Bosque da Saúde,3 SS,46,"04142020, 04135000",IGNORAR,AUTO_IGNORAR,
Brooklin,TORRE 3,46,"04571010, 04562001",IGNORAR,AUTO_IGNORAR,
Brooklin,2. SUBSOLO,46,04565001,IGNORAR,AUTO_IGNORAR,
Cambuci,ED PASCHOALINA SAVIANO,46,01528060,IGNORAR,AUTO_IGNORAR,
Campo Belo,ED SOLAR CASTRO MARIM,46,04602920,IGNORAR,AUTO_IGNORAR,
Chácara Inglesa,COND ESSENCIAL,46,04140060,IGNORAR,AUTO_IGNORAR,
Ipiranga,ED CISPLATINA,46,04211040,IGNORAR,AUTO_IGNORAR,
Jardim América,TORRE COMERCIAL,46,05410002,IGNORAR,AUTO_IGNORAR,
Lapa,TORRE C 1,46,05086010,IGNORAR,AUTO_IGNORAR,
Lapa,TORRE D 1,46,05086010,IGNORAR,AUTO_IGNORAR,
Pinheiros,ED DEBORA COMMERCIAL,46,05405150,IGNORAR,AUTO_IGNORAR,
Pinheiros,ED CARLOS R BELLI,46,05404015,IGNORAR,AUTO_IGNORAR,
Pompéia,EDIFICIO PARALLELE,46,05026000,IGNORAR,AUTO_IGNORAR,
Tatuapé,E TUIUTI TRADE CENTER,46,03307005,IGNORAR,AUTO_IGNORAR,
Tatuapé,ED TERRACO ANALIA F,46,03414010,IGNORAR,AUTO_IGNORAR,
Tatuapé,ED PAMPLONA,46,03090020,IGNORAR,AUTO_IGNORAR,
Tatuapé,TORRE II,46,03088010,IGNORAR,AUTO_IGNORAR,
Vila Mariana,BL C,46,"01532001, 04011912",IGNORAR,AUTO_IGNORAR,
Vila Mariana,ED S P WORK STATION,46,04038040,IGNORAR,AUTO_IGNORAR,
Vila Nova Conceição,CONDOMINIO ED MANSAO,46,04510908,IGNORAR,AUTO_IGNORAR,
Bela Vista,TERREO,45,"01333011, 01324001, 01316010, 01308020, 01331020",IGNORAR,AUTO_IGNORAR,
Bela Vista,TORRE B,45,01308010,IGNORAR,AUTO_IGNORAR,
Cambuci,E 1DP,45,01530030,IGNORAR,AUTO_IGNORAR,
Chácara Inglesa,EDIFICIO JARDINS,45,04138020,IGNORAR,AUTO_IGNORAR,
Higienópolis,ED BRASIL COLONIA,45,01240000,IGNORAR,AUTO_IGNORAR,
Indianópolis,ED MADISON WORK CENTER,45,04524001,IGNORAR,AUTO_IGNORAR,
Itaim Bibi,BLOCO B,45,"04537080, 04543011, 04534002",IGNORAR,AUTO_IGNORAR,
Itaim Bibi,3VG BL B ED SANCY,45,04542030,IGNORAR,AUTO_IGNORAR,
Jardim Paulista,-1.SS-JD. AMERICA,45,01425001,IGNORAR,AUTO_IGNORAR,
Jardins,1 DEP E 5 VGS,45,01410000,IGNORAR,AUTO_IGNORAR,
Lapa,TORRE D 2,45,05086010,IGNORAR,AUTO_IGNORAR,
Paraíso,STUDIO APENINOS,45,04104021,IGNORAR,AUTO_IGNORAR,
Pinheiros,COND IQUALI PEDROSO,45,05419000,IGNORAR,AUTO_IGNORAR,
Pinheiros,UMA VAGA NA GARAGE,45,05427000,IGNORAR,AUTO_IGNORAR,
Planalto Paulista,CONDOMINIO,45,04307000,IGNORAR,AUTO_IGNORAR,
Santa Cecília,ED HIGIENOPOLIS,45,01230001,IGNORAR,AUTO_IGNORAR,
Tatuapé,ED MAISON BORGHESE,45,03324002,IGNORAR,AUTO_IGNORAR,
Tatuapé,ED SAINT FRANCIS,45,03081010,IGNORAR,AUTO_IGNORAR,
Vila Gumercindo,BLOCO III,45,04132002,IGNORAR,AUTO_IGNORAR,
Vila Madalena,ED MADRIGAL,45,05445010,IGNORAR,AUTO_IGNORAR,
Vila Mariana,ED GRANDE CANYON,45,04118130,IGNORAR,AUTO_IGNORAR,
Vila Olímpia,ED OLIMPIA TO LIFE,45,04545090,IGNORAR,AUTO_IGNORAR,
Brooklin,1. SUBSOLO,44,04565001,IGNORAR,AUTO_IGNORAR,
Campo Belo,CONDOMINIO PACO DO SOL,44,04613003,IGNORAR,AUTO_IGNORAR,
Campo Belo,ED LA PROVENCE CAMPO,44,04610003,IGNORAR,AUTO_IGNORAR,
Consolação,BLOCO STUDIOS,44,01416000,IGNORAR,AUTO_IGNORAR,
Ibirapuera,COND ON THE PARK,44,05706290,IGNORAR,AUTO_IGNORAR,
Indianópolis,BLOCO B- UNIQUE,44,04513100,IGNORAR,AUTO_IGNORAR,
Indianópolis,ED MANSAO FLAMBOYANT,44,04515030,IGNORAR,AUTO_IGNORAR,
Ipiranga,DESCOBERTA BLOCO A,44,04256060,IGNORAR,AUTO_IGNORAR,
Ipiranga,RES MORADA BOM VIVER,44,04191000,IGNORAR,AUTO_IGNORAR,
Itaim Bibi,ED PROFISSOES,44,04536001,IGNORAR,AUTO_IGNORAR,
Jardim Paulista,ED ARTE E ARQUITETURA,44,01403001,IGNORAR,AUTO_IGNORAR,
Jardim Paulista,SUBSOLO 3,44,01418200,IGNORAR,AUTO_IGNORAR,
Jardim Paulista,ED IRAJA,44,01424005,IGNORAR,AUTO_IGNORAR,
Jardim Paulista,ED RESIDENCIAL PARAISO,44,01401000,IGNORAR,AUTO_IGNORAR,
Mirandópolis,BL B2,44,04042005,IGNORAR,AUTO_IGNORAR,
Mooca,ED GUAIANA,44,03195100,IGNORAR,AUTO_IGNORAR,
Perdizes,ED PACAEMBU OFFICES,44,05004000,IGNORAR,AUTO_IGNORAR,
Perdizes,ED PERDIZES OFF CENT,44,05014000,IGNORAR,AUTO_IGNORAR,
Perdizes,SS 1,44,05019000,IGNORAR,AUTO_IGNORAR,
Pinheiros,4 SUBSOLO,44,"05428000, 05425000, 05416000",IGNORAR,AUTO_IGNORAR,
Pinheiros,ED OFFICE PATHERNON,44,05404013,IGNORAR,AUTO_IGNORAR,
Planalto Paulista,TORRE B,44,04061003,IGNORAR,AUTO_IGNORAR,
Planalto Paulista,SUBSOLO 3,44,"02402500, 04061003",IGNORAR,AUTO_IGNORAR,
Pompéia,SUBSOLO,44,05027000,IGNORAR,AUTO_IGNORAR,
Tatuapé,ED VILLAGGIO,44,03314000,IGNORAR,AUTO_IGNORAR,
Vila Gumercindo,RES COLINAS DA SAUDE,44,04130050,IGNORAR,AUTO_IGNORAR,
Vila Madalena,ED AUTORIA MADALENA,44,05445030,IGNORAR,AUTO_IGNORAR,
Bosque da Saúde,2 SUBSOLO,43,"04142082, 04137080, 04145030",IGNORAR,AUTO_IGNORAR,
Brooklin,ED VILLAGIO FELICITA,43,04581901,IGNORAR,AUTO_IGNORAR,
Campo Belo,ED TERRACO HORTENSIAS,43,05684001,IGNORAR,AUTO_IGNORAR,
Consolação,BLOCO II,43,01301000,IGNORAR,AUTO_IGNORAR,
Indianópolis,BLOCO A- EXCLUSIVE,43,04513100,IGNORAR,AUTO_IGNORAR,
Indianópolis,2.SUB,43,04088900,IGNORAR,AUTO_IGNORAR,
Ipiranga,EDIFICIO TERRAZZI,43,04271060,IGNORAR,AUTO_IGNORAR,
Jardim Paulista,ED THE LOFT JARDINS,43,01425001,IGNORAR,AUTO_IGNORAR,
Jardim Paulista,SUB SOLO 1,43,01424001,IGNORAR,AUTO_IGNORAR,
Lapa,ED I - REGENTS PARK,43,05044050,IGNORAR,AUTO_IGNORAR,
Lapa,TORRE C 2,43,05086010,IGNORAR,AUTO_IGNORAR,
Moema,2 SUB-INDIANOPOLIS,43,04084902,IGNORAR,AUTO_IGNORAR,
Mooca,EDIFICIO COSTA RICA,43,03118001,IGNORAR,AUTO_IGNORAR,
Mooca,ED. VALENCIA,43,03346010,IGNORAR,AUTO_IGNORAR,
Perdizes,1 SUBSOLO,43,"05017000, 05011040, 05015000, 05016000",IGNORAR,AUTO_IGNORAR,
Pinheiros,SUBCOND COMERCIAL,43,"05427011, 05407001",IGNORAR,AUTO_IGNORAR,
Pinheiros,SETOR RESIDENCIAL,43,05415001,IGNORAR,AUTO_IGNORAR,
Pinheiros,EDIFICIO ADVANCED,43,05419000,IGNORAR,AUTO_IGNORAR,
Santa Cecília,CD. ED. NEW,43,01230000,IGNORAR,AUTO_IGNORAR,
Vila Nova Conceição,BLOCO B,43,"04509000, 04505001",IGNORAR,AUTO_IGNORAR,
Vila Olímpia,EDIFICIO FUNCHAL,43,04551060,IGNORAR,AUTO_IGNORAR,
Vila Olímpia,E VG,43,04546003,IGNORAR,AUTO_IGNORAR,
Brooklin,SUBSOLO 1,42,04562030,IGNORAR,AUTO_IGNORAR,
Campo Belo,TERREO,42,04632011,IGNORAR,AUTO_IGNORAR,
Consolação,ED ANGELICA TIME,42,01227200,IGNORAR,AUTO_IGNORAR,
Consolação,SS1,42,01307000,IGNORAR,AUTO_IGNORAR,
Ipiranga,ED PARQUE DO IPIRANGA,42,04279080,IGNORAR,AUTO_IGNORAR,
Ipiranga,BLOCO D,42,04253000,IGNORAR,AUTO_IGNORAR,
Jardim Paulista,ED JARDIM PAULISTA,42,"01420005, 01406000",IGNORAR,AUTO_IGNORAR,
Jardim Paulista,ED AYMARA,42,01422002,IGNORAR,AUTO_IGNORAR,
Jardim Paulista,ED COM ATLANTICO,42,01423010,IGNORAR,AUTO_IGNORAR,
Lapa,TORRE B 2,42,05086010,IGNORAR,AUTO_IGNORAR,
Lapa,BLOCO A  CONDOMINIO ED,42,05083030,IGNORAR,AUTO_IGNORAR,
Mirandópolis,2237 2239 2249,42,04045003,IGNORAR,AUTO_IGNORAR,
Moema,ED LA MAISON D'ESTAN,42,04084001,IGNORAR,AUTO_IGNORAR,
Perdizes,ED MONTE ALLEGRO,42,05014000,IGNORAR,AUTO_IGNORAR,
Perdizes,2 SUBSOLO,42,"05017000, 05011040, 05015000, 05016000",IGNORAR,AUTO_IGNORAR,
Pinheiros,ECO 336 OFFICES,42,05424000,IGNORAR,AUTO_IGNORAR,
Pinheiros,4 VGS / 1 DEP.,42,05429010,IGNORAR,AUTO_IGNORAR,
Tatuapé,VILLAS NOVA TATUAPE 1,42,03425060,IGNORAR,AUTO_IGNORAR,
Vila Gumercindo,E VAGA TORRE B,42,04131901,IGNORAR,AUTO_IGNORAR,
Vila Mariana,TORRE RESIDENCIAL,42,04116280,IGNORAR,AUTO_IGNORAR,
Vila da Saúde,ED MORADAS DO BOSQUE,42,04143030,IGNORAR,AUTO_IGNORAR,
Bosque da Saúde,EDIFICIO,41,04135000,IGNORAR,AUTO_IGNORAR,
Consolação,EDIFICIO ADELAIDE,41,01223001,IGNORAR,AUTO_IGNORAR,
Consolação,CD. ED.,41,01309020,IGNORAR,AUTO_IGNORAR,
Indianópolis,SUBSOLO,41,"04080005, 04089000",IGNORAR,AUTO_IGNORAR,
Itaim Bibi,EDIFICIO,41,"04530000, 04530051",IGNORAR,AUTO_IGNORAR,
Jardim Paulista,ED YALE,41,01403001,IGNORAR,AUTO_IGNORAR,
Lapa,RES UPSTYLE ALTO,41,05302031,IGNORAR,AUTO_IGNORAR,
Mirandópolis,BL B1,41,04042005,IGNORAR,AUTO_IGNORAR,
Mooca,ED SAINT R OFF CENTER,41,03113010,IGNORAR,AUTO_IGNORAR,
Pompéia,BLOCO 2,41,05027000,IGNORAR,AUTO_IGNORAR,
Tatuapé,PE,41,"03322901, 03316000, 03313010",IGNORAR,AUTO_IGNORAR,
Vila Gumercindo,E VAGA TORRE A,41,04131901,IGNORAR,AUTO_IGNORAR,
Vila Mariana,ED PHOENIX,41,04118130,IGNORAR,AUTO_IGNORAR,
Vila da Saúde,DUPLA BLOCO C,41,04144020,IGNORAR,AUTO_IGNORAR,
Alto da Boa Vista,ED STA RITA,40,04740900,IGNORAR,AUTO_IGNORAR,
Bela Vista,ED PIRAMIDES,40,01419101,IGNORAR,AUTO_IGNORAR,
Brooklin,ED TOCATTA,40,04710090,IGNORAR,AUTO_IGNORAR,
Campo Belo,ED QUNTAS DO CAMPO,40,04602906,IGNORAR,AUTO_IGNORAR,
Campo Belo,VCI 13 GIRASSOIS,40,05634001,IGNORAR,AUTO_IGNORAR,
Chácara Inglesa,EDIFICIO ACAPULCO I,40,04140080,IGNORAR,AUTO_IGNORAR,
Consolação,EDIFICIO VILLA RICA,40,01210010,IGNORAR,AUTO_IGNORAR,
Consolação,ED RAPHA,40,01301100,IGNORAR,AUTO_IGNORAR,
Ibirapuera,BL 1   VG,40,05706290,IGNORAR,AUTO_IGNORAR,
Indianópolis,RESENDE PASSOS 539,40,04524000,IGNORAR,AUTO_IGNORAR,
Ipiranga,IPIRANGA ED FRATELLI,40,04211000,IGNORAR,AUTO_IGNORAR,
Ipiranga,BLOCO C,40,"04253000, 04244000",IGNORAR,AUTO_IGNORAR,
Itaim Bibi,E 1DP,40,04542011,IGNORAR,AUTO_IGNORAR,
Itaim Bibi,BLOCO II,40,04535110,IGNORAR,AUTO_IGNORAR,
Jardim América,ED VILLA OFFICES,40,05410010,IGNORAR,AUTO_IGNORAR,
Jardim Paulista,EDIFICIO GARDENS OFFI,40,01423010,IGNORAR,AUTO_IGNORAR,
Lapa,ED MAURICIO DE CILLO,40,05047002,IGNORAR,AUTO_IGNORAR,
Lapa,COND  EDIFICIO SOLLO,40,05051030,IGNORAR,AUTO_IGNORAR,
Lapa,EDIFICIO MOSAIC,40,05468080,IGNORAR,AUTO_IGNORAR,
Mirandópolis,ED MARIA ISABEL,40,04055110,IGNORAR,AUTO_IGNORAR,
Paraíso,1 SS,40,"04102010, 04103030, 04003041, 04104060",IGNORAR,AUTO_IGNORAR,
Perdizes,COND PORTICO OFFICES,40,05015000,IGNORAR,AUTO_IGNORAR,
Perdizes,ED APINAGES,40,05010000,IGNORAR,AUTO_IGNORAR,
Perdizes,SUB 2 ED TERRACOS,40,05010000,IGNORAR,AUTO_IGNORAR,
Sumaré,3 VAGAS E 1 DEPOSITO,40,01257000,IGNORAR,AUTO_IGNORAR,
Tatuapé,DUPLEX,40,"03421000, 03065000, 03332020, 03311000, 03317001",IGNORAR,AUTO_IGNORAR,
Tatuapé,ED RES M ANALIA FRANCO,40,03355020,IGNORAR,AUTO_IGNORAR,
Tatuapé,EDIFICIO SPINELLI,40,03432000,IGNORAR,AUTO_IGNORAR,
Vila Madalena,EDIFICIO FIDALGA,40,05440000,IGNORAR,AUTO_IGNORAR,
Vila Madalena,SUBSOLO,40,05434020,IGNORAR,AUTO_IGNORAR,
Vila Madalena,SETOR E SIDE - BLOCO B,40,05435060,IGNORAR,AUTO_IGNORAR,
Vila Olímpia,1 SS,40,"04552050, 04545010, 04547002, 04551060",IGNORAR,AUTO_IGNORAR,
Vila Olímpia,ED LOFT OFFICE,40,04551010,IGNORAR,AUTO_IGNORAR,
Bosque da Saúde,1 SUBSOLO,39,"04142082, 04137080",IGNORAR,AUTO_IGNORAR,
Indianópolis,SETOR 2,39,04511011,IGNORAR,AUTO_IGNORAR,
Indianópolis,BLOCO 2,39,04093901,IGNORAR,AUTO_IGNORAR,
Jardim América,BLOCO A - ED. OSCAR,39,05410030,IGNORAR,AUTO_IGNORAR,
Jardim Paulista,1 SUB SOLO,39,01423001,IGNORAR,AUTO_IGNORAR,
Lapa,TORRE B 1,39,05086010,IGNORAR,AUTO_IGNORAR,
Mirandópolis,E  N   492,39,04046000,IGNORAR,AUTO_IGNORAR,
Perdizes,ED MILANO-ANTIGO 1.700,39,05001903,IGNORAR,AUTO_IGNORAR,
Pompéia,EDIFICIO ATLANTIC,39,05025000,IGNORAR,AUTO_IGNORAR,
Santa Cecília,"R. LAVRADIO, 34",39,01150000,IGNORAR,AUTO_IGNORAR,
Tatuapé,ED CESAR ISAAC,39,03318900,IGNORAR,AUTO_IGNORAR,
Tatuapé,BLOCO B 1,39,03311000,IGNORAR,AUTO_IGNORAR,
Tatuapé,COND ED JOSEPHINE,39,03337090,IGNORAR,AUTO_IGNORAR,
Vila Madalena,SETOR E SIDE - BLOCO A,39,05435060,IGNORAR,AUTO_IGNORAR,
Vila Mariana,2 SUB SOLO,39,04015002,IGNORAR,AUTO_IGNORAR,
Vila Mariana,RESIDENCIAL TRIO,39,04107001,IGNORAR,AUTO_IGNORAR,
Vila da Saúde,CD TAG SPACE,39,04143030,IGNORAR,AUTO_IGNORAR,
Bela Vista,2 SS,38,"01331020, 01332000, 01313000, 01330901",IGNORAR,AUTO_IGNORAR,
Bela Vista,ED P CULTURAL PAULISTA,38,01311902,IGNORAR,AUTO_IGNORAR,
Bosque da Saúde,EDIFICIO DELUS,38,04149130,IGNORAR,AUTO_IGNORAR,
Brooklin,ED C B TRADE CENTER,38,04620901,IGNORAR,AUTO_IGNORAR,
Indianópolis,ED MOEMA DUPLEX LIFE,38,04524001,IGNORAR,AUTO_IGNORAR,
Indianópolis,E IBIRAPUERA OFFICE,38,04082000,IGNORAR,AUTO_IGNORAR,
Ipiranga,1 SUB SOLO,38,04210061,IGNORAR,AUTO_IGNORAR,
Ipiranga,1 SS,38,04288080,IGNORAR,AUTO_IGNORAR,
Ipiranga,RES MOR BOM VIVER SAUD,38,04191000,IGNORAR,AUTO_IGNORAR,
Jardim Paulista,ED JARDIM EUROPA,38,01420005,IGNORAR,AUTO_IGNORAR,
Jardim Paulista,EDIF FERRAZ DO AMARAL,38,01401000,IGNORAR,AUTO_IGNORAR,
Lapa,SUBSOLO,38,"05077130, 05056020, 05051030, 05083110",IGNORAR,AUTO_IGNORAR,
Lapa,E 4 VGS,38,"05468150, 05452070",IGNORAR,AUTO_IGNORAR,
Mirandópolis,EDIFICIO,38,04045004,IGNORAR,AUTO_IGNORAR,
Mooca,2 SUBSOLO,38,"03165001, 03182040",IGNORAR,AUTO_IGNORAR,
Paraíso,SUBCOND RESID TORRE 1,38,04003042,IGNORAR,AUTO_IGNORAR,
Paraíso,ED LIVE IBIRAPUERA,38,04001120,IGNORAR,AUTO_IGNORAR,
Paraíso,COND  ONIX IBIRAPUERA,38,04005003,IGNORAR,AUTO_IGNORAR,
Perdizes,TORRE BOTANICA,38,05021001,IGNORAR,AUTO_IGNORAR,
Perdizes,TORRE LUMEN,38,05021001,IGNORAR,AUTO_IGNORAR,
Perdizes,CONDOMINIO ED VILLAGIO,38,05006000,IGNORAR,AUTO_IGNORAR,
Perdizes,BLOCO 2,38,"05001100, 05016090",IGNORAR,AUTO_IGNORAR,
Pinheiros,COND MOURATO 473,38,05417011,IGNORAR,AUTO_IGNORAR,
Pompéia,ED PIAZZA VENEZA,38,05025010,IGNORAR,AUTO_IGNORAR,
Tatuapé,COND MARQUES DE BRAGAN,38,"03318000, 03313000",IGNORAR,AUTO_IGNORAR,
Vila Madalena,VL MADALENA- ED CENTRO,38,05433000,IGNORAR,AUTO_IGNORAR,
Vila Olímpia,EDIFICIO SKY CORPORATE,38,04547905,IGNORAR,AUTO_IGNORAR,
Bela Vista,3 SS,37,"01331020, 01332000, 01329900",IGNORAR,AUTO_IGNORAR,
Brooklin,TORRE 7,37,04707000,IGNORAR,AUTO_IGNORAR,
Cambuci,ED STA RITA DE CASSIA,37,01535000,IGNORAR,AUTO_IGNORAR,
Consolação,E 01 VAGA INDET,37,01223011,IGNORAR,AUTO_IGNORAR,
Indianópolis,EDIFICIO INHAMBU,37,04521000,IGNORAR,AUTO_IGNORAR,
Indianópolis,E 2 VAGAS,37,"04524001, 04523917",IGNORAR,AUTO_IGNORAR,
Indianópolis,BLOCO 1,37,04093901,IGNORAR,AUTO_IGNORAR,
Ipiranga,2 SUB SOLO,37,04210061,IGNORAR,AUTO_IGNORAR,
Lapa,EDIF PIAZZA NAVONA,37,05088050,IGNORAR,AUTO_IGNORAR,
Lapa,TORRE JARAGUA,37,05075060,IGNORAR,AUTO_IGNORAR,
Moema,E 1 DEP COND EDIF,37,04514041,IGNORAR,AUTO_IGNORAR,
Paraíso,2 SUB SOLO,37,"04001000, 04006052",IGNORAR,AUTO_IGNORAR,
Paraíso,ED GATTAS,37,04003010,IGNORAR,AUTO_IGNORAR,
Paraíso,ED THE PARK,37,04006003,IGNORAR,AUTO_IGNORAR,
Perdizes,ED TORINO-ANTIGO 1.700,37,05001903,IGNORAR,AUTO_IGNORAR,
Perdizes,BLOCO 1,37,05001100,IGNORAR,AUTO_IGNORAR,
Pinheiros,COND NACOES UNIDAS,37,05425000,IGNORAR,AUTO_IGNORAR,
Planalto Paulista,ED AMERICA,37,02402400,IGNORAR,AUTO_IGNORAR,
Planalto Paulista,ED EUROPA,37,02402400,IGNORAR,AUTO_IGNORAR,
Pompéia,ED MYCENE,37,05025001,IGNORAR,AUTO_IGNORAR,
Vila Mariana,O,37,"04020001, 01532001, 01503001, 04019070",IGNORAR,AUTO_IGNORAR,
Vila Nova Conceição,ED.V.CONDOTTI E VENETO,37,04510040,IGNORAR,AUTO_IGNORAR,
Vila da Saúde,EDIFICIO SIENA,37,04143010,IGNORAR,AUTO_IGNORAR,
Brooklin,ED SOLAR CALIFORNIA,36,04563011,IGNORAR,AUTO_IGNORAR,
Consolação,COND,36,01243020,IGNORAR,AUTO_IGNORAR,
Consolação,ED,36,01416000,IGNORAR,AUTO_IGNORAR,
Indianópolis,EDIFICIO CANARIO,36,04521000,IGNORAR,AUTO_IGNORAR,
Indianópolis,E 1 ARM,36,04086001,IGNORAR,AUTO_IGNORAR,
Ipiranga,2 SS,36,"04288080, 04253050",IGNORAR,AUTO_IGNORAR,
Itaim Bibi,E,36,"04532920, 04533906, 04531011, 04532900",IGNORAR,AUTO_IGNORAR,
Itaim Bibi,1DEP 4V ED POLINESIA,36,04705070,IGNORAR,AUTO_IGNORAR,
Jardim América,ED. PAOLLO VERONESE,36,05410001,IGNORAR,AUTO_IGNORAR,
Jardim América,E 2 VGS 1 DEPOSITO,36,01417020,IGNORAR,AUTO_IGNORAR,
Jardim Paulista,ED JARDIM AMERICA,36,01420005,IGNORAR,AUTO_IGNORAR,
Jardim Paulista,3 SS,36,01409000,IGNORAR,AUTO_IGNORAR,
Lapa,BL C 1 DEP,36,05303000,IGNORAR,AUTO_IGNORAR,
Mirandópolis,ED ANTONIO STRADIVARI,36,04043200,IGNORAR,AUTO_IGNORAR,
Paraíso,ED STUDIO COSTA ESMER,36,01531010,IGNORAR,AUTO_IGNORAR,
Perdizes,ED ANTIGUA,36,05017040,IGNORAR,AUTO_IGNORAR,
Perdizes,Z,36,01252900,IGNORAR,AUTO_IGNORAR,
Pinheiros,TORRE A - ED. ANTONIO,36,05416000,IGNORAR,AUTO_IGNORAR,
Pinheiros,TORRE B - ED. ANTONIO,36,05416000,IGNORAR,AUTO_IGNORAR,
Pinheiros,SS3,36,"05425905, 04538001",IGNORAR,AUTO_IGNORAR,
Planalto Paulista,SUBSOLO 1,36,"02402500, 04061003",IGNORAR,AUTO_IGNORAR,
Santa Cecília,EDIFICIO GUAREMA,36,01230000,IGNORAR,AUTO_IGNORAR,
Tatuapé,CD PORTO SEGURO BL A,36,03376000,IGNORAR,AUTO_IGNORAR,
Vila Madalena,EDIF PANORAMIC ALTO DE,36,05445050,IGNORAR,AUTO_IGNORAR,
Vila Mariana,E UMA VAGA NA GARAGE,36,04013060,IGNORAR,AUTO_IGNORAR,
Vila Mariana,TORRE C,36,04020000,IGNORAR,AUTO_IGNORAR,
Bela Vista,AN,35,01329900,IGNORAR,AUTO_IGNORAR,
Higienópolis,EDIFICIO CALIFORNIA,35,01238010,IGNORAR,AUTO_IGNORAR,
Ipiranga,529 E 539,35,04282000,IGNORAR,AUTO_IGNORAR,
Ipiranga,3 SS,35,04288080,IGNORAR,AUTO_IGNORAR,
Ipiranga,TERREO,35,"04296090, 04244000",IGNORAR,AUTO_IGNORAR,
Itaim Bibi,ED J FLORIANO 100,35,04534000,IGNORAR,AUTO_IGNORAR,
Jardim América,BLOCO B - ED. OSCAR,35,05410030,IGNORAR,AUTO_IGNORAR,
Jardim Paulista,2. SS - JD. AMERICA,35,01425001,IGNORAR,AUTO_IGNORAR,
Jardim Paulista,ED MELIA,35,01404003,IGNORAR,AUTO_IGNORAR,
Paraíso,E 1 DEP,35,"04002020, 04006010",IGNORAR,AUTO_IGNORAR,
Perdizes,ED TRIANON,35,05015040,IGNORAR,AUTO_IGNORAR,
Perdizes,ED PERD OFF CENTER,35,05008001,IGNORAR,AUTO_IGNORAR,
Perdizes,E 1 DP,35,05016000,IGNORAR,AUTO_IGNORAR,
Perdizes,ED WEST PAL PERDIZES,35,05019000,IGNORAR,AUTO_IGNORAR,
Perdizes,E 1 DEP/DUCATO DI ASTI,35,05018010,IGNORAR,AUTO_IGNORAR,
Perdizes,E1 DEP/DUCATO DI PARMA,35,05018010,IGNORAR,AUTO_IGNORAR,
Pinheiros,BLOCO I ED VIVALDI,35,05416000,IGNORAR,AUTO_IGNORAR,
Pinheiros,ED MANOEL T HIDAL,35,05423030,IGNORAR,AUTO_IGNORAR,
Sumaré,E 2 VGS,35,01257020,IGNORAR,AUTO_IGNORAR,
Tatuapé,BL G,35,03312052,IGNORAR,AUTO_IGNORAR,
Vila Mariana,E BOX SUBSOLO,35,04014012,IGNORAR,AUTO_IGNORAR,
Vila Mariana,TORRE 2 - BLOCO B,35,04111001,IGNORAR,AUTO_IGNORAR,
Alto da Boa Vista,ED GENEVE,34,04738000,IGNORAR,AUTO_IGNORAR,
Bela Vista,SS 1,34,01306010,IGNORAR,AUTO_IGNORAR,
Brooklin,2 VG,34,05690080,IGNORAR,AUTO_IGNORAR,
Ipiranga,RES S J CLIMACO,34,04240900,IGNORAR,AUTO_IGNORAR,
Itaim Bibi,COND ED JK 180,34,04543000,IGNORAR,AUTO_IGNORAR,
Itaim Bibi,ED CABO VERDE,34,04537070,IGNORAR,AUTO_IGNORAR,
Jardim América,2. SUBSOLO,34,05414020,IGNORAR,AUTO_IGNORAR,
Jardim Paulista,ED SOMETHING SPECIAL,34,01404200,IGNORAR,AUTO_IGNORAR,
Lapa,RESIDENCIAL LUMINA,34,05302041,IGNORAR,AUTO_IGNORAR,
Mirandópolis,686 700 706,34,04042003,IGNORAR,AUTO_IGNORAR,
Mooca,TORRE D,34,03123020,IGNORAR,AUTO_IGNORAR,
Mooca,SIMPLES 2 SUBSOLO,34,03124050,IGNORAR,AUTO_IGNORAR,
Perdizes,ED HERBOR SUR LA CITE,34,01259010,IGNORAR,AUTO_IGNORAR,
Perdizes,ED NELSON TOWER,34,05017020,IGNORAR,AUTO_IGNORAR,
Perdizes,SUBSOLO 3,34,"05017000, 05010040",IGNORAR,AUTO_IGNORAR,
Pinheiros,BLOCO II ED PAGANINI,34,05416000,IGNORAR,AUTO_IGNORAR,
Tatuapé,ED TORRE DI NAPOLE,34,03321001,IGNORAR,AUTO_IGNORAR,
Vila Mariana,EDIFICIO AMERICA,34,04015050,IGNORAR,AUTO_IGNORAR,
Vila Mariana,E VAGA,34,"04127000, 04112070, 04015002",IGNORAR,AUTO_IGNORAR,
Vila Mariana,CONDOMINIO RESIDENCIAL,34,04116090,IGNORAR,AUTO_IGNORAR,
Vila Olímpia,1 SUBSOLO V OLIMPIA,34,04552907,IGNORAR,AUTO_IGNORAR,
Alto da Boa Vista,ED ZURICH,33,04738000,IGNORAR,AUTO_IGNORAR,
Alto da Boa Vista,ED LUGANO,33,04738000,IGNORAR,AUTO_IGNORAR,
Alto da Boa Vista,CH FLORA VL RES,33,04738001,IGNORAR,AUTO_IGNORAR,
Bela Vista,1 SS,33,"01331020, 01332000, 01311913",IGNORAR,AUTO_IGNORAR,
Bela Vista,1  SS,33,01333011,IGNORAR,AUTO_IGNORAR,
Brooklin,AZALEIA BL A,33,04710001,IGNORAR,AUTO_IGNORAR,
Brooklin,SUBSOLO,33,"04560905, 04703004",IGNORAR,AUTO_IGNORAR,
Brooklin,TORRE B ECO BERRINI,33,04571936,IGNORAR,AUTO_IGNORAR,
Cambuci,ED MAISON MADELEINE,33,01539010,IGNORAR,AUTO_IGNORAR,
Chácara Inglesa,1 SS - SAUDE,33,04140000,IGNORAR,AUTO_IGNORAR,
Consolação,PAV TERREO,33,01220010,IGNORAR,AUTO_IGNORAR,
Indianópolis,DUPLEX,33,"04517000, 04517050, 04075902, 04513031, 04521020",IGNORAR,AUTO_IGNORAR,
Ipiranga,EDIF CH DU BELLVER,33,04152101,IGNORAR,AUTO_IGNORAR,
Ipiranga,EDIFICIO CENTAURO,33,04256390,IGNORAR,AUTO_IGNORAR,
Jardim América,E VG IND SUBSOLO,33,05414001,IGNORAR,AUTO_IGNORAR,
Jardim Paulistano,EDIFICIO SAN PAOLO,33,01452001,IGNORAR,AUTO_IGNORAR,
Lapa,ED. NEO,33,05054060,IGNORAR,AUTO_IGNORAR,
Lapa,ED. ART,33,05054060,IGNORAR,AUTO_IGNORAR,
Lapa,ED.  PRIME,33,05054060,IGNORAR,AUTO_IGNORAR,
Lapa,ED.  JAZZ,33,05054060,IGNORAR,AUTO_IGNORAR,
Mirandópolis,ED TOPAZIO IMPERIAL,33,04052020,IGNORAR,AUTO_IGNORAR,
Mooca,BLOCO 4,33,03168005,IGNORAR,AUTO_IGNORAR,
Mooca,BLOCO 5,33,03168005,IGNORAR,AUTO_IGNORAR,
Perdizes,E 2 VAGAS -PERDIZES,33,05020000,IGNORAR,AUTO_IGNORAR,
Perdizes,M BLOCO A COND COM,33,05001200,IGNORAR,AUTO_IGNORAR,
Perdizes,SETOR NAO RESIDENCIAL,33,05024030,IGNORAR,AUTO_IGNORAR,
Perdizes,R CEL M OLIVEIRA 321,33,05021010,IGNORAR,AUTO_IGNORAR,
Pinheiros,EDIFICIO UP TOWN,33,05415050,IGNORAR,AUTO_IGNORAR,
Pinheiros,ED FARIA LIMA F CENTER,33,04538132,IGNORAR,AUTO_IGNORAR,
Santa Cecília,ED IRAUNA,33,01229010,IGNORAR,AUTO_IGNORAR,
Tatuapé,E1 DEP,33,03337075,IGNORAR,AUTO_IGNORAR,
Tatuapé,561 FDOS,33,03426000,IGNORAR,AUTO_IGNORAR,
Vila Madalena,COND ED GIRASSOL 34,33,05433000,IGNORAR,AUTO_IGNORAR,
Vila Madalena,DUPLEX VILA MADALENA,33,05440000,IGNORAR,AUTO_IGNORAR,
Vila Mariana,1 SUB SOLO,33,04015002,IGNORAR,AUTO_IGNORAR,
Vila Mariana,3 SUB SOLO,33,04015002,IGNORAR,AUTO_IGNORAR,
Vila Olímpia,2 SUBSOLO V OLIMPIA,33,04552907,IGNORAR,AUTO_IGNORAR,
Bela Vista,ED SILVINHA,32,01322020,IGNORAR,AUTO_IGNORAR,
Bosque da Saúde,ED. ARAUCARIA,32,04136111,IGNORAR,AUTO_IGNORAR,
Brooklin,ED AMALFI - BLOCO A,32,04635010,IGNORAR,AUTO_IGNORAR,
Brooklin,1  SUBSOLO,32,04635010,IGNORAR,AUTO_IGNORAR,
Brooklin,2  SUBSOLO,32,04635010,IGNORAR,AUTO_IGNORAR,
Brooklin,ED RAVELLO - BLOCO B,32,04635010,IGNORAR,AUTO_IGNORAR,
Cambuci,N 48,32,01527000,IGNORAR,AUTO_IGNORAR,
Consolação,LA,32,01416906,IGNORAR,AUTO_IGNORAR,
Consolação,ED LOFT SAO PAULO II,32,01414003,IGNORAR,AUTO_IGNORAR,
Consolação,ED AUGUSTA JARDINS,32,01412100,IGNORAR,AUTO_IGNORAR,
Higienópolis,BL II,32,01228000,IGNORAR,AUTO_IGNORAR,
Itaim Bibi,BLOCO I,32,"04535110, 04536901",IGNORAR,AUTO_IGNORAR,
Itaim Bibi,ED RENATO PAES DE,32,04530001,IGNORAR,AUTO_IGNORAR,
Lapa,BLOCO A - EDIF NANUQUE,32,05302031,IGNORAR,AUTO_IGNORAR,
Lapa,BLOCO B -EDIF L.MULLER,32,05302031,IGNORAR,AUTO_IGNORAR,
Lapa,CONDOMINIO BONJOUR,32,05468020,IGNORAR,AUTO_IGNORAR,
Lapa,BL B 1DEP,32,05303000,IGNORAR,AUTO_IGNORAR,
Lapa,BL C 1DEP,32,05303000,IGNORAR,AUTO_IGNORAR,
Lapa,ED PINTASSILGO,32,05038902,IGNORAR,AUTO_IGNORAR,
Lapa,ED PINHEIRO,32,05038902,IGNORAR,AUTO_IGNORAR,
Mirandópolis,BLOCO A,32,"04055041, 04046400, 04047003",IGNORAR,AUTO_IGNORAR,
Mirandópolis,SETOR STUDIO,32,04046300,IGNORAR,AUTO_IGNORAR,
Mooca,BL A,32,03113010,IGNORAR,AUTO_IGNORAR,
Paraíso,2 SS,32,"04102010, 04003041, 04104060, 04103030",IGNORAR,AUTO_IGNORAR,
Paraíso,ED TUTOIA 224,32,04007000,IGNORAR,AUTO_IGNORAR,
Perdizes,TORRE ANIMA,32,05021001,IGNORAR,AUTO_IGNORAR,
Perdizes,TORRE A - HAVAI,32,01259000,IGNORAR,AUTO_IGNORAR,
Perdizes,TORRE B - APINAJES,32,01259000,IGNORAR,AUTO_IGNORAR,
Perdizes,CD ED CASTEL DI GENOVA,32,05016000,IGNORAR,AUTO_IGNORAR,
Perdizes,EDIFICIO LIEU,32,05014002,IGNORAR,AUTO_IGNORAR,
Tatuapé,EDIFICIO 10,32,03063000,IGNORAR,AUTO_IGNORAR,
Vila Mariana,E 1 DP,32,04105001,IGNORAR,AUTO_IGNORAR,
Vila Mariana,ED ELEAZAR DE CARVALHO,32,04120090,IGNORAR,AUTO_IGNORAR,
Vila Mariana,ED 1,32,04120110,IGNORAR,AUTO_IGNORAR,
Vila Nova Conceição,BLOCO A,32,"04509000, 04505001",IGNORAR,AUTO_IGNORAR,
Bela Vista,SUBSOLO,31,"01333001, 01313904, 01308020",IGNORAR,AUTO_IGNORAR,
Bela Vista,BLOCO AVIZ,31,01318905,IGNORAR,AUTO_IGNORAR,
Brooklin,ED MAGNOLIA GREENS,31,04560021,IGNORAR,AUTO_IGNORAR,
Cambuci,TORRE 4,31,01552001,IGNORAR,AUTO_IGNORAR,
Campo Belo,CAMPO BELO - SUBSOLO A,31,04616905,IGNORAR,AUTO_IGNORAR,
Consolação,CON ED ELYSEE PLAZA,31,01303050,IGNORAR,AUTO_IGNORAR,
Indianópolis,1 SS INDIANOPOLIS,31,04516000,IGNORAR,AUTO_IGNORAR,
Ipiranga,ED PALAIS PIERRE,31,04214900,IGNORAR,AUTO_IGNORAR,
Jardim América,COM UMA VAGA NA GARAGE,31,"05409011, 05409010",IGNORAR,AUTO_IGNORAR,
Jardim América,EDIF AGADIR,31,01455110,IGNORAR,AUTO_IGNORAR,
Lapa,M,31,"05043020, 05045050",IGNORAR,AUTO_IGNORAR,
Lapa,E N 470,31,"05302904, 05302031",IGNORAR,AUTO_IGNORAR,
Lapa,EDIFICIO B,31,05468020,IGNORAR,AUTO_IGNORAR,
Lapa,ED ARAPONGA,31,05038902,IGNORAR,AUTO_IGNORAR,
Lapa,ED. CANARIO,31,05038902,IGNORAR,AUTO_IGNORAR,
Lapa,ED PIXOXO,31,05038902,IGNORAR,AUTO_IGNORAR,
Lapa,ED AROEIRA,31,05038902,IGNORAR,AUTO_IGNORAR,
Lapa,ED JATOBA,31,05038902,IGNORAR,AUTO_IGNORAR,
Lapa,ED JEQUITIBA,31,05038902,IGNORAR,AUTO_IGNORAR,
Lapa,ED MARFIM,31,05038902,IGNORAR,AUTO_IGNORAR,
Lapa,ED TAIUVA,31,05038902,IGNORAR,AUTO_IGNORAR,
Lapa,ED CEDRO,31,"05038902, 05038040",IGNORAR,AUTO_IGNORAR,
Mirandópolis,CD ED AMETISTA,31,04054001,IGNORAR,AUTO_IGNORAR,
Mooca,TIPO D 1 SS,31,03118040,IGNORAR,AUTO_IGNORAR,
Perdizes,EDIFICIO SOLANI,31,01258011,IGNORAR,AUTO_IGNORAR,
Perdizes,ED EURIDICE,31,05018011,IGNORAR,AUTO_IGNORAR,
Perdizes,E 2 VAGAS - PERDIZES,31,05020000,IGNORAR,AUTO_IGNORAR,
Perdizes,ED TERRACOS,31,05010000,IGNORAR,AUTO_IGNORAR,
Perdizes,E 1DP,31,05024000,IGNORAR,AUTO_IGNORAR,
Pinheiros,ED. GAUDI,31,05416011,IGNORAR,AUTO_IGNORAR,
Pinheiros,ED. MIRO,31,05416011,IGNORAR,AUTO_IGNORAR,
Santa Cecília,EDIFICIO SUCRE,31,"01231011, 01232001",IGNORAR,AUTO_IGNORAR,
Tatuapé,A,31,"03318020, 03471000, 03471130, 03910030, 03911015",IGNORAR,AUTO_IGNORAR,
Tatuapé,BL 9,31,03063000,IGNORAR,AUTO_IGNORAR,
Tatuapé,1 VAGA EDIFICIO IPE,31,03454030,IGNORAR,AUTO_IGNORAR,
Vila Firmiano Pinto,BLOCO 1,31,04272300,IGNORAR,AUTO_IGNORAR,
Vila Mariana,ENT RODRIGO VIEIRA 75,31,04117170,IGNORAR,AUTO_IGNORAR,
Alto da Boa Vista,BLOCO B,30,"04750060, 04741010",IGNORAR,AUTO_IGNORAR,
Alto da Boa Vista,CONDOMINIO,30,"04737000, 04748000, 04738010",IGNORAR,AUTO_IGNORAR,
Bosque da Saúde,E 1 DEP,30,"04149100, 04136031",IGNORAR,AUTO_IGNORAR,
Brooklin,ED PREMIUM NEBRASKA,30,04560011,IGNORAR,AUTO_IGNORAR,
Cambuci,1 SUBSOLO,30,"01549020, 01539010, 01526020, 01550000",IGNORAR,AUTO_IGNORAR,
Cambuci,ED KAREN RESIDENCE,30,01543001,IGNORAR,AUTO_IGNORAR,
Chácara Inglesa,2 SS - SAUDE,30,04140000,IGNORAR,AUTO_IGNORAR,
Chácara Santo Antônio,3 SS,30,"04717003, 04716002",IGNORAR,AUTO_IGNORAR,
Consolação,E 2 VAGAS CERQ CESAR,30,01416002,IGNORAR,AUTO_IGNORAR,
Consolação,T,30,01416906,IGNORAR,AUTO_IGNORAR,
Indianópolis,2 SS INDIANOPOLIS,30,04516000,IGNORAR,AUTO_IGNORAR,
Indianópolis,GARAGEM COLETIVA 1,30,04521002,IGNORAR,AUTO_IGNORAR,
Indianópolis,1 SS,30,"04090013, 04523014",IGNORAR,AUTO_IGNORAR,
Ipiranga,O,30,"04177460, 04177480, 04204905, 04283020, 04124170",IGNORAR,AUTO_IGNORAR,
Ipiranga,ED SAN REMO,30,04206001,IGNORAR,AUTO_IGNORAR,
Ipiranga,RESID 2,30,04262300,IGNORAR,AUTO_IGNORAR,
Ipiranga,EDIFICIO PERSEU,30,04256390,IGNORAR,AUTO_IGNORAR,
Itaim Bibi,ED JK FINANCIAL CENTER,30,04543906,IGNORAR,AUTO_IGNORAR,
Itaim Bibi,TORRE SUL,30,04543907,IGNORAR,AUTO_IGNORAR,
Jardim América,PRIMEIRO SUBSOLO,30,05410000,IGNORAR,AUTO_IGNORAR,
Jardim América,1. SUBSOLO,30,05414020,IGNORAR,AUTO_IGNORAR,
Jardim Paulista,2 SUB SOLO,30,01423001,IGNORAR,AUTO_IGNORAR,
Jardim Paulista,SUB SOLO 2,30,01424001,IGNORAR,AUTO_IGNORAR,
Lapa,CONDOMINIO QUALITY,30,05047010,IGNORAR,AUTO_IGNORAR,
Lapa,EDIFICIO A,30,05468020,IGNORAR,AUTO_IGNORAR,
Lapa,ED. ORQUIDEA,30,05038902,IGNORAR,AUTO_IGNORAR,
Lapa,ED JASMIM,30,05038902,IGNORAR,AUTO_IGNORAR,
Lapa,ED. SABIA,30,05038902,IGNORAR,AUTO_IGNORAR,
Lapa,ED. BEM-TE-VI,30,05038902,IGNORAR,AUTO_IGNORAR,
Lapa,ED BURITI,30,05038902,IGNORAR,AUTO_IGNORAR,
Lapa,ED JACARANDA,30,05038902,IGNORAR,AUTO_IGNORAR,
Lapa,ED. PAINEIRA,30,05038902,IGNORAR,AUTO_IGNORAR,
Perdizes,E 1 DEPOSITO,30,05005000,IGNORAR,AUTO_IGNORAR,
Perdizes,224   226,30,05016000,IGNORAR,AUTO_IGNORAR,
Perdizes,EDIF. DOMUS FLAMINIA,30,"05003040, 05003020",IGNORAR,AUTO_IGNORAR,
Pinheiros,BL 3 ED FORTUNATO,30,05404000,IGNORAR,AUTO_IGNORAR,
Pinheiros,E 1 DEPOSITO,30,05432000,IGNORAR,AUTO_IGNORAR,
Sumaré,ED,30,01257030,IGNORAR,AUTO_IGNORAR,
Tatuapé,COND FIRST HOME,30,03314000,IGNORAR,AUTO_IGNORAR,
Tatuapé,ED MAISON LUXEMBURGO,30,03337010,IGNORAR,AUTO_IGNORAR,
Tatuapé,BLOCO 11,30,03063000,IGNORAR,AUTO_IGNORAR,
Tatuapé,ED IGARATA,30,03084030,IGNORAR,AUTO_IGNORAR,
Tatuapé,1 VAGA EDIFICIO CEDRO,30,03454030,IGNORAR,AUTO_IGNORAR,
Tatuapé,CD PORTO SEGURO BL B,30,03376000,IGNORAR,AUTO_IGNORAR,
Vila Mariana,NUM 388 E 392 EDIFICIO,30,04010000,IGNORAR,AUTO_IGNORAR,
Vila Mariana,SS1,30,04015011,IGNORAR,AUTO_IGNORAR,
Vila Mariana,3 VG,30,04044020,IGNORAR,AUTO_IGNORAR,
Bela Vista,LO,29,"01306000, 01329010",IGNORAR,AUTO_IGNORAR,
Bela Vista,E N 260  BELA VISTA,29,01332000,IGNORAR,AUTO_IGNORAR,
Bosque da Saúde,ED CASTEL GANDOLFO,29,04149130,IGNORAR,AUTO_IGNORAR,
Bosque da Saúde,CONDOMINIO,29,04142020,IGNORAR,AUTO_IGNORAR,
Brooklin,E 3 VAGAS,29,04562000,IGNORAR,AUTO_IGNORAR,
Brooklin,1 SS,29,04562031,IGNORAR,AUTO_IGNORAR,
Brooklin,EDIFICIO RONALDO,29,04571070,IGNORAR,AUTO_IGNORAR,
Cambuci,E DEPOSITO,29,01535020,IGNORAR,AUTO_IGNORAR,
Campo Belo,ED TER DE CAMPO BELO,29,04625060,IGNORAR,AUTO_IGNORAR,
Chácara Inglesa,2 S/S,29,04140110,IGNORAR,AUTO_IGNORAR,
Consolação,PAV 1,29,01220010,IGNORAR,AUTO_IGNORAR,
Consolação,62 E 64,29,01222010,IGNORAR,AUTO_IGNORAR,
Consolação,ED RIO BRANCO,29,01209001,IGNORAR,AUTO_IGNORAR,
Consolação,SS2,29,01307000,IGNORAR,AUTO_IGNORAR,
Consolação,SS3,29,01307000,IGNORAR,AUTO_IGNORAR,
Consolação,1 ARMARIO,29,01416000,IGNORAR,AUTO_IGNORAR,
Higienópolis,B,29,"01238902, 01239903",IGNORAR,AUTO_IGNORAR,
Higienópolis,E VG,29,01239011,IGNORAR,AUTO_IGNORAR,
Ibirapuera,EDIFICIO A,29,05625060,IGNORAR,AUTO_IGNORAR,
Indianópolis,E 1 DEPOSITO,29,"04521003, 04088000",IGNORAR,AUTO_IGNORAR,
Ipiranga,EDIFICIO ORION,29,04256390,IGNORAR,AUTO_IGNORAR,
Ipiranga,ED CONQUISTA,29,04191270,IGNORAR,AUTO_IGNORAR,
Ipiranga,ED SUCESSO,29,04191270,IGNORAR,AUTO_IGNORAR,
Ipiranga,ED TRIUNFO,29,04191270,IGNORAR,AUTO_IGNORAR,
Ipiranga,ED EXITO,29,04191270,IGNORAR,AUTO_IGNORAR,
Itaim Bibi,3VG BL A ED JUBILEE,29,04542030,IGNORAR,AUTO_IGNORAR,
Itaim Bibi,TORRE NORTE,29,04543907,IGNORAR,AUTO_IGNORAR,
Jardim Paulista,SETOR RESIDENCIAL,29,01403001,IGNORAR,AUTO_IGNORAR,
Jardim Paulista,1. SS-JD. AMERICA,29,01425001,IGNORAR,AUTO_IGNORAR,
Jardins,2 SUBSOLO,29,01413000,IGNORAR,AUTO_IGNORAR,
Lapa,3 SS,29,05047001,IGNORAR,AUTO_IGNORAR,
Lapa,SUBSOLO  1,29,05056020,IGNORAR,AUTO_IGNORAR,
Lapa,E N 470 2 SUB,29,05302904,IGNORAR,AUTO_IGNORAR,
Lapa,ED. CRAVO,29,05038902,IGNORAR,AUTO_IGNORAR,
Lapa,ED. PASSARIUVA,29,05038902,IGNORAR,AUTO_IGNORAR,
Mirandópolis,BLOCO B,29,04055041,IGNORAR,AUTO_IGNORAR,
Mooca,TERREO,29,03116900,IGNORAR,AUTO_IGNORAR,
Paraíso,1 SUB SOLO,29,"04001000, 04006052",IGNORAR,AUTO_IGNORAR,
Paraíso,ED TERRACO IBIRAPUERA,29,04004002,IGNORAR,AUTO_IGNORAR,
Paraíso,1 ARM,29,04109130,IGNORAR,AUTO_IGNORAR,
Perdizes,1 HOBBY BOX,29,05011040,IGNORAR,AUTO_IGNORAR,
Pinheiros,CD RES SEVILHA,29,05352050,IGNORAR,AUTO_IGNORAR,
Pompéia,SIMPLES SUBSOLO 1,29,05027000,IGNORAR,AUTO_IGNORAR,
Santa Cecília,EDIFICIO ITAPUA,29,01229000,IGNORAR,AUTO_IGNORAR,
Vila Firmiano Pinto,BLOCO 2,29,04272300,IGNORAR,AUTO_IGNORAR,
Vila Mariana,3. SUBSOLO,29,04116250,IGNORAR,AUTO_IGNORAR,
Vila Mariana,SENA MADUREIRA OFFICES,29,04022040,IGNORAR,AUTO_IGNORAR,
Vila Mariana,EDIFICIO SANTORINI,29,04024003,IGNORAR,AUTO_IGNORAR,
Alto da Boa Vista,BL A,28,04750060,IGNORAR,AUTO_IGNORAR,
Bosque da Saúde,SS2,28,04142090,IGNORAR,AUTO_IGNORAR,
Brooklin,CONDOMINIO EDIFICIO,28,04565000,IGNORAR,AUTO_IGNORAR,
Cambuci,COND SPORTS GARDEN,28,01526020,IGNORAR,AUTO_IGNORAR,
Cambuci,2 SUBSOLO,28,"01549020, 01539010, 01526020",IGNORAR,AUTO_IGNORAR,
Campo Belo,ED IBIRAPUERA,28,04603907,IGNORAR,AUTO_IGNORAR,
Chácara Inglesa,TERREO BLOCO 21,28,05145901,IGNORAR,AUTO_IGNORAR,
Ibirapuera,ED GABRIEL CHUCAIR,28,04345000,IGNORAR,AUTO_IGNORAR,
Indianópolis,ED GREEN VALLEY,28,04513100,IGNORAR,AUTO_IGNORAR,
Indianópolis,ED GREEN WOOD,28,04513100,IGNORAR,AUTO_IGNORAR,
Indianópolis,E DEPOSITO,28,"04511040, 04086001",IGNORAR,AUTO_IGNORAR,
Indianópolis,INDIANOPOLIS EDIF,28,04515902,IGNORAR,AUTO_IGNORAR,
Indianópolis,ED DONA NAZHA,28,04082001,IGNORAR,AUTO_IGNORAR,
Indianópolis,TORRE BIENAL,28,04522020,IGNORAR,AUTO_IGNORAR,
Indianópolis,TORRE MARQUISE,28,04522020,IGNORAR,AUTO_IGNORAR,
Itaim Bibi,3VG 1DEP ED TAHITI,28,04705070,IGNORAR,AUTO_IGNORAR,
Jardim América,E 01 VAGA IND,28,"01417020, 05402000",IGNORAR,AUTO_IGNORAR,
Jardim América,T -  LIVING,28,05409010,IGNORAR,AUTO_IGNORAR,
Jardim Paulista,BLOCO WEST SIDE,28,01404001,IGNORAR,AUTO_IGNORAR,
Lapa,BL B 1 DEP,28,05303000,IGNORAR,AUTO_IGNORAR,
Lapa,ED. BEIJA FLOR,28,05038902,IGNORAR,AUTO_IGNORAR,
Lapa,ED. ANDORINHA,28,05038902,IGNORAR,AUTO_IGNORAR,
Lapa,ED. UIRAPURU,28,05038902,IGNORAR,AUTO_IGNORAR,
Lapa,ED ROUXINOL,28,05038902,IGNORAR,AUTO_IGNORAR,
Moema,SUBSOLO 2,28,"04514050, 04514032",IGNORAR,AUTO_IGNORAR,
Mooca,SIMPLES 1 SUBSOLO,28,03124050,IGNORAR,AUTO_IGNORAR,
Paraíso,3 SS,28,"04104060, 04003041",IGNORAR,AUTO_IGNORAR,
Perdizes,ED OS LUSIADAS,28,05019000,IGNORAR,AUTO_IGNORAR,
Santa Cecília,ED STA RITA,28,01211101,IGNORAR,AUTO_IGNORAR,
Santa Cecília,II,28,01230000,IGNORAR,AUTO_IGNORAR,
Tatuapé,BL C,28,03312052,IGNORAR,AUTO_IGNORAR,
Tatuapé,BLOCO 6,28,03063000,IGNORAR,AUTO_IGNORAR,
Vila Madalena,SUBSOLO 3,28,05445908,IGNORAR,AUTO_IGNORAR,
Vila Mariana,ED MAJ OFFICES,28,04013042,IGNORAR,AUTO_IGNORAR,
Vila Mariana,SS3,28,04101904,IGNORAR,AUTO_IGNORAR,
Vila Mariana,EDIFICIO PRACA,28,04120130,IGNORAR,AUTO_IGNORAR,
Vila Mariana,ED EMPR,28,02017010,IGNORAR,AUTO_IGNORAR,
Vila Olímpia,T -A  ED LIMITED DUPEX,28,04551908,IGNORAR,AUTO_IGNORAR,
Vila Olímpia,CD EDIF BLUE DIAMOND,28,04547100,IGNORAR,AUTO_IGNORAR,
Bosque da Saúde,1SS,27,04149120,IGNORAR,AUTO_IGNORAR,
Bosque da Saúde,SS3,27,04142090,IGNORAR,AUTO_IGNORAR,
Cambuci,E VAGA,27,01552001,IGNORAR,AUTO_IGNORAR,
Campo Belo,VCI 16 BROMELIAS,27,05634001,IGNORAR,AUTO_IGNORAR,
Ibirapuera,EDIFICIO B,27,05625060,IGNORAR,AUTO_IGNORAR,
Ibirapuera,BLOCO II,27,05706280,IGNORAR,AUTO_IGNORAR,
Ipiranga,EDIFICIO ANTARES,27,04256390,IGNORAR,AUTO_IGNORAR,
Itaim Bibi,ED PRINCETON,27,04531011,IGNORAR,AUTO_IGNORAR,
Itaim Bibi,ED III TRADE TOWER,27,04533010,IGNORAR,AUTO_IGNORAR,
Jardim América,EDIF TANGER,27,01455090,IGNORAR,AUTO_IGNORAR,
Lapa,SUBSOLO 3,27,"05056000, 05468140",IGNORAR,AUTO_IGNORAR,
Lapa,DEP BL A TORRE CITRUS,27,05303000,IGNORAR,AUTO_IGNORAR,
Lapa,DEP BL A TR EUCALIPTO,27,05303000,IGNORAR,AUTO_IGNORAR,
Lapa,ED ALAMO,27,05038902,IGNORAR,AUTO_IGNORAR,
Mirandópolis,1 SS,27,"04055110, 04052030",IGNORAR,AUTO_IGNORAR,
Moema,SUBSOLO 1,27,"04514050, 04514032",IGNORAR,AUTO_IGNORAR,
Paraíso,E DEPOSITO,27,"04005912, 01531010",IGNORAR,AUTO_IGNORAR,
Paraíso,EDIFICIO MANACA,27,04003010,IGNORAR,AUTO_IGNORAR,
Paraíso,TORRE  AGATA,27,04001005,IGNORAR,AUTO_IGNORAR,
Perdizes,3 SUBSOLO,27,"05017000, 05015000, 05017020, 05016000",IGNORAR,AUTO_IGNORAR,
Pinheiros,E 1 ARMARIO,27,05415040,IGNORAR,AUTO_IGNORAR,
Santa Cecília,SUBSOLO STA CECILIA,27,01224020,IGNORAR,AUTO_IGNORAR,
Tatuapé,E 1 ARMARIO,27,03319000,IGNORAR,AUTO_IGNORAR,
Tatuapé,ED RESID GRANADA,27,03337000,IGNORAR,AUTO_IGNORAR,
Tatuapé,CD ED VILLA DI FIORE,27,03337000,IGNORAR,AUTO_IGNORAR,
Tatuapé,EDIFICIO 4,27,03063000,IGNORAR,AUTO_IGNORAR,
Vila Mariana,EDIF ILHA DE CAPRI,27,04105061,IGNORAR,AUTO_IGNORAR,
Vila Mariana,1. SUBSOLO,27,04116250,IGNORAR,AUTO_IGNORAR,
Vila Olímpia,COND ARTSY ITAIM,27,04544150,IGNORAR,AUTO_IGNORAR,
Vila Olímpia,ED SIMONE,27,04548002,IGNORAR,AUTO_IGNORAR,
Bela Vista,5 PAVIMENTO,26,"01308010, 01314900",IGNORAR,AUTO_IGNORAR,
Bela Vista,OT,26,01329900,IGNORAR,AUTO_IGNORAR,
Bela Vista,BLOCO LIZ,26,01318905,IGNORAR,AUTO_IGNORAR,
Bela Vista,SS,26,01308020,IGNORAR,AUTO_IGNORAR,
Bosque da Saúde,SS1,26,04142090,IGNORAR,AUTO_IGNORAR,
Brooklin,EDIF LAGOON BAY,26,04562030,IGNORAR,AUTO_IGNORAR,
Campo Belo,R BARAO DO TRIUNFO 490,26,04603001,IGNORAR,AUTO_IGNORAR,
Ibirapuera,BLOCO A ED ACACIA,26,05625160,IGNORAR,AUTO_IGNORAR,
Indianópolis,BLOCO  B,26,04088908,IGNORAR,AUTO_IGNORAR,
Itaim Bibi,CONDOMINIO,26,04531002,IGNORAR,AUTO_IGNORAR,
Itaim Bibi,1DEP 3VG ED PAPUA,26,04705070,IGNORAR,AUTO_IGNORAR,
Jardim Paulista,BLOCO EAST SIDE,26,01404001,IGNORAR,AUTO_IGNORAR,
Jardim Paulista,ED PARQUE PAULISTA,26,01418102,IGNORAR,AUTO_IGNORAR,
Lapa,DEP BL B TR PALMEIRA,26,05303000,IGNORAR,AUTO_IGNORAR,
Lapa,BL COM BOULEVARD,26,05305001,IGNORAR,AUTO_IGNORAR,
Mirandópolis,CONDOMINIO,26,04051000,IGNORAR,AUTO_IGNORAR,
Paraíso,TORRE  AMBAR,26,04001005,IGNORAR,AUTO_IGNORAR,
Perdizes,MEMORIAL TRADE CENTER,26,01156001,IGNORAR,AUTO_IGNORAR,
Perdizes,E,26,05014900,IGNORAR,AUTO_IGNORAR,
Perdizes,SS 2,26,05019000,IGNORAR,AUTO_IGNORAR,
Perdizes,C ED R CITTA DI NAPOLI,26,05011040,IGNORAR,AUTO_IGNORAR,
Pinheiros,ED SUL AMERICA,26,05422012,IGNORAR,AUTO_IGNORAR,
Pinheiros,ED A F BERTOLUCCI,26,04538110,IGNORAR,AUTO_IGNORAR,
Pinheiros,CD ED CAPITAL PLAZA,26,05419001,IGNORAR,AUTO_IGNORAR,
Pinheiros,CONDOMINIO MISS SILVIA,26,04538132,IGNORAR,AUTO_IGNORAR,
Santa Cecília,EDIFICIO PALMA DE OURO,26,01230000,IGNORAR,AUTO_IGNORAR,
Tatuapé,BL F,26,03312052,IGNORAR,AUTO_IGNORAR,
Vila Mariana,E 2 VAGAS,26,"04112070, 04019000",IGNORAR,AUTO_IGNORAR,
Vila Mariana,BLOCO B ED IRINA,26,04119000,IGNORAR,AUTO_IGNORAR,
Bela Vista,C/2 BOXES,25,01333908,IGNORAR,AUTO_IGNORAR,
Brooklin,EDIFICIO ALICE MARIA,25,04571011,IGNORAR,AUTO_IGNORAR,
Brooklin,EDIF MOONGATE,25,04562030,IGNORAR,AUTO_IGNORAR,
Brooklin,COND APOGEE,25,04568020,IGNORAR,AUTO_IGNORAR,
Brooklin,3 SUBSOLO,25,"04634011, 04709111, 04634031",IGNORAR,AUTO_IGNORAR,
Brooklin,EDIFICIO,25,04559010,IGNORAR,AUTO_IGNORAR,
Campo Belo,SUB. 1,25,05634901,IGNORAR,AUTO_IGNORAR,
Consolação,O,25,"01221901, 01303010, 01041000, 01209002, 01227200",IGNORAR,AUTO_IGNORAR,
Consolação,ED MARIA ISABEL,25,01050070,IGNORAR,AUTO_IGNORAR,
Ibirapuera,CONDOMINIO RESIDENCIAL,25,05706290,IGNORAR,AUTO_IGNORAR,
Indianópolis,1 SUB,25,04088900,IGNORAR,AUTO_IGNORAR,
Indianópolis,ED MAISON EMILIA,25,04079001,IGNORAR,AUTO_IGNORAR,
Itaim Bibi,EDIFICIO VILLA,25,04534040,IGNORAR,AUTO_IGNORAR,
Itaim Bibi,ED VERIDIANA,25,04534040,IGNORAR,AUTO_IGNORAR,
Jardim América,ED FONTANA D TREVI,25,05409011,IGNORAR,AUTO_IGNORAR,
Jardim América,A,25,05402500,IGNORAR,AUTO_IGNORAR,
Jardim Paulista,ED MAISON LOUISE,25,01423000,IGNORAR,AUTO_IGNORAR,
Jardim Paulista,2 SS-JD. AMERICA,25,01425001,IGNORAR,AUTO_IGNORAR,
Lapa,ED VANUHI,25,05041000,IGNORAR,AUTO_IGNORAR,
Lapa,SUBSOLO  2,25,05056020,IGNORAR,AUTO_IGNORAR,
Lapa,DEP BL B TOR RESEDA,25,05303000,IGNORAR,AUTO_IGNORAR,
Lapa,ED TICO-TICO,25,05038902,IGNORAR,AUTO_IGNORAR,
Mooca,"R TOBIAS BARRETO, 735",25,03171040,IGNORAR,AUTO_IGNORAR,
Paraíso,SUBSOLO - 2,25,04001001,IGNORAR,AUTO_IGNORAR,
Perdizes,2 SUBSOLO PERDIZES,25,05011001,IGNORAR,AUTO_IGNORAR,
Pinheiros,NAO RESIDENCIAL,25,05408002,IGNORAR,AUTO_IGNORAR,
Pompéia,2SS,25,05026001,IGNORAR,AUTO_IGNORAR,
Pompéia,EDIF GLEISON,25,05025010,IGNORAR,AUTO_IGNORAR,
Pompéia,SIMPLES SUBSOLO 2,25,05027000,IGNORAR,AUTO_IGNORAR,
Santa Cecília,TERREO,25,"01224010, 01232001, 01230001, 01232000",IGNORAR,AUTO_IGNORAR,
Tatuapé,BLOCO 7,25,03063000,IGNORAR,AUTO_IGNORAR,
Vila Mariana,MEDIA SUBSOLO 1,25,04116240,IGNORAR,AUTO_IGNORAR,
Vila Mariana,ED MAISON GENEVE,25,04116210,IGNORAR,AUTO_IGNORAR,
Vila Mariana,BLOCO A ED MELISSA,25,04119000,IGNORAR,AUTO_IGNORAR,
Vila Mariana,COND ORCHARD,25,04127001,IGNORAR,AUTO_IGNORAR,
Alto da Boa Vista,1 ARM,24,04739040,IGNORAR,AUTO_IGNORAR,
Bela Vista,T,24,01329900,IGNORAR,AUTO_IGNORAR,
Bela Vista,I SUBSOLO,24,01331001,IGNORAR,AUTO_IGNORAR,
Bosque da Saúde,BLOCO C,24,04157050,IGNORAR,AUTO_IGNORAR,
Brooklin,EDIF BRITANNIA BAY,24,04562030,IGNORAR,AUTO_IGNORAR,
Brooklin,EDIF SEABREEZE,24,04562030,IGNORAR,AUTO_IGNORAR,
Campo Belo,ED VILLAGE CAMPO BELO,24,04607002,IGNORAR,AUTO_IGNORAR,
Campo Belo,3 VGS - CAMPO BELO,24,04618000,IGNORAR,AUTO_IGNORAR,
Campo Belo,ED GAVEA II,24,05684010,IGNORAR,AUTO_IGNORAR,
Chácara Inglesa,2. SS - SAUDE,24,04140000,IGNORAR,AUTO_IGNORAR,
Consolação,GALERIA TERREO,24,01043902,IGNORAR,AUTO_IGNORAR,
Higienópolis,ED PANORAMA,24,01244010,IGNORAR,AUTO_IGNORAR,
Indianópolis,TORRE1- ED TIPUANA,24,04513100,IGNORAR,AUTO_IGNORAR,
Ipiranga,ED ELIZABETH,24,04288110,IGNORAR,AUTO_IGNORAR,
Jardim América,ED. LINDENBERG -,24,01417010,IGNORAR,AUTO_IGNORAR,
Jardim Paulista,ED CAMILLO SALLUM,24,01423010,IGNORAR,AUTO_IGNORAR,
Lapa,R,24,05043020,IGNORAR,AUTO_IGNORAR,
Lapa,ED. VITORIA REGIA,24,05038902,IGNORAR,AUTO_IGNORAR,
Mirandópolis,1SS,24,04052030,IGNORAR,AUTO_IGNORAR,
Mooca,TIPO D 2 SS,24,03118040,IGNORAR,AUTO_IGNORAR,
Paraíso,SUBSOLO 2,24,"04004020, 04001001, 04006051",IGNORAR,AUTO_IGNORAR,
Paraíso,COND THE SINGULAR,24,04006001,IGNORAR,AUTO_IGNORAR,
Perdizes,DEP E 5 VGS,24,05004010,IGNORAR,AUTO_IGNORAR,
Pinheiros,E 20 VGS,24,05425905,IGNORAR,AUTO_IGNORAR,
Pinheiros,ED PEDRO MARIZ B31,24,04538132,IGNORAR,AUTO_IGNORAR,
Pompéia,TAM PEQUENO 1 NIVEL,24,05027020,IGNORAR,AUTO_IGNORAR,
Santa Cecília,ED,24,"01233001, 01232001",IGNORAR,AUTO_IGNORAR,
Santa Cecília,1 DEP CONDOMINIO ED,24,01231010,IGNORAR,AUTO_IGNORAR,
Santa Cecília,-,24,01229001,IGNORAR,AUTO_IGNORAR,
Sumaré,SUBCOND FLAT,24,01257080,IGNORAR,AUTO_IGNORAR,
Tatuapé,ED ANA PAVLOVA,24,03334020,IGNORAR,AUTO_IGNORAR,
Tatuapé,BL E,24,03312052,IGNORAR,AUTO_IGNORAR,
Tatuapé,TATUAPE     CONDOMINIO,24,03081015,IGNORAR,AUTO_IGNORAR,
Vila Gumercindo,E 1 VG - SAUDE,24,"04026040, 04130080",IGNORAR,AUTO_IGNORAR,
Vila Mariana,/VAGA,24,04023000,IGNORAR,AUTO_IGNORAR,
Vila Mariana,1 ARM/DEP,24,04119062,IGNORAR,AUTO_IGNORAR,
Alto da Boa Vista,2 SS,23,"04750060, 04750030, 04739010",IGNORAR,AUTO_IGNORAR,
Alto da Boa Vista,ED MICHELANGELO,23,04735002,IGNORAR,AUTO_IGNORAR,
Alto da Boa Vista,ED VERBIER,23,04735003,IGNORAR,AUTO_IGNORAR,
Bela Vista,DA,23,01327002,IGNORAR,AUTO_IGNORAR,
Cambuci,TORRE B - 1 PAV,23,01522030,IGNORAR,AUTO_IGNORAR,
Cambuci,TORRE B - 2 PAV,23,01522030,IGNORAR,AUTO_IGNORAR,
Cambuci,TORRE B - 3 PAV,23,01522030,IGNORAR,AUTO_IGNORAR,
Cambuci,TORRE B - 4 PAV,23,01522030,IGNORAR,AUTO_IGNORAR,
Cambuci,TORRE B - 5 PAV,23,01522030,IGNORAR,AUTO_IGNORAR,
Cambuci,TORRE B - 6 PAV,23,01522030,IGNORAR,AUTO_IGNORAR,
Cambuci,TORRE B - 7 PAV,23,01522030,IGNORAR,AUTO_IGNORAR,
Cambuci,TORRE B - 8 PAV,23,01522030,IGNORAR,AUTO_IGNORAR,
Cambuci,TORRE B - 9 PAV,23,01522030,IGNORAR,AUTO_IGNORAR,
Campo Belo,ED PALAZZO DEI FIORI,23,04618020,IGNORAR,AUTO_IGNORAR,
Higienópolis,E 2 VGS HIGIENOPOLIS,23,01240030,IGNORAR,AUTO_IGNORAR,
Ibirapuera,TP M COBERTA 1 SUB,23,05625060,IGNORAR,AUTO_IGNORAR,
Indianópolis,3 SS,23,"04090013, 04513080",IGNORAR,AUTO_IGNORAR,
Indianópolis,AV IRAI 205,23,04088004,IGNORAR,AUTO_IGNORAR,
Indianópolis,TORRE2- ED PLATANOS,23,04513100,IGNORAR,AUTO_IGNORAR,
Ipiranga,1 VG,23,04202000,IGNORAR,AUTO_IGNORAR,
Ipiranga,2 SUBSOLO,23,04207002,IGNORAR,AUTO_IGNORAR,
Jardim América,E 1 VG,23,05409001,IGNORAR,AUTO_IGNORAR,
Jardim América,E DEPOSITO,23,"01454011, 01455040",IGNORAR,AUTO_IGNORAR,
Jardim Paulista,ED BAUMAN JARDINS,23,01421003,IGNORAR,AUTO_IGNORAR,
Jardim Paulista,E 2 VAGAS,23,01424007,IGNORAR,AUTO_IGNORAR,
Jardim Paulista,E PLAZA WORK CENTER,23,01408000,IGNORAR,AUTO_IGNORAR,
Mirandópolis,3SS,23,04052030,IGNORAR,AUTO_IGNORAR,
Mooca,BL B,23,03167030,IGNORAR,AUTO_IGNORAR,
Pompéia,SUBSOLO 1,23,05027000,IGNORAR,AUTO_IGNORAR,
Santa Cecília,DUPLEX,23,"01231000, 01153000, 01230000, 01231001, 01224010",IGNORAR,AUTO_IGNORAR,
Santa Cecília,SUBSOLO,23,"01224010, 01232001",IGNORAR,AUTO_IGNORAR,
Tatuapé,ED ESTORIL,23,03408020,IGNORAR,AUTO_IGNORAR,
Tatuapé,BLOCO 5 TATUAPE,23,"03064000, 03063000",IGNORAR,AUTO_IGNORAR,
Vila Madalena,ED BOX 298,23,05434000,IGNORAR,AUTO_IGNORAR,
Vila Mariana,ED,23,01503001,IGNORAR,AUTO_IGNORAR,
Vila Mariana,5 VGS,23,04008060,IGNORAR,AUTO_IGNORAR,
Vila Olímpia,TERREO VL OLIMPIA,23,04552907,IGNORAR,AUTO_IGNORAR,
Bela Vista,2 PAVIMENTO,22,"01308010, 01314900",IGNORAR,AUTO_IGNORAR,
Bela Vista,3 PAVIMENTO,22,"01308010, 01314900",IGNORAR,AUTO_IGNORAR,
Bela Vista,4 PAVIMENTO,22,"01308010, 01314900",IGNORAR,AUTO_IGNORAR,
Bela Vista,2. SUBSOLO,22,01318001,IGNORAR,AUTO_IGNORAR,
Bela Vista,VG 3 SUBSOLO,22,01329000,IGNORAR,AUTO_IGNORAR,
Bela Vista,VG 2 SUBSOLO,22,01329000,IGNORAR,AUTO_IGNORAR,
Bosque da Saúde,2SS,22,"04149120, 04148050",IGNORAR,AUTO_IGNORAR,
Bosque da Saúde,BLOCO D,22,04157050,IGNORAR,AUTO_IGNORAR,
Brooklin,DUPLEX,22,"04563001, 04561911, 04562000, 04565000, 04567003",IGNORAR,AUTO_IGNORAR,
Campo Belo,TORRE A - VITORIA,22,04602007,IGNORAR,AUTO_IGNORAR,
Campo Belo,TORRE B - TRIUNFO,22,04602007,IGNORAR,AUTO_IGNORAR,
Campo Belo,TORRE C - GLORIA,22,04602007,IGNORAR,AUTO_IGNORAR,
Chácara Santo Antônio,2 SS,22,"04716002, 04717003, 04717911",IGNORAR,AUTO_IGNORAR,
Consolação,EDIFICIO LAVOURA,22,"01041901, 01041000",IGNORAR,AUTO_IGNORAR,
Consolação,ED PERES DE OLIVEIRA,22,01227100,IGNORAR,AUTO_IGNORAR,
Consolação,E 3  VG,22,01307000,IGNORAR,AUTO_IGNORAR,
Higienópolis,E 53,22,01238010,IGNORAR,AUTO_IGNORAR,
Higienópolis,BLOCO B,22,"01242001, 01238010, 01238902, 01239903",IGNORAR,AUTO_IGNORAR,
Higienópolis,BL III,22,01228000,IGNORAR,AUTO_IGNORAR,
Ibirapuera,TP PM COBERTA 1 SUB,22,05625060,IGNORAR,AUTO_IGNORAR,
Ibirapuera,TORRE B,22,05706290,IGNORAR,AUTO_IGNORAR,
Jardim América,1 SS,22,"05410000, 05414025",IGNORAR,AUTO_IGNORAR,
Jardim América,EDIFICIO RIVERSIDE,22,01455000,IGNORAR,AUTO_IGNORAR,
Jardim Paulista,ED IRAPUA,22,01424005,IGNORAR,AUTO_IGNORAR,
Jardins,1-SS,22,01413000,IGNORAR,AUTO_IGNORAR,
Lapa,TORRE II E 1 ARMARIO,22,05083030,IGNORAR,AUTO_IGNORAR,
Mooca,O,22,"03118000, 03168009",IGNORAR,AUTO_IGNORAR,
Mooca,TERREO DESCOBERTA,22,03116900,IGNORAR,AUTO_IGNORAR,
Mooca,TIPO P 1 SUBSOLO,22,03118001,IGNORAR,AUTO_IGNORAR,
Paraíso,SS,22,04006052,IGNORAR,AUTO_IGNORAR,
Perdizes,ED ALBATROZ,22,05005000,IGNORAR,AUTO_IGNORAR,
Perdizes,ED CASTEL DI SAN REMO,22,05017000,IGNORAR,AUTO_IGNORAR,
Pinheiros,BL 1 ED ELEGANCE,22,05404000,IGNORAR,AUTO_IGNORAR,
Pinheiros,SUBCOND NAO RESID,22,05407001,IGNORAR,AUTO_IGNORAR,
Tatuapé,TATUAPE/BLOCO C,22,03337900,IGNORAR,AUTO_IGNORAR,
Tatuapé,CD RES PQ DOS PASSAROS,22,03413020,IGNORAR,AUTO_IGNORAR,
Vila Gumercindo,1 SUBSOLO,22,"04130020, 04130010",IGNORAR,AUTO_IGNORAR,
Vila Mariana,E 1 DEPOSITO,22,04116260,IGNORAR,AUTO_IGNORAR,
Vila Mariana,MEDIA SUBSOLO 3,22,04116240,IGNORAR,AUTO_IGNORAR,
Vila Mariana,SUBSOLO 3,22,04116080,IGNORAR,AUTO_IGNORAR,
Vila Mariana,CD ED,22,04128000,IGNORAR,AUTO_IGNORAR,
Vila Olímpia,ED SAO PAULO TRADE,22,04551060,IGNORAR,AUTO_IGNORAR,
Vila Olímpia,ED QUILOMBO,22,04548902,IGNORAR,AUTO_IGNORAR,
Alto da Boa Vista,ED ST MORITZ,21,04735003,IGNORAR,AUTO_IGNORAR,
Bela Vista,1 PAVIMENTO,21,"01316010, 01308010",IGNORAR,AUTO_IGNORAR,
Bela Vista,E N 260 BELA VISTA,21,01332000,IGNORAR,AUTO_IGNORAR,
Bela Vista,5 VAGAS,21,"01419101, 01311927",IGNORAR,AUTO_IGNORAR,
Brooklin,2 SS,21,04562031,IGNORAR,AUTO_IGNORAR,
Brooklin,3 SS,21,04562031,IGNORAR,AUTO_IGNORAR,
Brooklin,TIPO M 1 SS,21,04635070,IGNORAR,AUTO_IGNORAR,
Cambuci,TORRE B - TERREO,21,01522030,IGNORAR,AUTO_IGNORAR,
Campo Belo,EDIFICIO CHRISMAR,21,04624050,IGNORAR,AUTO_IGNORAR,
Campo Belo,VCI 17 MAGNOLIAS,21,05634001,IGNORAR,AUTO_IGNORAR,
Consolação,AV RIO BRANCO 429,21,01209003,IGNORAR,AUTO_IGNORAR,
Higienópolis,A,21,"01239903, 01238902",IGNORAR,AUTO_IGNORAR,
Ibirapuera,BL 2   VG,21,05706290,IGNORAR,AUTO_IGNORAR,
Itaim Bibi,1SS ITAIM BIBI,21,04534050,IGNORAR,AUTO_IGNORAR,
Itaim Bibi,ED JUSCELINO PLAZA,21,04543121,IGNORAR,AUTO_IGNORAR,
Itaim Bibi,SIMPLES SUBSOLO 2,21,04535110,IGNORAR,AUTO_IGNORAR,
Jardim América,2 SS,21,"05410000, 05414025",IGNORAR,AUTO_IGNORAR,
Jardim Paulista,ED MAURO PAES DE,21,01411000,IGNORAR,AUTO_IGNORAR,
Jardim Paulista,EDIFICIO MELANNET,21,01401001,IGNORAR,AUTO_IGNORAR,
Jardim Paulista,TORRE CORPORATE,21,01401001,IGNORAR,AUTO_IGNORAR,
Lapa,COND EDIF GUAICURUS,21,05033000,IGNORAR,AUTO_IGNORAR,
Lapa,TIPO P SS 1,21,05468010,IGNORAR,AUTO_IGNORAR,
Lapa,ED SERINGUEIRA,21,05038902,IGNORAR,AUTO_IGNORAR,
Lapa,ED. IPE,21,"05038902, 05038040",IGNORAR,AUTO_IGNORAR,
Paraíso,TERREO,21,"04002030, 04006052, 04003041, 01531030",IGNORAR,AUTO_IGNORAR,
Paraíso,ED FIGUEIRAS DO PARQUE,21,04004011,IGNORAR,AUTO_IGNORAR,
Paraíso,BL.II - PARAISO,21,04103001,IGNORAR,AUTO_IGNORAR,
Perdizes,-,21,"05007060, 05008010, 05018000, 05020000, 01154050",IGNORAR,AUTO_IGNORAR,
Perdizes,TERREO,21,"05016081, 01156040, 05017020",IGNORAR,AUTO_IGNORAR,
Perdizes,5 VAGAS E 1 DEP,21,05006011,IGNORAR,AUTO_IGNORAR,
Perdizes,ED ISAURA,21,05013000,IGNORAR,AUTO_IGNORAR,
Perdizes,CD MAXIMS BL III,21,05024030,IGNORAR,AUTO_IGNORAR,
Pompéia,TERREO,21,05027000,IGNORAR,AUTO_IGNORAR,
Santa Cecília,EDIFICIO,21,01205001,IGNORAR,AUTO_IGNORAR,
Tatuapé,1 SUB SOLO,21,03071050,IGNORAR,AUTO_IGNORAR,
Tatuapé,2 SUB SOLO,21,03071050,IGNORAR,AUTO_IGNORAR,
Vila Gumercindo,2 SUBSOLO,21,"04130020, 04130010",IGNORAR,AUTO_IGNORAR,
Vila Madalena,VL MADALENA BL A,21,05433001,IGNORAR,AUTO_IGNORAR,
Vila Mariana,1,21,"01503001, 04016001, 04020001, 04011903, 04011032",IGNORAR,AUTO_IGNORAR,
Vila Mariana,07 VGS E 01 DEP,21,04008030,IGNORAR,AUTO_IGNORAR,
Vila Mariana,ED VOIR PARC ACLIMACAO,21,04112080,IGNORAR,AUTO_IGNORAR,
Vila Mariana,2. SUBSOLO,21,04116250,IGNORAR,AUTO_IGNORAR,
Vila Nova Conceição,ED MAISON DES ARTS,21,04508011,IGNORAR,AUTO_IGNORAR,
Vila Nova Conceição,EDIFICIO BELLIS,21,04508040,IGNORAR,AUTO_IGNORAR,
Bela Vista,SE,20,"01318000, 01319000, 01317000, 01318900, 01319001",IGNORAR,AUTO_IGNORAR,
Bosque da Saúde,BLOCO A,20,04157050,IGNORAR,AUTO_IGNORAR,
Bosque da Saúde,BLOCO B,20,04157050,IGNORAR,AUTO_IGNORAR,
Cambuci,ED CASTEL DI SORRENTO,20,01543010,IGNORAR,AUTO_IGNORAR,
Consolação,ED SANTA CLEMENTINA,20,"01220040, 01220010",IGNORAR,AUTO_IGNORAR,
Consolação,1 SUBSOLO EDIF RESID,20,01243020,IGNORAR,AUTO_IGNORAR,
Consolação,BLOCO RESID,20,01416000,IGNORAR,AUTO_IGNORAR,
Higienópolis,BLOCO I,20,01228000,IGNORAR,AUTO_IGNORAR,
Ibirapuera,TORRE A,20,05706290,IGNORAR,AUTO_IGNORAR,
Indianópolis,1.SUB,20,04088900,IGNORAR,AUTO_IGNORAR,
Indianópolis,DEP BLOCO B,20,04080012,IGNORAR,AUTO_IGNORAR,
Ipiranga,MODULO 2,20,04218040,IGNORAR,AUTO_IGNORAR,
Ipiranga,MODULO 3,20,04218040,IGNORAR,AUTO_IGNORAR,
Ipiranga,MODULO 4,20,04218040,IGNORAR,AUTO_IGNORAR,
Ipiranga,BLOCO 6,20,04244000,IGNORAR,AUTO_IGNORAR,
Ipiranga,BLOCO 8,20,04244000,IGNORAR,AUTO_IGNORAR,
Ipiranga,BLOCO 5,20,04244000,IGNORAR,AUTO_IGNORAR,
Ipiranga,BLOCO 7,20,04244000,IGNORAR,AUTO_IGNORAR,
Ipiranga,TORRE 5,20,04180180,IGNORAR,AUTO_IGNORAR,
Ipiranga,TORRE 6,20,04180180,IGNORAR,AUTO_IGNORAR,
Ipiranga,TORRE 7,20,04180180,IGNORAR,AUTO_IGNORAR,
Ipiranga,TORRE 8,20,04180180,IGNORAR,AUTO_IGNORAR,
Ipiranga,TORRE 9,20,04180180,IGNORAR,AUTO_IGNORAR,
Ipiranga,TORRE 10,20,04180180,IGNORAR,AUTO_IGNORAR,
Ipiranga,TORRE 11,20,04180180,IGNORAR,AUTO_IGNORAR,
Ipiranga,TORRE 12,20,04180180,IGNORAR,AUTO_IGNORAR,
Ipiranga,TORRE 13,20,04180180,IGNORAR,AUTO_IGNORAR,
Ipiranga,TORRE 14,20,04180180,IGNORAR,AUTO_IGNORAR,
Ipiranga,TORRE 15,20,04180180,IGNORAR,AUTO_IGNORAR,
Ipiranga,TORRE 16,20,04180180,IGNORAR,AUTO_IGNORAR,
Ipiranga,TORRE 17,20,04180180,IGNORAR,AUTO_IGNORAR,
Ipiranga,TORRE 18,20,04180180,IGNORAR,AUTO_IGNORAR,
Ipiranga,TORRE 19,20,04180180,IGNORAR,AUTO_IGNORAR,
Itaim Bibi,UMA VAGA,20,"04530051, 04530000, 04536001",IGNORAR,AUTO_IGNORAR,
Itaim Bibi,SIMPLES SUBSOLO 1,20,04535110,IGNORAR,AUTO_IGNORAR,
Itaim Bibi,ED THE LANDMARK,20,04537080,IGNORAR,AUTO_IGNORAR,
Jardim América,NAO RESIDENCIAL,20,05402000,IGNORAR,AUTO_IGNORAR,
Jardim Paulista,ED CAESAR TOWERS PAULI,20,01409001,IGNORAR,AUTO_IGNORAR,
Jardim Paulista,ED MAISON DE PROVENCE,20,01423020,IGNORAR,AUTO_IGNORAR,
Jardim Paulistano,EDIFICIO IRAPURU,20,01452908,IGNORAR,AUTO_IGNORAR,
Lapa,TIPO M SS 2,20,05468010,IGNORAR,AUTO_IGNORAR,
Mirandópolis,2SS,20,04052030,IGNORAR,AUTO_IGNORAR,
Moema,A,20,04077900,IGNORAR,AUTO_IGNORAR,
Mooca,TIPO A 2 SS,20,03118040,IGNORAR,AUTO_IGNORAR,
Mooca,TIPO K 2 SS,20,03118040,IGNORAR,AUTO_IGNORAR,
Mooca,EDIF PIAZZA FONTANA,20,03127010,IGNORAR,AUTO_IGNORAR,
Perdizes,STUDIO,20,05015000,IGNORAR,AUTO_IGNORAR,
Perdizes,COND EDIF ESPECIALE,20,05015040,IGNORAR,AUTO_IGNORAR,
Perdizes,1 SUBSOLO PERDIZES,20,05011001,IGNORAR,AUTO_IGNORAR,
Perdizes,ENT R CEL M OLIVEIRA 3,20,05021010,IGNORAR,AUTO_IGNORAR,
Pinheiros,BL 2 ED CLASSIC,20,05404000,IGNORAR,AUTO_IGNORAR,
Pinheiros,E 16 VGS,20,05425905,IGNORAR,AUTO_IGNORAR,
Pompéia,SUBSOLO 2,20,05027000,IGNORAR,AUTO_IGNORAR,
Santa Cecília,ED NS SRA APARECIDA,20,01225000,IGNORAR,AUTO_IGNORAR,
Sumaré,C/ DEPOSITO,20,01257050,IGNORAR,AUTO_IGNORAR,
Tatuapé,1 DEPOSITO TATUAPE,20,03324002,IGNORAR,AUTO_IGNORAR,
Tatuapé,TATUAPE BLOCO D,20,03337900,IGNORAR,AUTO_IGNORAR,
Tatuapé,175 181,20,03089050,IGNORAR,AUTO_IGNORAR,
Vila Madalena,TIPO M SS 2,20,05434000,IGNORAR,AUTO_IGNORAR,
Vila Mariana,2,20,"01503001, 04016001, 04020001, 04024020",IGNORAR,AUTO_IGNORAR,
Vila Mariana,TORRE 1 CENTENARY,20,04016070,IGNORAR,AUTO_IGNORAR,
Vila Mariana,ED. BOULEVARD,20,04012000,IGNORAR,AUTO_IGNORAR,
Vila Mariana,CD ED ESMERALDA,20,04119062,IGNORAR,AUTO_IGNORAR,
Vila Olímpia,SIMPLES 1 SS,20,04551060,IGNORAR,AUTO_IGNORAR,
Alto da Boa Vista,COND VILLE LE MANS,19,04739060,IGNORAR,AUTO_IGNORAR,
Bela Vista,BLOCO C,19,"01314010, 01419001, 01310907",IGNORAR,AUTO_IGNORAR,
Campo Belo,ED COTE SAUVAGE,19,04618030,IGNORAR,AUTO_IGNORAR,
Consolação,2,19,"01222010, 01043908, 01041904, 01050070, 01223010",IGNORAR,AUTO_IGNORAR,
Consolação,SUBSOLO 1,19,"01050060, 01414003",IGNORAR,AUTO_IGNORAR,
Consolação,EDIFICIO JR,19,01221020,IGNORAR,AUTO_IGNORAR,
Indianópolis,2 SS,19,04090013,IGNORAR,AUTO_IGNORAR,
Ipiranga,RES. S. J. CLIMACO,19,04240900,IGNORAR,AUTO_IGNORAR,
Itaim Bibi,ED PALAZZO MONTELEONE,19,04542001,IGNORAR,AUTO_IGNORAR,
Jardim América,EDIFICIO VISCONDE DO,19,01417020,IGNORAR,AUTO_IGNORAR,
Jardim América,DEPOS E 4 VGS,19,01455010,IGNORAR,AUTO_IGNORAR,
Jardim Europa,COND ED MET E PLAT OFF,19,01448000,IGNORAR,AUTO_IGNORAR,
Jardim Paulistano,O,19,"08080740, 08080080, 08080020, 08080110, 08080380",IGNORAR,AUTO_IGNORAR,
Jardins,EDIFICIO JAU,19,01410000,IGNORAR,AUTO_IGNORAR,
Lapa,-,19,"05075060, 05041001, 05056001, 02409063",IGNORAR,AUTO_IGNORAR,
Lapa,ED VILLA ROM SPEC PLAC,19,05056020,IGNORAR,AUTO_IGNORAR,
Lapa,SIMPLES NO 2 SUBSOLO,19,05468919,IGNORAR,AUTO_IGNORAR,
Mirandópolis,SUBSOLO 2,19,04052100,IGNORAR,AUTO_IGNORAR,
Moema,C/ DEPOSITO,19,04078013,IGNORAR,AUTO_IGNORAR,
Paraíso,EDIFICIO DONA MATHILDE,19,04004030,IGNORAR,AUTO_IGNORAR,
Perdizes,E 2  VGS,19,05018001,IGNORAR,AUTO_IGNORAR,
Perdizes,3 VGS E DEP.,19,05007002,IGNORAR,AUTO_IGNORAR,
Pinheiros,UMA VAGA,19,05415010,IGNORAR,AUTO_IGNORAR,
Pompéia,1SS,19,05026001,IGNORAR,AUTO_IGNORAR,
Santa Cecília,SE,19,"01036902, 01036100, 01203001, 01036000, 01226003",IGNORAR,AUTO_IGNORAR,
Vila Mariana,C,19,01532001,IGNORAR,AUTO_IGNORAR,
Vila Mariana,VAGA,19,"04023000, 04117902",IGNORAR,AUTO_IGNORAR,
Vila Mariana,EDIFICIO MARQUES DE,19,04011061,IGNORAR,AUTO_IGNORAR,
Vila Mariana,MEDIA SUBSOLO 2,19,04116240,IGNORAR,AUTO_IGNORAR,
Vila Mariana,3 SS,19,"04022020, 04118080",IGNORAR,AUTO_IGNORAR,
Vila Nova Conceição,1 DEP TORRE A,19,04509001,IGNORAR,AUTO_IGNORAR,
Vila Nova Conceição,1 DEP TORRE B,19,04509001,IGNORAR,AUTO_IGNORAR,
Vila Olímpia,CD ED OLIMPIA TOWER,19,04552050,IGNORAR,AUTO_IGNORAR,
Vila Olímpia,1 SUBSOLO VL OLIMPIA,19,04550004,IGNORAR,AUTO_IGNORAR,
Vila da Saúde,SUBSOLO 2,19,"04143020, 04144060",IGNORAR,AUTO_IGNORAR,
Bela Vista,ED. S. P. CITY FLAT,18,01316030,IGNORAR,AUTO_IGNORAR,
Bela Vista,O,18,"01306000, 01310933, 01314000, 01319904, 01332905",IGNORAR,AUTO_IGNORAR,
Bela Vista,VG DUPLAS 3 SUBSOLO,18,01313000,IGNORAR,AUTO_IGNORAR,
Bela Vista,2,18,"01315000, 01310909, 01311913, 01319001, 01310100",IGNORAR,AUTO_IGNORAR,
Bela Vista,EM,18,"01311912, 01322000, 01311922, 01419001",IGNORAR,AUTO_IGNORAR,
Bela Vista,VG 1 SUBSOLO,18,01329000,IGNORAR,AUTO_IGNORAR,
Bela Vista,BLOCO D,18,01314010,IGNORAR,AUTO_IGNORAR,
Bosque da Saúde,ED. FLAMBOYANT,18,04136111,IGNORAR,AUTO_IGNORAR,
Brooklin,E 1 VG DE MOTO,18,04571930,IGNORAR,AUTO_IGNORAR,
Brooklin,TIPO M 2 SS,18,04635070,IGNORAR,AUTO_IGNORAR,
Cambuci,2 SS,18,01544010,IGNORAR,AUTO_IGNORAR,
Chácara Santo Antônio,1 SS,18,"04717003, 04716002",IGNORAR,AUTO_IGNORAR,
Consolação,TERREO,18,"01050060, 01307001, 01412000",IGNORAR,AUTO_IGNORAR,
Consolação,E 1 VAGA IND,18,01416003,IGNORAR,AUTO_IGNORAR,
Higienópolis,E 1 VG HIGIENOPOLIS,18,01241000,IGNORAR,AUTO_IGNORAR,
Indianópolis,ED MAISON CHARLOTTE,18,04511010,IGNORAR,AUTO_IGNORAR,
Indianópolis,E VAGAS/DEP EDIFICIO,18,04520010,IGNORAR,AUTO_IGNORAR,
Jardim América,2. SUBSOLO - ED. OSCAR,18,05410030,IGNORAR,AUTO_IGNORAR,
Jardim América,SIMPLES 1 SS,18,05412002,IGNORAR,AUTO_IGNORAR,
Jardim Paulista,GARAGEM B,18,01403902,IGNORAR,AUTO_IGNORAR,
Jardins,AV PAULISTA N 2073,18,01413000,IGNORAR,AUTO_IGNORAR,
Lapa,ED JUQUITIBA,18,05048010,IGNORAR,AUTO_IGNORAR,
Lapa,DUPLEX,18,"05043020, 05043000, 05083060, 05088000, 05083907",IGNORAR,AUTO_IGNORAR,
Lapa,E 1 DEPOSITO,18,05060050,IGNORAR,AUTO_IGNORAR,
Lapa,TORRE I E 1 ARMARIO,18,05083030,IGNORAR,AUTO_IGNORAR,
Lapa,TIPO P SUBSOLO 1,18,05083110,IGNORAR,AUTO_IGNORAR,
Lapa,TIPO P SS 2,18,05468010,IGNORAR,AUTO_IGNORAR,
Lapa,SIMPLES NO 1 SUBSOLO,18,05468919,IGNORAR,AUTO_IGNORAR,
Mirandópolis,RES VISIONAIRE,18,04042032,IGNORAR,AUTO_IGNORAR,
Mooca,R JOAO B LACERDA 558,18,03172010,IGNORAR,AUTO_IGNORAR,
Paraíso,LATITUDE CORPORATE,18,04002001,IGNORAR,AUTO_IGNORAR,
Paraíso,EDIFICIO ELYSEES,18,04002020,IGNORAR,AUTO_IGNORAR,
Paraíso,EDIFICIO DE MARS,18,04002020,IGNORAR,AUTO_IGNORAR,
Paraíso,TORR ESFERA CORPORATE,18,01533000,IGNORAR,AUTO_IGNORAR,
Paraíso,E 6 VAGAS,18,04103000,IGNORAR,AUTO_IGNORAR,
Paraíso,ED COML APENINOS,18,04104021,IGNORAR,AUTO_IGNORAR,
Perdizes,E VAGA,18,"05438300, 05019010",IGNORAR,AUTO_IGNORAR,
Perdizes,DUPLEX,18,"05021010, 05018000, 05016010, 05017000, 05018001",IGNORAR,AUTO_IGNORAR,
Perdizes,EDIF RENAISSANCE,18,05020000,IGNORAR,AUTO_IGNORAR,
Perdizes,COND ED SAO CAMILO,18,05016010,IGNORAR,AUTO_IGNORAR,
Perdizes,EDIFICIO III   ESSENCE,18,05014000,IGNORAR,AUTO_IGNORAR,
Perdizes,EDIFICIO IV  BELVEDERE,18,05014000,IGNORAR,AUTO_IGNORAR,
Pinheiros,ED C PLAZA PINHEIROS,18,05424000,IGNORAR,AUTO_IGNORAR,
Pinheiros,3SS,18,04538132,IGNORAR,AUTO_IGNORAR,
Santa Cecília,2. SUBSOLO,18,01153020,IGNORAR,AUTO_IGNORAR,
Santa Cecília,COND ED PALAZZO ORSINI,18,01230010,IGNORAR,AUTO_IGNORAR,
Santa Cecília,EDIFICIO ALVORADA,18,01229010,IGNORAR,AUTO_IGNORAR,
Tatuapé,ED SAINTE MARIE,18,03324002,IGNORAR,AUTO_IGNORAR,
Tatuapé,RUA BOA ESPERANCA 229,18,03407050,IGNORAR,AUTO_IGNORAR,
Vila Madalena,COND PACO DO SOL,18,05445070,IGNORAR,AUTO_IGNORAR,
Vila Madalena,ED PRACA,18,05451906,IGNORAR,AUTO_IGNORAR,
Vila Mariana,LO,18,"04020001, 01532001",IGNORAR,AUTO_IGNORAR,
Vila Mariana,TORRE 2 REGENT,18,04016070,IGNORAR,AUTO_IGNORAR,
Vila Mariana,ED ANA LUCIA,18,04021050,IGNORAR,AUTO_IGNORAR,
Vila Mariana,EDIF OFFICE TOWER,18,04038040,IGNORAR,AUTO_IGNORAR,
Bela Vista,SUB-SOLO 2,17,"01306902, 01306001",IGNORAR,AUTO_IGNORAR,
Bosque da Saúde,ED. PAINEIRA,17,04136111,IGNORAR,AUTO_IGNORAR,
Cambuci,CD. ED.,17,"01526020, 01530010",IGNORAR,AUTO_IGNORAR,
Cambuci,ED CRISTIANE KELLY,17,01536000,IGNORAR,AUTO_IGNORAR,
Cambuci,1 SS,17,01544010,IGNORAR,AUTO_IGNORAR,
Campo Belo,ED GIARDINO DEI FIORI,17,04618035,IGNORAR,AUTO_IGNORAR,
Campo Belo,ED CAMPOBELLO SUNSHINE,17,04616002,IGNORAR,AUTO_IGNORAR,
Chácara Inglesa,1 S/S,17,04140110,IGNORAR,AUTO_IGNORAR,
Consolação,ED OLYMPIO,17,01043000,IGNORAR,AUTO_IGNORAR,
Consolação,NAO RESIDENCIAL,17,01415005,IGNORAR,AUTO_IGNORAR,
Higienópolis,1 DEP       CONDOMINIO,17,01242000,IGNORAR,AUTO_IGNORAR,
Higienópolis,VG,17,01228000,IGNORAR,AUTO_IGNORAR,
Ibirapuera,BL B ED ROSA BRANCA,17,04708903,IGNORAR,AUTO_IGNORAR,
Ibirapuera,ED CANANEIA,17,04612002,IGNORAR,AUTO_IGNORAR,
Indianópolis,ED MAISON PARIS,17,04522032,IGNORAR,AUTO_IGNORAR,
Indianópolis,ED MY PLACE,17,04079000,IGNORAR,AUTO_IGNORAR,
Indianópolis,DEP BLOCO A,17,04080012,IGNORAR,AUTO_IGNORAR,
Ipiranga,2 SS. - IPIRANGA,17,04217900,IGNORAR,AUTO_IGNORAR,
Itaim Bibi,ED REGENCY TOWER,17,04536000,IGNORAR,AUTO_IGNORAR,
Itaim Bibi,TRIPLA SUBSOLO 2,17,04535110,IGNORAR,AUTO_IGNORAR,
Itaim Bibi,6 VAGAS,17,04543070,IGNORAR,AUTO_IGNORAR,
Jardim Paulista,E 696 CD ED FERREIRA,17,01420002,IGNORAR,AUTO_IGNORAR,
Jardim Paulista,EDIFICIO LINDENBERG,17,01420001,IGNORAR,AUTO_IGNORAR,
Jardim Paulista,C/ DEPOSITO,17,01422003,IGNORAR,AUTO_IGNORAR,
Jardim Paulista,ED PRACTICAL OFFICE,17,01424001,IGNORAR,AUTO_IGNORAR,
Jardim Paulista,ED COLUMBUS PLAZA,17,01418000,IGNORAR,AUTO_IGNORAR,
Jardim Paulista,E 3 VAGAS,17,01418000,IGNORAR,AUTO_IGNORAR,
Jardim Paulistano,E 2 VGS,17,01456010,IGNORAR,AUTO_IGNORAR,
Jardins,TORRE 2,17,01410003,IGNORAR,AUTO_IGNORAR,
Lapa,BL B,17,05303000,IGNORAR,AUTO_IGNORAR,
Lapa,BL2,17,05061905,IGNORAR,AUTO_IGNORAR,
Lapa,ED LIRIO,17,05038902,IGNORAR,AUTO_IGNORAR,
Lapa,ED SEQUOIA,17,05038902,IGNORAR,AUTO_IGNORAR,
Mirandópolis,SUBSOLO 1,17,04052100,IGNORAR,AUTO_IGNORAR,
Mooca,ENTRADA N 1635,17,03172010,IGNORAR,AUTO_IGNORAR,
Mooca,EDIFICIO DANUBIO,17,03175070,IGNORAR,AUTO_IGNORAR,
Paraíso,ED CAP SAINT LAURENT,17,04004011,IGNORAR,AUTO_IGNORAR,
Perdizes,EDIFICIO RIVIERA,17,05018011,IGNORAR,AUTO_IGNORAR,
Perdizes,M,17,"05014000, 05017000, 05002030",IGNORAR,AUTO_IGNORAR,
Perdizes,ED VERA,17,05004000,IGNORAR,AUTO_IGNORAR,
Perdizes,EDIFICIO  I   PAYSAGE,17,05014000,IGNORAR,AUTO_IGNORAR,
Perdizes,EDIFICIO PONTEVEDRA,17,05011040,IGNORAR,AUTO_IGNORAR,
Pinheiros,1 DP,17,05416002,IGNORAR,AUTO_IGNORAR,
Pinheiros,2SS,17,04538132,IGNORAR,AUTO_IGNORAR,
Santa Cecília,1. SUBSOLO,17,01153020,IGNORAR,AUTO_IGNORAR,
Santa Cecília,ED SABEL HIGIENOPOLIS,17,01231010,IGNORAR,AUTO_IGNORAR,
Santa Cecília,E 1DP,17,01232001,IGNORAR,AUTO_IGNORAR,
Tatuapé,SUBCOND 1,17,03310010,IGNORAR,AUTO_IGNORAR,
Vila Gumercindo,3 SS,17,"04026001, 04130020",IGNORAR,AUTO_IGNORAR,
Vila Mariana,3,17,"01503001, 04016001, 04020001, 04011903, 04041002",IGNORAR,AUTO_IGNORAR,
Vila Mariana,TIPO 2,17,04118130,IGNORAR,AUTO_IGNORAR,
Vila Nova Conceição,E DEPOSITO,17,"04510001, 04509030",IGNORAR,AUTO_IGNORAR,
Vila Nova Conceição,ED PALAZZO MERANO,17,04509010,IGNORAR,AUTO_IGNORAR,
Vila Olímpia,SUBSOLO 3,17,"04552000, 04550003",IGNORAR,AUTO_IGNORAR,
Vila Olímpia,TA,17,04546001,IGNORAR,AUTO_IGNORAR,
Vila Olímpia,TORRE B,17,04547001,IGNORAR,AUTO_IGNORAR,
Vila Olímpia,TORRE C,17,04547001,IGNORAR,AUTO_IGNORAR,
Bela Vista,1,16,"01315000, 01311913, 01310909, 01324001, 01319001",IGNORAR,AUTO_IGNORAR,
Bela Vista,DUPLEX - BL.H - HOTEL,16,01332000,IGNORAR,AUTO_IGNORAR,
Bela Vista,ED OURINVEST,16,"01310919, 01310918",IGNORAR,AUTO_IGNORAR,
Bosque da Saúde,ED. JACARANDA,16,04136111,IGNORAR,AUTO_IGNORAR,
Bosque da Saúde,ED. IPE,16,04136111,IGNORAR,AUTO_IGNORAR,
Brooklin,1 DEP,16,04560021,IGNORAR,AUTO_IGNORAR,
Brooklin,SUBCOND MALL,16,04709110,IGNORAR,AUTO_IGNORAR,
Cambuci,TERREO,16,"01524030, 01524020, 01527010, 01549080",IGNORAR,AUTO_IGNORAR,
Cambuci,ED CARMEM RODRIGUES,16,01549020,IGNORAR,AUTO_IGNORAR,
Cambuci,3 PAVIMENTO,16,"01524030, 01524020",IGNORAR,AUTO_IGNORAR,
Cambuci,ED MAGDALENA FERRANTE,16,01551000,IGNORAR,AUTO_IGNORAR,
Campo Belo,04 VAGAS,16,04605906,IGNORAR,AUTO_IGNORAR,
Campo Belo,ED LA RESERVE,16,04610003,IGNORAR,AUTO_IGNORAR,
Campo Belo,ED PARC MONCEAU,16,04624090,IGNORAR,AUTO_IGNORAR,
Campo Belo,COND TORRE CAMPO BELO,16,04619032,IGNORAR,AUTO_IGNORAR,
Campo Belo,VCI 8 VIOLETAS,16,05634001,IGNORAR,AUTO_IGNORAR,
Campo Belo,VCI 9 HIBISCOS,16,05634001,IGNORAR,AUTO_IGNORAR,
Chácara Inglesa,TERREO - SAUDE,16,04140000,IGNORAR,AUTO_IGNORAR,
Consolação,.,16,"01209002, 01041001, 01219011, 01219010, 01222000",IGNORAR,AUTO_IGNORAR,
Consolação,GARAGEM A,16,01303050,IGNORAR,AUTO_IGNORAR,
Consolação,ENTR R PARA 126,16,01227200,IGNORAR,AUTO_IGNORAR,
Higienópolis,BLOCO A,16,"01242001, 01239905, 01238902",IGNORAR,AUTO_IGNORAR,
Higienópolis,E 1DP,16,"01244000, 01244001",IGNORAR,AUTO_IGNORAR,
Ibirapuera,BL C ED ROSA CORAL,16,04708902,IGNORAR,AUTO_IGNORAR,
Indianópolis,ED MAISON S PAULO,16,04522032,IGNORAR,AUTO_IGNORAR,
Indianópolis,EDIFICIO THE CORNER,16,04524020,IGNORAR,AUTO_IGNORAR,
Ipiranga,ED CARBALLEDA,16,04267020,IGNORAR,AUTO_IGNORAR,
Ipiranga,COND VILLAGIO CELESTE,16,04252000,IGNORAR,AUTO_IGNORAR,
Itaim Bibi,COM 5 VGS E 2 DEP,16,04543070,IGNORAR,AUTO_IGNORAR,
Itaim Bibi,SS 3,16,04537082,IGNORAR,AUTO_IGNORAR,
Itaim Bibi,EDIF PALAZZO NOBILE,16,04533080,IGNORAR,AUTO_IGNORAR,
Jardim América,1 SUBSOLO,16,05411001,IGNORAR,AUTO_IGNORAR,
Jardim América,TERREO,16,"05411001, 01454000",IGNORAR,AUTO_IGNORAR,
Jardim América,1 PAVIMENTO,16,05411001,IGNORAR,AUTO_IGNORAR,
Jardim América,2 PAVIMENTO,16,05411001,IGNORAR,AUTO_IGNORAR,
Jardim América,3 PAVIMENTO,16,05411001,IGNORAR,AUTO_IGNORAR,
Jardim América,SIMPLES 3 SS,16,05412002,IGNORAR,AUTO_IGNORAR,
Jardim América,8 VGS E 1 DEP,16,01454020,IGNORAR,AUTO_IGNORAR,
Jardim Paulista,EM,16,"01421000, 01407000, 01405001, 01418002, 01420000",IGNORAR,AUTO_IGNORAR,
Jardim Paulista,DUPLEX,16,"01406000, 01403020, 01423040, 01404002, 01424001",IGNORAR,AUTO_IGNORAR,
Jardim Paulista,E DEPOSITO,16,01409000,IGNORAR,AUTO_IGNORAR,
Jardim Paulista,TERREO,16,01424906,IGNORAR,AUTO_IGNORAR,
Jardim Paulista,EDIFICIO LIBRA,16,01411001,IGNORAR,AUTO_IGNORAR,
Lapa,EDIFICIO KEY WEST,16,05302031,IGNORAR,AUTO_IGNORAR,
Lapa,1 ARM BL B MONT GERONT,16,05085000,IGNORAR,AUTO_IGNORAR,
Lapa,L 2,16,05061905,IGNORAR,AUTO_IGNORAR,
Lapa,ED BERILO,16,05065905,IGNORAR,AUTO_IGNORAR,
Mirandópolis,ED EMILINHA AFONSO,16,04052100,IGNORAR,AUTO_IGNORAR,
Moema,14,16,"04084070, 04077900, 04076001",IGNORAR,AUTO_IGNORAR,
Mooca,ED. GARAGEM - TERREO,16,03164120,IGNORAR,AUTO_IGNORAR,
Mooca,TIPO K 1 SS,16,03118040,IGNORAR,AUTO_IGNORAR,
Paraíso,COND ED AFONSO 559,16,04006052,IGNORAR,AUTO_IGNORAR,
Paraíso,EDIFICIO CIGRAF CENTRO,16,04103000,IGNORAR,AUTO_IGNORAR,
Perdizes,BLOCO I,16,"05013000, 05018001",IGNORAR,AUTO_IGNORAR,
Perdizes,EDIFICIO DUCALE,16,05006020,IGNORAR,AUTO_IGNORAR,
Perdizes,EDIFICIO  II   MIRAGE,16,05014000,IGNORAR,AUTO_IGNORAR,
Perdizes,ED COLINAS DE IBIZA,16,05011001,IGNORAR,AUTO_IGNORAR,
Pinheiros,ED SAN FRANCISCO GOLF,16,05352050,IGNORAR,AUTO_IGNORAR,
Pinheiros,13 VGS,16,"04538133, 05419001",IGNORAR,AUTO_IGNORAR,
Pinheiros,RES AMERICAN VILLAGE,16,05465040,IGNORAR,AUTO_IGNORAR,
Pinheiros,E DEP BL A ED EMILLION,16,05465050,IGNORAR,AUTO_IGNORAR,
Pinheiros,E DEP BL B ED JULIEN,16,05465050,IGNORAR,AUTO_IGNORAR,
Pinheiros,E DEP BL B ED MARGAUX,16,05465050,IGNORAR,AUTO_IGNORAR,
Pinheiros,E DEP BL C ED BERGERAC,16,05465050,IGNORAR,AUTO_IGNORAR,
Pinheiros,E DEP BL C ED GIRONDE,16,05465050,IGNORAR,AUTO_IGNORAR,
Santa Cecília,E VAGA,16,"01226020, 01224000",IGNORAR,AUTO_IGNORAR,
Santa Cecília,EDIFICIO CARIBE,16,01231010,IGNORAR,AUTO_IGNORAR,
Tatuapé,ED OFFICE SIDE PARK,16,03311000,IGNORAR,AUTO_IGNORAR,
Tatuapé,ED SOLAR D ALMEIDA,16,03355010,IGNORAR,AUTO_IGNORAR,
Vila Gumercindo,1 SS,16,"04026001, 04130020",IGNORAR,AUTO_IGNORAR,
Vila Gumercindo,E 2 VGS - SAUDE,16,04026040,IGNORAR,AUTO_IGNORAR,
Vila Gumercindo,SUBSOLO 2,16,04134110,IGNORAR,AUTO_IGNORAR,
Vila Madalena,E 1 DEP,16,"05441000, 05445030",IGNORAR,AUTO_IGNORAR,
Vila Madalena,COND ED ERNESTO NAZARE,16,05443000,IGNORAR,AUTO_IGNORAR,
Vila Mariana,E 1 ARM,16,01532030,IGNORAR,AUTO_IGNORAR,
Vila Mariana,SS2,16,04101904,IGNORAR,AUTO_IGNORAR,
Vila Mariana,2  SS,16,04119010,IGNORAR,AUTO_IGNORAR,
Vila Olímpia,ED SAO LUIZ,16,04544000,IGNORAR,AUTO_IGNORAR,
Vila Olímpia,SUBSOLO 2,16,"04552000, 04550003",IGNORAR,AUTO_IGNORAR,
Vila Olímpia,TORRE A - BLOCO 01,16,04547001,IGNORAR,AUTO_IGNORAR,
Vila Olímpia,TORRE A - BLOCO 02,16,04547001,IGNORAR,AUTO_IGNORAR,
Vila da Saúde,ED ILHA BELA,16,04146020,IGNORAR,AUTO_IGNORAR,
Vila da Saúde,CONDOMINIO,16,04146010,IGNORAR,AUTO_IGNORAR,
Bela Vista,3,15,"01315000, 01311913, 01332020, 01333021, 01310923",IGNORAR,AUTO_IGNORAR,
Bela Vista,ED WALDEMAR BARIONI,15,01326010,IGNORAR,AUTO_IGNORAR,
Bela Vista,SS 2 BELA VISTA,15,01310919,IGNORAR,AUTO_IGNORAR,
Chácara Inglesa,3 S/S,15,04140110,IGNORAR,AUTO_IGNORAR,
Chácara Santo Antônio,DUPLAS 3 SS,15,04716002,IGNORAR,AUTO_IGNORAR,
Consolação,4,15,"01222010, 01303010, 01223010, 01221901, 01209010",IGNORAR,AUTO_IGNORAR,
Consolação,B,15,"01243000, 01046925, 01309902, 01227200",IGNORAR,AUTO_IGNORAR,
Consolação,2 SUBSOLO EDIF RESID,15,01243020,IGNORAR,AUTO_IGNORAR,
Ibirapuera,TP P COBERTA 1 SUB,15,05625060,IGNORAR,AUTO_IGNORAR,
Ibirapuera,1 SS,15,05706290,IGNORAR,AUTO_IGNORAR,
Indianópolis,TIPO A 2 SS,15,04521005,IGNORAR,AUTO_IGNORAR,
Jardim América,SUSBSOLO  1,15,05410001,IGNORAR,AUTO_IGNORAR,
Jardim Paulista,CONDOMINIO,15,01421002,IGNORAR,AUTO_IGNORAR,
Jardim Paulista,2. SS-JD. AMERICA,15,01425001,IGNORAR,AUTO_IGNORAR,
Jardim Paulista,TORRE 1,15,01434000,IGNORAR,AUTO_IGNORAR,
Lapa,EM,15,05043020,IGNORAR,AUTO_IGNORAR,
Lapa,COND PAL A PINHEIROS,15,05466020,IGNORAR,AUTO_IGNORAR,
Lapa,ED. COTOVIA,15,05038902,IGNORAR,AUTO_IGNORAR,
Lapa,ED COTOVIA,15,05038902,IGNORAR,AUTO_IGNORAR,
Mooca,ED.GARAGEM,15,03164120,IGNORAR,AUTO_IGNORAR,
Mooca,RUA CASSANDOCA N 125,15,03170050,IGNORAR,AUTO_IGNORAR,
Paraíso,ED GIARDINO DI,15,01531030,IGNORAR,AUTO_IGNORAR,
Paraíso,E 1 DEPOSITO,15,04005030,IGNORAR,AUTO_IGNORAR,
Perdizes,ED ORESTES B DISESSA,15,01258000,IGNORAR,AUTO_IGNORAR,
Santa Cecília,1 DEP,15,01230010,IGNORAR,AUTO_IGNORAR,
Sumaré,1 SS ED,15,01257030,IGNORAR,AUTO_IGNORAR,
Tatuapé,BLOCO 3 TATUAPE,15,"03064000, 03081015",IGNORAR,AUTO_IGNORAR,
Tatuapé,M,15,"03084000, 03410007",IGNORAR,AUTO_IGNORAR,
Tatuapé,EM,15,"03084000, 03063000",IGNORAR,AUTO_IGNORAR,
Tatuapé,COND MISTO ANGELO,15,03068010,IGNORAR,AUTO_IGNORAR,
Vila Gumercindo,SUBSOLO 1,15,04134110,IGNORAR,AUTO_IGNORAR,
Vila Madalena,ED HENRIQUE,15,05441040,IGNORAR,AUTO_IGNORAR,
Vila Madalena,ED ADELIA,15,05441040,IGNORAR,AUTO_IGNORAR,
Vila Madalena,CONDOMINIO WIZAR 305,15,05434080,IGNORAR,AUTO_IGNORAR,
Vila Madalena,ED VICTORIA,15,05434070,IGNORAR,AUTO_IGNORAR,
Vila Madalena,ED JARDIM DOS MORAS,15,05434020,IGNORAR,AUTO_IGNORAR,
Vila Mariana,4,15,"04016001, 01503001, 04020001, 01532001, 04037002",IGNORAR,AUTO_IGNORAR,
Vila Mariana,EDIFICIO TOCANTINS,15,04108130,IGNORAR,AUTO_IGNORAR,
Vila Mariana,ED ELFRIDA,15,04021020,IGNORAR,AUTO_IGNORAR,
Vila Mariana,ED DAFNE,15,04021020,IGNORAR,AUTO_IGNORAR,
Vila Mariana,ED MEDEA,15,04021020,IGNORAR,AUTO_IGNORAR,
Vila Olímpia,DUPLEX,15,"04544051, 04546044, 04547004, 04547002, 04544050",IGNORAR,AUTO_IGNORAR,
Bela Vista,BLOCO I-CID.MATARAZZO,14,01332000,IGNORAR,AUTO_IGNORAR,
Brooklin,COND ED BERRINI 550,14,04571925,IGNORAR,AUTO_IGNORAR,
Brooklin,EDIFICIO PARTHENON,14,04635041,IGNORAR,AUTO_IGNORAR,
Campo Belo,ED MAISON D AMBOISE,14,04614001,IGNORAR,AUTO_IGNORAR,
Campo Belo,DUPLAS 2 SUBSOLO,14,04610003,IGNORAR,AUTO_IGNORAR,
Campo Belo,1 SUB SOLO,14,04633000,IGNORAR,AUTO_IGNORAR,
Campo Belo,RES VILLA SOL,14,05634100,IGNORAR,AUTO_IGNORAR,
Campo Belo,VCI 18 TULIPAS,14,05634001,IGNORAR,AUTO_IGNORAR,
Chácara Santo Antônio,DUPLAS 2 SS,14,04716002,IGNORAR,AUTO_IGNORAR,
Consolação,MA,14,01221901,IGNORAR,AUTO_IGNORAR,
Consolação,EDIFICIO RESIDENCIAL,14,01243020,IGNORAR,AUTO_IGNORAR,
Consolação,1 SUBSOLO,14,"01416000, 01307002",IGNORAR,AUTO_IGNORAR,
Higienópolis,E 6 VAGAS,14,01241020,IGNORAR,AUTO_IGNORAR,
Ibirapuera,BL D ED ROSA AMARELA,14,04708901,IGNORAR,AUTO_IGNORAR,
Ibirapuera,BL 2  VG,14,05706290,IGNORAR,AUTO_IGNORAR,
Indianópolis,GARAGEM COLETIVA 2,14,04521002,IGNORAR,AUTO_IGNORAR,
Indianópolis,BLOCO  A,14,04088908,IGNORAR,AUTO_IGNORAR,
Itaim Bibi,E DEPOSITO,14,04531011,IGNORAR,AUTO_IGNORAR,
Itaim Bibi,1 SUBSOLO,14,04534011,IGNORAR,AUTO_IGNORAR,
Itaim Bibi,3 SS,14,04543011,IGNORAR,AUTO_IGNORAR,
Itaim Bibi,HSBC TOWER,14,01451000,IGNORAR,AUTO_IGNORAR,
Jardim América,BLOCO 1,14,05410001,IGNORAR,AUTO_IGNORAR,
Jardim América,SUSBSOLO  2,14,05410001,IGNORAR,AUTO_IGNORAR,
Jardim América,E 2DP,14,01454010,IGNORAR,AUTO_IGNORAR,
Jardim Paulista,BLOCO B,14,"01435030, 01423000, 01408001",IGNORAR,AUTO_IGNORAR,
Jardim Paulista,TORRE 2 - LORENA,14,01424007,IGNORAR,AUTO_IGNORAR,
Jardim Paulista,ED VICENTE DE AZEVEDO,14,01411000,IGNORAR,AUTO_IGNORAR,
Jardim Paulista,EDIFICIO FASCINO,14,01409003,IGNORAR,AUTO_IGNORAR,
Jardim Paulista,-TERREO - JD. AMERICA,14,01425001,IGNORAR,AUTO_IGNORAR,
Jardim Paulista,TORRE 2,14,01434000,IGNORAR,AUTO_IGNORAR,
Lapa,TIPO M SS 1,14,05468010,IGNORAR,AUTO_IGNORAR,
Lapa,L2,14,05061905,IGNORAR,AUTO_IGNORAR,
Lapa,ED. SEQUOIA,14,05038902,IGNORAR,AUTO_IGNORAR,
Lapa,ED AGATA,14,05065905,IGNORAR,AUTO_IGNORAR,
Lapa,ED JADE,14,05065905,IGNORAR,AUTO_IGNORAR,
Lapa,ED ONIX,14,05065905,IGNORAR,AUTO_IGNORAR,
Lapa,ED TOPAZIO,14,05065905,IGNORAR,AUTO_IGNORAR,
Mooca,ED UNIVERSES GARDEN,14,03127010,IGNORAR,AUTO_IGNORAR,
Paraíso,DUPLEX 1 VG P 1 VG M,14,04003042,IGNORAR,AUTO_IGNORAR,
Paraíso,CD ED PORT MAXIME,14,04004002,IGNORAR,AUTO_IGNORAR,
Perdizes,ENTRADA R BOCAINA 23,14,05013000,IGNORAR,AUTO_IGNORAR,
Perdizes,ED DIRCE,14,05020000,IGNORAR,AUTO_IGNORAR,
Perdizes,E 2 VAGAS PERDIZES,14,05020000,IGNORAR,AUTO_IGNORAR,
Pinheiros,CONDOM FL CORPORATE,14,04538132,IGNORAR,AUTO_IGNORAR,
Santa Cecília,OX,14,01205001,IGNORAR,AUTO_IGNORAR,
Santa Cecília,ED EMILIO DE MENEZES,14,01231020,IGNORAR,AUTO_IGNORAR,
Vila Madalena,ED VICTORIA FALLS,14,05435020,IGNORAR,AUTO_IGNORAR,
Vila Madalena,1 DEP ED MORADAS,14,05435050,IGNORAR,AUTO_IGNORAR,
Vila Madalena,E DEPOSITO CD ED,14,05443000,IGNORAR,AUTO_IGNORAR,
Vila Mariana,EDIFICIO SAINT LAURENT,14,04008050,IGNORAR,AUTO_IGNORAR,
Vila Mariana,COND EDIFICIO,14,01532010,IGNORAR,AUTO_IGNORAR,
Vila Mariana,PEQUENA SUBSOLO 3,14,04116240,IGNORAR,AUTO_IGNORAR,
Vila Mariana,TIPO 1,14,04118130,IGNORAR,AUTO_IGNORAR,
Vila Olímpia,ED BUSINESS CENTER,14,04551080,IGNORAR,AUTO_IGNORAR,
Vila da Saúde,ED PATRICIA,14,04146000,IGNORAR,AUTO_IGNORAR,
Bela Vista,3 SUBSOLO,13,01419001,IGNORAR,AUTO_IGNORAR,
Cambuci,1 PAVIMENTO,13,"01524030, 01524020",IGNORAR,AUTO_IGNORAR,
Cambuci,2 PAVIMENTO,13,"01524030, 01524020",IGNORAR,AUTO_IGNORAR,
Campo Belo,1 VG PEQ,13,04608907,IGNORAR,AUTO_IGNORAR,
Campo Belo,DUPLAS 1 SUBSOLO,13,04610003,IGNORAR,AUTO_IGNORAR,
Campo Belo,CAMPO BELO ED,13,04608011,IGNORAR,AUTO_IGNORAR,
Campo Belo,BLOCO C - CJ RESID,13,04416080,IGNORAR,AUTO_IGNORAR,
Consolação,1,13,"01222010, 01307907, 01041000, 01050070, 01412000",IGNORAR,AUTO_IGNORAR,
Consolação,L,13,"01041000, 01209002",IGNORAR,AUTO_IGNORAR,
Consolação,2 SUBSOLO,13,"01416000, 01307013",IGNORAR,AUTO_IGNORAR,
Higienópolis,COND ED REGENCY,13,01241001,IGNORAR,AUTO_IGNORAR,
Ibirapuera,SS 1,13,05625020,IGNORAR,AUTO_IGNORAR,
Ibirapuera,TP M DESCOB TERREO,13,05625060,IGNORAR,AUTO_IGNORAR,
Ibirapuera,BLOCO 1,13,05706280,IGNORAR,AUTO_IGNORAR,
Indianópolis,4 VAGAS E 1 DEPOSITO,13,04088000,IGNORAR,AUTO_IGNORAR,
Ipiranga,CONDOMINIO SPORTS,13,04201050,IGNORAR,AUTO_IGNORAR,
Itaim Bibi,ED ROYAL TOWER,13,04536000,IGNORAR,AUTO_IGNORAR,
Itaim Bibi,TRIPLA SUBSOLO 1,13,04535110,IGNORAR,AUTO_IGNORAR,
Itaim Bibi,TERREO VL OLIMPIA,13,04537040,IGNORAR,AUTO_IGNORAR,
Itaim Bibi,E 06 VGS,13,04533050,IGNORAR,AUTO_IGNORAR,
Jardim América,SS 2 ED PRACTICAL,13,05410001,IGNORAR,AUTO_IGNORAR,
Jardim América,DUPLA 2 SS,13,05412002,IGNORAR,AUTO_IGNORAR,
Jardim América,VG SS E TERREO,13,05414025,IGNORAR,AUTO_IGNORAR,
Jardim América,ED VILLA ADRIANA,13,01454030,IGNORAR,AUTO_IGNORAR,
Jardim Paulista,.,13,"01435001, 01404100, 01408020, 01420002, 01404902",IGNORAR,AUTO_IGNORAR,
Jardim Paulista,3SS - CERQUEIRA CESAR,13,01418002,IGNORAR,AUTO_IGNORAR,
Jardim Paulista,ED MARY MARRIET SPEERS,13,01403000,IGNORAR,AUTO_IGNORAR,
Jardim Paulista,1 DEP E 5 VAGAS,13,01421001,IGNORAR,AUTO_IGNORAR,
Lapa,ED. LIRIO,13,05038902,IGNORAR,AUTO_IGNORAR,
Lapa,ED DIAMANTE,13,05065905,IGNORAR,AUTO_IGNORAR,
Lapa,ED ESMERALDA,13,05065905,IGNORAR,AUTO_IGNORAR,
Lapa,ED RUBI,13,05065905,IGNORAR,AUTO_IGNORAR,
Mirandópolis,ED COLUMBIA OFFICE C,13,04045004,IGNORAR,AUTO_IGNORAR,
Mooca,TIPO A 1 SS,13,03118040,IGNORAR,AUTO_IGNORAR,
Mooca,TIPO M 1 SUBSOLO,13,03118001,IGNORAR,AUTO_IGNORAR,
Mooca,EDIFICIO VERONA,13,03127040,IGNORAR,AUTO_IGNORAR,
Mooca,EDIFICIO CHAMANTA,13,03127001,IGNORAR,AUTO_IGNORAR,
Mooca,COND EDIF PEDRO ADAM,13,03125080,IGNORAR,AUTO_IGNORAR,
Paraíso,2 SUBSOLO,13,"04001120, 01531030",IGNORAR,AUTO_IGNORAR,
Perdizes,.,13,"05020000, 05017000, 05012010, 05438200, 05013000",IGNORAR,AUTO_IGNORAR,
Perdizes,CD,13,05015040,IGNORAR,AUTO_IGNORAR,
Pinheiros,BL A,13,"05417001, 05404011",IGNORAR,AUTO_IGNORAR,
Pinheiros,E 3 VGS BUTANTA,13,05352020,IGNORAR,AUTO_IGNORAR,
Pinheiros,4 SUBSOLO PINHEIROS,13,05428000,IGNORAR,AUTO_IGNORAR,
Pinheiros,E DEP BL A ED SAUT,13,05465050,IGNORAR,AUTO_IGNORAR,
Pompéia,TAM PEQUENO 2 NIVEL,13,05027020,IGNORAR,AUTO_IGNORAR,
Santa Cecília,ED BR DE TATUI,13,01226030,IGNORAR,AUTO_IGNORAR,
Santa Cecília,ED IKATU,13,01150000,IGNORAR,AUTO_IGNORAR,
Tatuapé,BLOCO 2 TATUAPE,13,"03064000, 03309000",IGNORAR,AUTO_IGNORAR,
Tatuapé,TATUAPE / BLOCO A,13,03337900,IGNORAR,AUTO_IGNORAR,
Tatuapé,TATUAPE / BLOCO B,13,03337900,IGNORAR,AUTO_IGNORAR,
Tatuapé,TATUAPE/BLOCO B,13,03337900,IGNORAR,AUTO_IGNORAR,
Tatuapé,BLOCO 4 TATUAPE,13,03064000,IGNORAR,AUTO_IGNORAR,
Tatuapé,INHEIRO N271,13,03406005,IGNORAR,AUTO_IGNORAR,
Tatuapé,CONJ RES FLORES,13,03911010,IGNORAR,AUTO_IGNORAR,
Vila Gumercindo,2 SS,13,"04026001, 04130020",IGNORAR,AUTO_IGNORAR,
Vila Mariana,PEQUENA SUBSOLO 2,13,04116240,IGNORAR,AUTO_IGNORAR,
Vila Mariana,COND,13,04116020,IGNORAR,AUTO_IGNORAR,
Vila Mariana,EDIFICIO COIMBRA,13,04127000,IGNORAR,AUTO_IGNORAR,
Vila Olímpia,LOTE 2 B JD PAULISTA,13,04548005,IGNORAR,AUTO_IGNORAR,
Vila da Saúde,ED CARNEIRO DA CUNHA,13,04144000,IGNORAR,AUTO_IGNORAR,
Bela Vista,E,12,"01329900, 01311922, 01328000, 01311200",IGNORAR,AUTO_IGNORAR,
Bela Vista,E 10 VAGAS,12,01310000,IGNORAR,AUTO_IGNORAR,
Bela Vista,R AUGUSTA 1819,12,01311940,IGNORAR,AUTO_IGNORAR,
Brooklin,ED THE BRIDGE TOWER,12,04571011,IGNORAR,AUTO_IGNORAR,
Cambuci,TORRE A - 1 PAV,12,01522030,IGNORAR,AUTO_IGNORAR,
Cambuci,TORRE A - 2 PAV,12,01522030,IGNORAR,AUTO_IGNORAR,
Cambuci,TORRE A - 3 PAV,12,01522030,IGNORAR,AUTO_IGNORAR,
Cambuci,TORRE A - 4 PAV,12,01522030,IGNORAR,AUTO_IGNORAR,
Cambuci,TORRE A - 5 PAV,12,01522030,IGNORAR,AUTO_IGNORAR,
Cambuci,TORRE A - 6 PAV,12,01522030,IGNORAR,AUTO_IGNORAR,
Cambuci,TORRE A - 7 PAV,12,01522030,IGNORAR,AUTO_IGNORAR,
Cambuci,TORRE A - 8 PAV,12,01522030,IGNORAR,AUTO_IGNORAR,
Cambuci,TORRE A - 9 PAV,12,01522030,IGNORAR,AUTO_IGNORAR,
Cambuci,RES JD ACLIMACAO,12,01530000,IGNORAR,AUTO_IGNORAR,
Cambuci,ED GENNARO FERRANTE,12,01524000,IGNORAR,AUTO_IGNORAR,
Campo Belo,ED PROF DANIEL,12,04614001,IGNORAR,AUTO_IGNORAR,
Campo Belo,SUB 2,12,05634901,IGNORAR,AUTO_IGNORAR,
Campo Belo,VCI 7 LAVANDAS,12,05634001,IGNORAR,AUTO_IGNORAR,
Campo Belo,6 VAGAS E DEP,12,05684000,IGNORAR,AUTO_IGNORAR,
Consolação,ED AUGUSTUS,12,"01210902, 01210010",IGNORAR,AUTO_IGNORAR,
Higienópolis,ED QUEEN JULIE,12,01240000,IGNORAR,AUTO_IGNORAR,
Higienópolis,O,12,01239011,IGNORAR,AUTO_IGNORAR,
Ibirapuera,CONDOMINIO MOBILE REAL,12,05687000,IGNORAR,AUTO_IGNORAR,
Indianópolis,VGS SIMPLES TIPO B 2SS,12,04521005,IGNORAR,AUTO_IGNORAR,
Indianópolis,TIPO A 3 SS,12,04521005,IGNORAR,AUTO_IGNORAR,
Indianópolis,1. SUBSOLO,12,04088902,IGNORAR,AUTO_IGNORAR,
Indianópolis,DEP E 5 VGS,12,04511010,IGNORAR,AUTO_IGNORAR,
Itaim Bibi,2 SUBSOLO,12,04534011,IGNORAR,AUTO_IGNORAR,
Itaim Bibi,13 VAGAS,12,01451000,IGNORAR,AUTO_IGNORAR,
Itaim Bibi,12 VAGAS,12,01451000,IGNORAR,AUTO_IGNORAR,
Jardim América,DUPLA 3 SS,12,05412002,IGNORAR,AUTO_IGNORAR,
Jardim América,E VG IND TERREO,12,05414001,IGNORAR,AUTO_IGNORAR,
Jardim Paulista,0,12,"01408001, 01434000, 01409900, 01422002, 01426020",IGNORAR,AUTO_IGNORAR,
Jardim Paulista,VAGA GARAGEM,12,01405002,IGNORAR,AUTO_IGNORAR,
Lapa,E 1 DEP,12,05083060,IGNORAR,AUTO_IGNORAR,
Lapa,ED PQ VILLA LOBOS III,12,05471000,IGNORAR,AUTO_IGNORAR,
Lapa,ED SAFIRA,12,05065905,IGNORAR,AUTO_IGNORAR,
Moema,DUPLEX,12,"04076010, 04514050, 04076902, 04078011, 04076011",IGNORAR,AUTO_IGNORAR,
Moema,EDIFICIO TERRAZZA,12,04077001,IGNORAR,AUTO_IGNORAR,
Mooca,COND EKKOPARK ALTO,12,03122010,IGNORAR,AUTO_IGNORAR,
Paraíso,2  SS,12,01504000,IGNORAR,AUTO_IGNORAR,
Paraíso,IND TERREO,12,04002021,IGNORAR,AUTO_IGNORAR,
Paraíso,ED SAINT MARTIN,12,04004002,IGNORAR,AUTO_IGNORAR,
Perdizes,P BLOCO A COND COM,12,05001200,IGNORAR,AUTO_IGNORAR,
Perdizes,SS2,12,05019000,IGNORAR,AUTO_IGNORAR,
Pinheiros,1 SS,12,05417020,IGNORAR,AUTO_IGNORAR,
Planalto Paulista,TIPO M/P SUBSOLO 1,12,04060004,IGNORAR,AUTO_IGNORAR,
Santa Cecília,ED MARIA MARGARIDA,12,01233060,IGNORAR,AUTO_IGNORAR,
Santa Cecília,E 3 VAGAS,12,01232020,IGNORAR,AUTO_IGNORAR,
Santa Cecília,E 1 DEP,12,01233020,IGNORAR,AUTO_IGNORAR,
Sumaré,E 1 DEP,12,01257100,IGNORAR,AUTO_IGNORAR,
Tatuapé,ED BRUNA RINALDI,12,03061030,IGNORAR,AUTO_IGNORAR,
Tatuapé,E,12,"03063000, 03322901, 03908080",IGNORAR,AUTO_IGNORAR,
Vila Gumercindo,3 SUBSOLO,12,04130010,IGNORAR,AUTO_IGNORAR,
Vila Madalena,TIPO P SS 1,12,05434000,IGNORAR,AUTO_IGNORAR,
Vila Madalena,TIPO P SS 3,12,05434000,IGNORAR,AUTO_IGNORAR,
Vila Mariana,COND ED PAYSAGE,12,04016070,IGNORAR,AUTO_IGNORAR,
Vila Mariana,EDIFICIO VERONA,12,01532040,IGNORAR,AUTO_IGNORAR,
Vila Mariana,ED ADELINO PEREIRA,12,04110100,IGNORAR,AUTO_IGNORAR,
Vila Mariana,E N S 623/629 E R.JOAQ,12,04121000,IGNORAR,AUTO_IGNORAR,
Vila da Saúde,SUBSOLO 1,12,04143020,IGNORAR,AUTO_IGNORAR,
Bela Vista,ED. S.P. CITY FLAT,11,01316030,IGNORAR,AUTO_IGNORAR,
Bela Vista,TRANSCR 79488,11,01315010,IGNORAR,AUTO_IGNORAR,
Bela Vista,2  SS,11,01333011,IGNORAR,AUTO_IGNORAR,
Bela Vista,E R. ROCHA 169,11,01330000,IGNORAR,AUTO_IGNORAR,
Bosque da Saúde,COND VILLAGGIO ROMA,11,04145000,IGNORAR,AUTO_IGNORAR,
Brooklin,EDIFICIO JOICE,11,04560020,IGNORAR,AUTO_IGNORAR,
Brooklin,2 PAV,11,04582050,IGNORAR,AUTO_IGNORAR,
Brooklin,3 PAV,11,04582050,IGNORAR,AUTO_IGNORAR,
Brooklin,4 PAV,11,04582050,IGNORAR,AUTO_IGNORAR,
Brooklin,5 PAV,11,04582050,IGNORAR,AUTO_IGNORAR,
Brooklin,6 PAV,11,04582050,IGNORAR,AUTO_IGNORAR,
Brooklin,7 PAV,11,04582050,IGNORAR,AUTO_IGNORAR,
Brooklin,8 PAV,11,04582050,IGNORAR,AUTO_IGNORAR,
Brooklin,SIMPLES 2 SUBSOLO,11,04563062,IGNORAR,AUTO_IGNORAR,
Campo Belo,1 VG SIMP E 1 VG DUP,11,04606002,IGNORAR,AUTO_IGNORAR,
Campo Belo,DUPLEX,11,"04617901, 05684030, 04618003, 04619005, 05684060",IGNORAR,AUTO_IGNORAR,
Campo Belo,VCI 5 ROSEIRAS,11,05634001,IGNORAR,AUTO_IGNORAR,
Campo Belo,VCI 6 LIRIOS,11,05634001,IGNORAR,AUTO_IGNORAR,
Ibirapuera,ED TERRACO DAS AZALEAS,11,05687010,IGNORAR,AUTO_IGNORAR,
Indianópolis,VGS DUPLAS TIPO A 3 SS,11,04521005,IGNORAR,AUTO_IGNORAR,
Ipiranga,VG PEQ TERREO,11,04205912,IGNORAR,AUTO_IGNORAR,
Itaim Bibi,COND ED MET E PLAT OFF,11,04536001,IGNORAR,AUTO_IGNORAR,
Itaim Bibi,2 SS,11,04543011,IGNORAR,AUTO_IGNORAR,
Jardim América,E 1 VG IND,11,"01417020, 05402000",IGNORAR,AUTO_IGNORAR,
Jardim América,SIMPLES 2 SS,11,05412002,IGNORAR,AUTO_IGNORAR,
Jardim América,01 VAGA,11,01455010,IGNORAR,AUTO_IGNORAR,
Lapa,TERREO,11,"05077130, 05074900, 05050090, 05051030",IGNORAR,AUTO_IGNORAR,
Lapa,.,11,"05458001, 05045000, 05042000, 05046000, 05054010",IGNORAR,AUTO_IGNORAR,
Lapa,TIPO A SUBSOLO 1,11,05083110,IGNORAR,AUTO_IGNORAR,
Lapa,ED IPE,11,05038902,IGNORAR,AUTO_IGNORAR,
Moema,N 731 E 761,11,04078012,IGNORAR,AUTO_IGNORAR,
Mooca,DUPLEX,11,"03344040, 03127070, 03124010, 03127030, 03181100",IGNORAR,AUTO_IGNORAR,
Mooca,MEDIA COB SS 2,11,03186030,IGNORAR,AUTO_IGNORAR,
Paraíso,1 SUBSOLO,11,"04001120, 01531030",IGNORAR,AUTO_IGNORAR,
Paraíso,BL I ED MONTE ALEGRE,11,04103001,IGNORAR,AUTO_IGNORAR,
Pinheiros,E 2 VAGAS DE GARAGEM,11,05417020,IGNORAR,AUTO_IGNORAR,
Pinheiros,E 11 VAGAS,11,05423905,IGNORAR,AUTO_IGNORAR,
Pinheiros,E 10 VAGAS,11,05423905,IGNORAR,AUTO_IGNORAR,
Tatuapé,SUBSOLO 3,11,03318000,IGNORAR,AUTO_IGNORAR,
Tatuapé,RESID SWEET HOME II,11,03409050,IGNORAR,AUTO_IGNORAR,
Vila Madalena,SUBSOLO 2 BLOCO B,11,05433001,IGNORAR,AUTO_IGNORAR,
Vila Madalena,SS 2,11,05434000,IGNORAR,AUTO_IGNORAR,
Vila Mariana,.,11,"04013002, 04011061, 04010902, 04016003, 04107021",IGNORAR,AUTO_IGNORAR,
Vila Mariana,PEQUENA SUBSOLO 1,11,04116240,IGNORAR,AUTO_IGNORAR,
Vila Olímpia,SIMPLES 2 SS,11,04551060,IGNORAR,AUTO_IGNORAR,
Vila Olímpia,2 SS,11,"04552050, 04547002",IGNORAR,AUTO_IGNORAR,
Vila Olímpia,E 7 VAGAS,11,04552000,IGNORAR,AUTO_IGNORAR,
Bela Vista,.,10,"01328020, 01332901, 01329900, 01325000, 01321000",IGNORAR,AUTO_IGNORAR,
Bela Vista,M,10,"01333030, 01311927, 01419001, 01322000",IGNORAR,AUTO_IGNORAR,
Bela Vista,E R ROCHA 169,10,01330000,IGNORAR,AUTO_IGNORAR,
Brooklin,COND ATLANTA I,10,04559010,IGNORAR,AUTO_IGNORAR,
Brooklin,SUBCOND EMPRESARIAL,10,04709110,IGNORAR,AUTO_IGNORAR,
Brooklin,SIMPLES 1 SUBSOLO,10,04563062,IGNORAR,AUTO_IGNORAR,
Brooklin,DUPLAS 1 SUBSOLO,10,04563062,IGNORAR,AUTO_IGNORAR,
Brooklin,DUPLAS 2 SUBSOLO,10,04563062,IGNORAR,AUTO_IGNORAR,
Brooklin,RES V DAS MARGARIDAS,10,04635071,IGNORAR,AUTO_IGNORAR,
Brooklin,ED ESCRITORIOS MORUMBI,10,05690901,IGNORAR,AUTO_IGNORAR,
Campo Belo,E 1 VG PEQ,10,04608907,IGNORAR,AUTO_IGNORAR,
Campo Belo,SUB. 2,10,05634901,IGNORAR,AUTO_IGNORAR,
Campo Belo,ED GAVEA I,10,05684010,IGNORAR,AUTO_IGNORAR,
Consolação,02,10,"01041000, 01041904, 01043010, 01227000, 01415001",IGNORAR,AUTO_IGNORAR,
Consolação,ED. PROF.,10,"01220901, 01302000",IGNORAR,AUTO_IGNORAR,
Higienópolis,BLOCO III,10,01228000,IGNORAR,AUTO_IGNORAR,
Indianópolis,ED ART DECO PARQUE,10,04521001,IGNORAR,AUTO_IGNORAR,
Indianópolis,ED MAISON D ETOILE,10,04523012,IGNORAR,AUTO_IGNORAR,
Indianópolis,VGS SIMPLES TIPO B 1SS,10,04521005,IGNORAR,AUTO_IGNORAR,
Ipiranga,.,10,"04249000, 04210000, 04267010, 04269001, 04124080",IGNORAR,AUTO_IGNORAR,
Ipiranga,ED BURITI,10,04248060,IGNORAR,AUTO_IGNORAR,
Itaim Bibi,R,10,"04530000, 04530080, 04531011",IGNORAR,AUTO_IGNORAR,
Itaim Bibi,SUBSOLO 2,10,04536010,IGNORAR,AUTO_IGNORAR,
Itaim Bibi,2SS - ITAIM BIBI,10,04534050,IGNORAR,AUTO_IGNORAR,
Itaim Bibi,DUPLA SUBSOLO 1,10,04535110,IGNORAR,AUTO_IGNORAR,
Itaim Bibi,ED FERNANDES ABREU,10,04543070,IGNORAR,AUTO_IGNORAR,
Jardim Paulista,1 SS CERQUEIRA CESAR,10,01418002,IGNORAR,AUTO_IGNORAR,
Jardim Paulista,SUBCOND COMERCIAL,10,05401150,IGNORAR,AUTO_IGNORAR,
Lapa,TIPO G SUBSOLO 1,10,05083110,IGNORAR,AUTO_IGNORAR,
Lapa,TIPO A SUBSOLO 2,10,05083110,IGNORAR,AUTO_IGNORAR,
Lapa,ED. SERINGUEIRA,10,05038902,IGNORAR,AUTO_IGNORAR,
Mooca,ED CRISTIANE,10,03111010,IGNORAR,AUTO_IGNORAR,
Mooca,ED GUARANI,10,03195100,IGNORAR,AUTO_IGNORAR,
Mooca,ED RESIDENCIAL PRATES,10,03122000,IGNORAR,AUTO_IGNORAR,
Mooca,ED RESID COSTA VERDE,10,03122010,IGNORAR,AUTO_IGNORAR,
Perdizes,CJ RESIDENCIAL,10,05028060,IGNORAR,AUTO_IGNORAR,
Perdizes,ED RESID PERDIZES,10,01259010,IGNORAR,AUTO_IGNORAR,
Perdizes,DEP E 4 VGS,10,05004010,IGNORAR,AUTO_IGNORAR,
Perdizes,4  VGS E DEP.,10,05007002,IGNORAR,AUTO_IGNORAR,
Perdizes,GE,10,05014900,IGNORAR,AUTO_IGNORAR,
Perdizes,E 1 ARMARIO,10,05014001,IGNORAR,AUTO_IGNORAR,
Pinheiros,.,10,"05415001, 05417030, 05407003, 05404015, 05419000",IGNORAR,AUTO_IGNORAR,
Pinheiros,VAGA SIMPLES TIPO P,10,05352050,IGNORAR,AUTO_IGNORAR,
Pinheiros,CONDOMINIO FIDALGA 897,10,05432070,IGNORAR,AUTO_IGNORAR,
Pinheiros,ED AVIGNON,10,04538083,IGNORAR,AUTO_IGNORAR,
Planalto Paulista,R,10,04060002,IGNORAR,AUTO_IGNORAR,
Planalto Paulista,TIPO M/P SUBSOLO 2,10,04060004,IGNORAR,AUTO_IGNORAR,
Planalto Paulista,1 SUBSOLO,10,02402200,IGNORAR,AUTO_IGNORAR,
Tatuapé,RES JERICINO,10,03420000,IGNORAR,AUTO_IGNORAR,
Tatuapé,221 227,10,03089040,IGNORAR,AUTO_IGNORAR,
Vila Madalena,E DEPOSITO,10,"05434020, 05435020",IGNORAR,AUTO_IGNORAR,
Vila Madalena,TIPO M SS 3,10,05434000,IGNORAR,AUTO_IGNORAR,
Vila Madalena,SS 3,10,05434000,IGNORAR,AUTO_IGNORAR,
Vila Madalena,SS 1,10,05434000,IGNORAR,AUTO_IGNORAR,
Vila Mariana,6,10,"01503001, 04011903, 01532001, 04108001",IGNORAR,AUTO_IGNORAR,
Vila Mariana,OPEN MALL,10,04012080,IGNORAR,AUTO_IGNORAR,
Vila Mariana,EDIFICIO THAYANE,10,04106001,IGNORAR,AUTO_IGNORAR,
Vila Mariana,ED VILLAGGIO,10,04116080,IGNORAR,AUTO_IGNORAR,
Vila Nova Conceição,645 649,10,04505000,IGNORAR,AUTO_IGNORAR,
Vila Olímpia,E 5 VAGAS,10,04552000,IGNORAR,AUTO_IGNORAR,
Vila Olímpia,3  SS,10,04547004,IGNORAR,AUTO_IGNORAR,
Vila Olímpia,1 SUBSOLO,10,"04548901, 04549000",IGNORAR,AUTO_IGNORAR,
Bela Vista,VG SIMPLES 1 SUBSOLO,9,01314000,IGNORAR,AUTO_IGNORAR,
Bela Vista,C/3 BOXES,9,01333908,IGNORAR,AUTO_IGNORAR,
Bela Vista,GARAGEM,9,"01310000, 01311927",IGNORAR,AUTO_IGNORAR,
Bela Vista,EDIF EKIZIAN,9,01322050,IGNORAR,AUTO_IGNORAR,
Bela Vista,ED ALFREDO ELLIS,9,01322040,IGNORAR,AUTO_IGNORAR,
Brooklin,CD ED THE TIFFANY'S,9,04561913,IGNORAR,AUTO_IGNORAR,
Brooklin,1 DEPOSITO-IBIRAPUERA,9,04560011,IGNORAR,AUTO_IGNORAR,
Brooklin,1 PAV,9,04582050,IGNORAR,AUTO_IGNORAR,
Brooklin,9 PAV,9,04582050,IGNORAR,AUTO_IGNORAR,
Brooklin,10 PAV,9,04582050,IGNORAR,AUTO_IGNORAR,
Brooklin,11 PAV,9,04582050,IGNORAR,AUTO_IGNORAR,
Brooklin,12 PAV,9,04582050,IGNORAR,AUTO_IGNORAR,
Brooklin,13 PAV,9,04582050,IGNORAR,AUTO_IGNORAR,
Brooklin,14 PAV,9,04582050,IGNORAR,AUTO_IGNORAR,
Brooklin,15 PAV,9,04582050,IGNORAR,AUTO_IGNORAR,
Brooklin,16 PAV,9,04582050,IGNORAR,AUTO_IGNORAR,
Brooklin,17 PAV,9,04582050,IGNORAR,AUTO_IGNORAR,
Brooklin,18 PAV,9,04582050,IGNORAR,AUTO_IGNORAR,
Brooklin,19 PAV,9,04582050,IGNORAR,AUTO_IGNORAR,
Brooklin,20 PAV,9,04582050,IGNORAR,AUTO_IGNORAR,
Brooklin,21 PAV,9,04582050,IGNORAR,AUTO_IGNORAR,
Brooklin,22 PAV,9,04582050,IGNORAR,AUTO_IGNORAR,
Brooklin,23 PAV,9,04582050,IGNORAR,AUTO_IGNORAR,
Brooklin,24 PAV,9,04582050,IGNORAR,AUTO_IGNORAR,
Brooklin,25 PAV,9,04582050,IGNORAR,AUTO_IGNORAR,
Brooklin,4 SUBSOLO,9,04570905,IGNORAR,AUTO_IGNORAR,
Brooklin,SETOR MALL TORRE Z,9,04583110,IGNORAR,AUTO_IGNORAR,
Campo Belo,.,9,"04602917, 04601000, 04614015, 04625061, 04602050",IGNORAR,AUTO_IGNORAR,
Consolação,SE,9,"01046020, 01044000, 01038100, 01050000, 01050070",IGNORAR,AUTO_IGNORAR,
Consolação,SETOR RESIDENCIAL,9,01301100,IGNORAR,AUTO_IGNORAR,
Consolação,E 2 VAGAS NA GARAGE,9,01416001,IGNORAR,AUTO_IGNORAR,
Higienópolis,ED B DE JUNDIAI,9,01238001,IGNORAR,AUTO_IGNORAR,
Higienópolis,I,9,01228000,IGNORAR,AUTO_IGNORAR,
Ibirapuera,BL A ED ROSA VERMELHA,9,04708903,IGNORAR,AUTO_IGNORAR,
Ibirapuera,COND VILLA TOSCANA,9,05654010,IGNORAR,AUTO_IGNORAR,
Ibirapuera,REAL PARK,9,"05687000, 05687002, 05686040, 05687901",IGNORAR,AUTO_IGNORAR,
Indianópolis,TERREO,9,"04089000, 04093901",IGNORAR,AUTO_IGNORAR,
Indianópolis,X,9,04090003,IGNORAR,AUTO_IGNORAR,
Itaim Bibi,EDIFICIO TOP CLASS,9,04532011,IGNORAR,AUTO_IGNORAR,
Itaim Bibi,DUPLA SUBSOLO 2,9,04535110,IGNORAR,AUTO_IGNORAR,
Itaim Bibi,4VG 1DEP ED TAHITI,9,04705070,IGNORAR,AUTO_IGNORAR,
Itaim Bibi,1DEP 4VG ED PAPUA,9,04705070,IGNORAR,AUTO_IGNORAR,
Jardim América,SS 1 ED PRACTICAL,9,05410001,IGNORAR,AUTO_IGNORAR,
Jardim América,E 01 VAGA SS,9,05409010,IGNORAR,AUTO_IGNORAR,
Jardim América,2 SUBSOLO,9,05411001,IGNORAR,AUTO_IGNORAR,
Jardim América,DUPLA 1 SS,9,05412002,IGNORAR,AUTO_IGNORAR,
Jardim América,E 2 VAGAS,9,05414012,IGNORAR,AUTO_IGNORAR,
Jardim América,ED ANA BELLE,9,05414011,IGNORAR,AUTO_IGNORAR,
Jardim América,SUBCOND MALL,9,05402400,IGNORAR,AUTO_IGNORAR,
Jardim Paulista,3,9,"01408001, 01404001, 01409900, 01422002, 01423010",IGNORAR,AUTO_IGNORAR,
Jardim Paulistano,IA,9,"08080570, 08080320",IGNORAR,AUTO_IGNORAR,
Jardins,R AUGUSTA 1819,9,01413000,IGNORAR,AUTO_IGNORAR,
Lapa,COND REAL NORTH,9,02409002,IGNORAR,AUTO_IGNORAR,
Lapa,CD ED,9,05081090,IGNORAR,AUTO_IGNORAR,
Lapa,3 SUBSOLO,9,05302001,IGNORAR,AUTO_IGNORAR,
Lapa,BL C,9,05303000,IGNORAR,AUTO_IGNORAR,
Lapa,PQ RESIDENCIAL LAPA,9,"05038020, 05065040, 05038902, 05065030, 05065060",IGNORAR,AUTO_IGNORAR,
Mooca,E 1 ARM,9,03112090,IGNORAR,AUTO_IGNORAR,
Mooca,PEQUENA COBERTA SS 2,9,03186030,IGNORAR,AUTO_IGNORAR,
Paraíso,COBERTURA,9,"04001001, 04002003, 04004011",IGNORAR,AUTO_IGNORAR,
Paraíso,ED FIRST CLASS OFFICES,9,04004000,IGNORAR,AUTO_IGNORAR,
Paraíso,CD ESFERA OFFICE CORP,9,01533000,IGNORAR,AUTO_IGNORAR,
Paraíso,M,9,04104020,IGNORAR,AUTO_IGNORAR,
Perdizes,ED J J MENDES,9,01259000,IGNORAR,AUTO_IGNORAR,
Perdizes,LOCO 2,9,05016090,IGNORAR,AUTO_IGNORAR,
Perdizes,EDIF DOMUS FLAMINIA,9,05003040,IGNORAR,AUTO_IGNORAR,
Pinheiros,CONDOMINIO FIDALGA,9,05432070,IGNORAR,AUTO_IGNORAR,
Pinheiros,14 VGS,9,"04538133, 05419001",IGNORAR,AUTO_IGNORAR,
Pinheiros,BLOCO BEGONIAS,9,04538083,IGNORAR,AUTO_IGNORAR,
Planalto Paulista,TACAUNAS N 540,9,04068075,IGNORAR,AUTO_IGNORAR,
Santa Cecília,E,9,01224000,IGNORAR,AUTO_IGNORAR,
Santa Cecília,GARAGEM,9,01150011,IGNORAR,AUTO_IGNORAR,
Tatuapé,E 1 DEP  TATUAPE,9,"03337060, 03320000, 03337010",IGNORAR,AUTO_IGNORAR,
Tatuapé,RES,9,"03422001, 03322050",IGNORAR,AUTO_IGNORAR,
Tatuapé,SUBCOND COMERCIAL,9,03080010,IGNORAR,AUTO_IGNORAR,
Tatuapé,TA,9,"03476000, 03475005, 03460000, 03474020, 03475070",IGNORAR,AUTO_IGNORAR,
Vila Mariana,EDIF NILO,9,04011062,IGNORAR,AUTO_IGNORAR,
Vila Mariana,1DEP,9,"04116280, 04111000",IGNORAR,AUTO_IGNORAR,
Vila Nova Conceição,AV,9,04506003,IGNORAR,AUTO_IGNORAR,
Alto da Boa Vista,TERREO,8,"04739010, 04715005",IGNORAR,AUTO_IGNORAR,
Alto da Boa Vista,SUBSOLO 3,8,04734904,IGNORAR,AUTO_IGNORAR,
Bela Vista,5,8,"01315000, 01306000, 01310909, 01333001, 01321010",IGNORAR,AUTO_IGNORAR,
Bela Vista,7,8,"01315000, 01311913, 01321010, 02617030",IGNORAR,AUTO_IGNORAR,
Bela Vista,ED DIOMAR,8,01325000,IGNORAR,AUTO_IGNORAR,
Bela Vista,EDIFICIO SAO JOSE,8,01332000,IGNORAR,AUTO_IGNORAR,
Bela Vista,NE,8,01329900,IGNORAR,AUTO_IGNORAR,
Bela Vista,GARAGEM 2 2 SS,8,01331000,IGNORAR,AUTO_IGNORAR,
Bela Vista,R MONS PASSALAQUA 217,8,01322000,IGNORAR,AUTO_IGNORAR,
Bosque da Saúde,BL B SAUDE,8,04142091,IGNORAR,AUTO_IGNORAR,
Brooklin,CONDOMINIO SOLEIL,8,04583030,IGNORAR,AUTO_IGNORAR,
Brooklin,CONDOMINIO BRISTOL,8,04637030,IGNORAR,AUTO_IGNORAR,
Cambuci,3 SUBSOLO,8,01539010,IGNORAR,AUTO_IGNORAR,
Campo Belo,ED GUARAPARI,8,04601040,IGNORAR,AUTO_IGNORAR,
Campo Belo,2 SUB SOLO,8,04633000,IGNORAR,AUTO_IGNORAR,
Chácara Santo Antônio,DUPLAS 1SS,8,04716002,IGNORAR,AUTO_IGNORAR,
Consolação,PAV 2,8,01220010,IGNORAR,AUTO_IGNORAR,
Consolação,ET,8,01416906,IGNORAR,AUTO_IGNORAR,
Higienópolis,2,8,"01238010, 01238001, 01239907, 01240001, 01244902",IGNORAR,AUTO_IGNORAR,
Ibirapuera,COND PALMA DE MALLORCA,8,05654000,IGNORAR,AUTO_IGNORAR,
Indianópolis,VGS SIMPLES TIPO B 3SS,8,04521005,IGNORAR,AUTO_IGNORAR,
Indianópolis,TIPO A 1 SS,8,04521005,IGNORAR,AUTO_IGNORAR,
Ipiranga,VG GRANDE 1 SS,8,04205912,IGNORAR,AUTO_IGNORAR,
Ipiranga,VG MED TERREO,8,04205912,IGNORAR,AUTO_IGNORAR,
Ipiranga,COND VL PRIMAVERA,8,04271001,IGNORAR,AUTO_IGNORAR,
Ipiranga,RESIDENCIAL MOINHO,8,04284080,IGNORAR,AUTO_IGNORAR,
Ipiranga,COND.ED ESCRITORIOS,8,04213001,IGNORAR,AUTO_IGNORAR,
Ipiranga,MODULO  1,8,04218040,IGNORAR,AUTO_IGNORAR,
Ipiranga,MODULO1,8,04218040,IGNORAR,AUTO_IGNORAR,
Itaim Bibi,SUBSOLO 1,8,04536010,IGNORAR,AUTO_IGNORAR,
Jardim América,02 VAGAS,8,01455010,IGNORAR,AUTO_IGNORAR,
Jardim Paulista,ES,8,"01422003, 01422001",IGNORAR,AUTO_IGNORAR,
Jardim Paulista,2,8,"01404001, 01409900, 01408001, 01422002, 01423010",IGNORAR,AUTO_IGNORAR,
Jardim Paulista,7,8,"01409900, 01404001, 01421001, 01424007, 01424905",IGNORAR,AUTO_IGNORAR,
Jardim Paulista,ED LONGCHAMP,8,01435040,IGNORAR,AUTO_IGNORAR,
Jardins,PAVIMENTO TIPO 3,8,01410001,IGNORAR,AUTO_IGNORAR,
Jardins,PAVIMENTO TIPO 10,8,01410001,IGNORAR,AUTO_IGNORAR,
Jardins,PAVIMENTO TIPO 11,8,01410001,IGNORAR,AUTO_IGNORAR,
Jardins,PAVIMENTO TIPO 13,8,01410001,IGNORAR,AUTO_IGNORAR,
Jardins,PAVIMENTO TIPO 15,8,01410001,IGNORAR,AUTO_IGNORAR,
Jardins,PAVIMENTO TIPO 19,8,01410001,IGNORAR,AUTO_IGNORAR,
Jardins,PAVIMENTO TIPO 21,8,01410001,IGNORAR,AUTO_IGNORAR,
Jardins,PAVIMENTO TIPO 22,8,01410001,IGNORAR,AUTO_IGNORAR,
Jardins,PAVIMENTO TIPO 23,8,01410001,IGNORAR,AUTO_IGNORAR,
Jardins,PAVIMENTO TIPO 25,8,01410001,IGNORAR,AUTO_IGNORAR,
Jardins,ED SINGOLARE,8,01410020,IGNORAR,AUTO_IGNORAR,
Lapa,GARAGEM 2 BLOCO B,8,05044050,IGNORAR,AUTO_IGNORAR,
Lapa,E ARM BL A ED GIVERNY,8,05085000,IGNORAR,AUTO_IGNORAR,
Mirandópolis,ED COLUMBIA,8,04045004,IGNORAR,AUTO_IGNORAR,
Mooca,-,8,"03116000, 03195100, 03346000, 03192120, 03187040",IGNORAR,AUTO_IGNORAR,
Mooca,TIPO P TERREO,8,03118001,IGNORAR,AUTO_IGNORAR,
Mooca,ED VITALE MOOCA,8,03122010,IGNORAR,AUTO_IGNORAR,
Mooca,MEDIA COB SS 1,8,03186030,IGNORAR,AUTO_IGNORAR,
Mooca,RES,8,03186020,IGNORAR,AUTO_IGNORAR,
Mooca,NUMERO 619,8,03372030,IGNORAR,AUTO_IGNORAR,
Perdizes,EDIFICIO LA FENICE,8,05006020,IGNORAR,AUTO_IGNORAR,
Pinheiros,SS/2,8,04538903,IGNORAR,AUTO_IGNORAR,
Pinheiros,ED FRANCIS BACON,8,05455902,IGNORAR,AUTO_IGNORAR,
Pinheiros,ED HENRY CROMWELL,8,05455901,IGNORAR,AUTO_IGNORAR,
Pinheiros,CORPORATE,8,05423050,IGNORAR,AUTO_IGNORAR,
Planalto Paulista,A,8,"04065060, 04083002, 04307065, 04069070",IGNORAR,AUTO_IGNORAR,
Planalto Paulista,PIASSANGUABA N 2001,8,04060005,IGNORAR,AUTO_IGNORAR,
Planalto Paulista,DUPLEX CD IN CITTA,8,04070000,IGNORAR,AUTO_IGNORAR,
Planalto Paulista,3 SUBSOLO,8,02402200,IGNORAR,AUTO_IGNORAR,
Pompéia,TAM MEDIO 1 NIVEL,8,05027020,IGNORAR,AUTO_IGNORAR,
Santa Cecília,M,8,"01203002, 01226900",IGNORAR,AUTO_IGNORAR,
Santa Cecília,.,8,"01205001, 01214000, 01215000, 01202001, 01218012",IGNORAR,AUTO_IGNORAR,
Santa Cecília,CD. ED,8,01232001,IGNORAR,AUTO_IGNORAR,
Santa Cecília,EDIFICIO BRUNA,8,01233000,IGNORAR,AUTO_IGNORAR,
Sumaré,1 SS,8,01255000,IGNORAR,AUTO_IGNORAR,
Tatuapé,.,8,"03061000, 03333000, 03355000, 03433000, 03414010",IGNORAR,AUTO_IGNORAR,
Tatuapé,BLOCO B TATUAPE,8,"03064000, 03308070, 03321900, 03336900, 03407040",IGNORAR,AUTO_IGNORAR,
Tatuapé,ED SCORPIOS,8,03308070,IGNORAR,AUTO_IGNORAR,
Tatuapé,RES DORALISA,8,03425000,IGNORAR,AUTO_IGNORAR,
Tatuapé,COND RES TIUBA,8,03443015,IGNORAR,AUTO_IGNORAR,
Tatuapé,RES SILVEIRA,8,03514002,IGNORAR,AUTO_IGNORAR,
Tatuapé,RES VIVENDAS FELIZES,8,03376000,IGNORAR,AUTO_IGNORAR,
Vila Madalena,3 VGS E 2 DEPS.,8,05445030,IGNORAR,AUTO_IGNORAR,
Vila Madalena,TIPO M SS 1,8,05434000,IGNORAR,AUTO_IGNORAR,
Vila Madalena,SETOR E SIDE - BLOCO,8,05435060,IGNORAR,AUTO_IGNORAR,
Vila Mariana,SUBSOLO 2 RES,8,01532001,IGNORAR,AUTO_IGNORAR,
Vila Mariana,ND,8,04016002,IGNORAR,AUTO_IGNORAR,
Vila Mariana,SUBSOLO 2-VL MARIANA,8,04112002,IGNORAR,AUTO_IGNORAR,
Vila Mariana,BL B ED IRINA,8,04119000,IGNORAR,AUTO_IGNORAR,
Vila Olímpia,COND HELBOR VILA,8,04551060,IGNORAR,AUTO_IGNORAR,
Vila Olímpia,ED. FRANCISCO LOPES,8,04548903,IGNORAR,AUTO_IGNORAR,
Vila Olímpia,1  SS,8,04547004,IGNORAR,AUTO_IGNORAR,
Vila Olímpia,2  SS,8,04547004,IGNORAR,AUTO_IGNORAR,
Vila Olímpia,EDIFICIO MIDAS,8,04547130,IGNORAR,AUTO_IGNORAR,
Alto da Boa Vista,COND LINDENBERG,7,04738010,IGNORAR,AUTO_IGNORAR,
Bela Vista,0,7,"01315000, 01311913",IGNORAR,AUTO_IGNORAR,
Bela Vista,A,7,"01329010, 01315001, 01311919, 05132230",IGNORAR,AUTO_IGNORAR,
Bela Vista,ED BELA VISTA,7,01328000,IGNORAR,AUTO_IGNORAR,
Bela Vista,-,7,"01310902, 01324000, 02617090",IGNORAR,AUTO_IGNORAR,
Bela Vista,BLOCO BEN,7,01318905,IGNORAR,AUTO_IGNORAR,
Bela Vista,AL. SANTOS N.1420,7,01311925,IGNORAR,AUTO_IGNORAR,
Bosque da Saúde,RES,7,04157000,IGNORAR,AUTO_IGNORAR,
Bosque da Saúde,BL A SAUDE,7,04142091,IGNORAR,AUTO_IGNORAR,
Bosque da Saúde,ED. PRACA DA  ARVORE,7,04142081,IGNORAR,AUTO_IGNORAR,
Bosque da Saúde,SAUDE - VL. RES.,7,04142050,IGNORAR,AUTO_IGNORAR,
Brooklin,4 VAGAS,7,04559010,IGNORAR,AUTO_IGNORAR,
Cambuci,ED MARIA JULIA,7,01526020,IGNORAR,AUTO_IGNORAR,
Cambuci,EDIFICIO SOLIMOES,7,01535001,IGNORAR,AUTO_IGNORAR,
Campo Belo,E 3 VAGAS,7,"04613001, 04613003",IGNORAR,AUTO_IGNORAR,
Campo Belo,ED MONTE BIANCO,7,04608001,IGNORAR,AUTO_IGNORAR,
Campo Belo,1 SS,7,04624002,IGNORAR,AUTO_IGNORAR,
Campo Belo,2 SS,7,04624002,IGNORAR,AUTO_IGNORAR,
Campo Belo,RES GABRIELLE,7,05634060,IGNORAR,AUTO_IGNORAR,
Campo Belo,VCI 14 AZALEIAS,7,05634001,IGNORAR,AUTO_IGNORAR,
Campo Belo,REAL PARK,7,"05684011, 05684030, 05684001, 05684000, 05684040",IGNORAR,AUTO_IGNORAR,
Chácara Inglesa,2.SS - SAUDE,7,04140000,IGNORAR,AUTO_IGNORAR,
Chácara Santo Antônio,SIMPLES 2SS,7,04716002,IGNORAR,AUTO_IGNORAR,
Chácara Santo Antônio,SIMPLES 3SS,7,04716002,IGNORAR,AUTO_IGNORAR,
Consolação,-,7,"01415010, 01045906, 01243000",IGNORAR,AUTO_IGNORAR,
Consolação,ENT P/ R PARA 126,7,01227200,IGNORAR,AUTO_IGNORAR,
Consolação,GE,7,01416001,IGNORAR,AUTO_IGNORAR,
Consolação,E VAGA DE GARAGEM,7,01415007,IGNORAR,AUTO_IGNORAR,
Higienópolis,R,7,01240020,IGNORAR,AUTO_IGNORAR,
Ibirapuera,SS 2,7,05625020,IGNORAR,AUTO_IGNORAR,
Indianópolis,&,7,"04520012, 04522010, 04521902, 04029200, 04511010",IGNORAR,AUTO_IGNORAR,
Indianópolis,3 SUBSOLO,7,04513100,IGNORAR,AUTO_IGNORAR,
Indianópolis,.,7,"04029200, 04088902, 04081902, 04520909",IGNORAR,AUTO_IGNORAR,
Indianópolis,BLOCO  C,7,04088908,IGNORAR,AUTO_IGNORAR,
Ipiranga,CJ RES VILLA MONDRIAN,7,04211000,IGNORAR,AUTO_IGNORAR,
Ipiranga,DUPLEX,7,04124130,IGNORAR,AUTO_IGNORAR,
Ipiranga,1 SUBSOLO,7,"04296090, 04207002",IGNORAR,AUTO_IGNORAR,
Ipiranga,SUBSOLO,7,"04244000, 04316060, 04208052",IGNORAR,AUTO_IGNORAR,
Ipiranga,CJ RES HELIOPOLIS C,7,04218901,IGNORAR,AUTO_IGNORAR,
Itaim Bibi,.,7,"04536000, 04534040, 04531914, 04536901, 04532001",IGNORAR,AUTO_IGNORAR,
Itaim Bibi,TIPO O SUBSOLO 1,7,04536010,IGNORAR,AUTO_IGNORAR,
Itaim Bibi,ED CHAGALL,7,04530050,IGNORAR,AUTO_IGNORAR,
Itaim Bibi,TERREO,7,"04534011, 04533000",IGNORAR,AUTO_IGNORAR,
Itaim Bibi,3 VG BL A ED JUBILEE,7,04542030,IGNORAR,AUTO_IGNORAR,
Itaim Bibi,OUTRA ENTR N 95,7,04534010,IGNORAR,AUTO_IGNORAR,
Itaim Bibi,COBERTURA,7,"04535110, 04543000, 04543011",IGNORAR,AUTO_IGNORAR,
Jardim América,SS 2,7,05410002,IGNORAR,AUTO_IGNORAR,
Jardim Europa,C/2VGS,7,01448900,IGNORAR,AUTO_IGNORAR,
Jardim Paulista,2SS - CERQUEIRA CESAR,7,01418002,IGNORAR,AUTO_IGNORAR,
Jardim Paulista,5,7,"01404001, 01409900, 01422002, 01424905, 01408001",IGNORAR,AUTO_IGNORAR,
Jardim Paulista,1,7,"01408001, 01409900, 01424007, 01423010",IGNORAR,AUTO_IGNORAR,
Jardim Paulista,4,7,"01409900, 01408001, 01424007, 01424905, 01423010",IGNORAR,AUTO_IGNORAR,
Jardim Paulista,PAVIMENTO TIPO 10,7,01422002,IGNORAR,AUTO_IGNORAR,
Jardim Paulista,PAVIMENTO TIPO 11,7,01422002,IGNORAR,AUTO_IGNORAR,
Jardim Paulista,PAVIMENTO TIPO 12,7,01422002,IGNORAR,AUTO_IGNORAR,
Jardim Paulista,PAVIMENTO TIPO 15,7,01422002,IGNORAR,AUTO_IGNORAR,
Jardim Paulista,PAVIMENTO TIPO 17,7,01422002,IGNORAR,AUTO_IGNORAR,
Jardim Paulista,PAVIMENTO TIPO 18,7,01422002,IGNORAR,AUTO_IGNORAR,
Jardim Paulista,TORRE 1 - HADDOCK,7,01424007,IGNORAR,AUTO_IGNORAR,
Jardim Paulista,- 2. SS - JD. AMERICA,7,01425001,IGNORAR,AUTO_IGNORAR,
Jardins,PAVIMENTO TIPO 2,7,01410001,IGNORAR,AUTO_IGNORAR,
Jardins,PAVIMENTO TIPO 4,7,01410001,IGNORAR,AUTO_IGNORAR,
Jardins,PAVIMENTO TIPO 5,7,01410001,IGNORAR,AUTO_IGNORAR,
Jardins,PAVIMENTO TIPO 6,7,01410001,IGNORAR,AUTO_IGNORAR,
Jardins,PAVIMENTO TIPO 8,7,01410001,IGNORAR,AUTO_IGNORAR,
Jardins,PAVIMENTO TIPO 12,7,01410001,IGNORAR,AUTO_IGNORAR,
Jardins,PAVIMENTO TIPO 14,7,01410001,IGNORAR,AUTO_IGNORAR,
Jardins,PAVIMENTO TIPO 16,7,01410001,IGNORAR,AUTO_IGNORAR,
Jardins,PAVIMENTO TIPO 17,7,01410001,IGNORAR,AUTO_IGNORAR,
Jardins,PAVIMENTO TIPO 18,7,01410001,IGNORAR,AUTO_IGNORAR,
Jardins,PAVIMENTO TIPO 20,7,01410001,IGNORAR,AUTO_IGNORAR,
Jardins,PAVIMENTO TIPO 24,7,01410001,IGNORAR,AUTO_IGNORAR,
Lapa,A,7,"05075010, 05061906, 05454001, 05452010, 05065060",IGNORAR,AUTO_IGNORAR,
Lapa,TIPO P SUBSOLO 2,7,05083110,IGNORAR,AUTO_IGNORAR,
Lapa,1 ARM BL A ED GIVERNY,7,05085000,IGNORAR,AUTO_IGNORAR,
Lapa,BL B E 1 DEP,7,05303000,IGNORAR,AUTO_IGNORAR,
Lapa,DEP BL A ED SPEN,7,05305001,IGNORAR,AUTO_IGNORAR,
Lapa,ED VITORIA REGIA,7,05038902,IGNORAR,AUTO_IGNORAR,
Moema,2,7,"04077907, 04077900",IGNORAR,AUTO_IGNORAR,
Moema,3,7,04077907,IGNORAR,AUTO_IGNORAR,
Mooca,ED.CAETANO S.CARDACCI,7,03005040,IGNORAR,AUTO_IGNORAR,
Mooca,.,7,"03164120, 03115020, 03114000, 03165001, 03149000",IGNORAR,AUTO_IGNORAR,
Mooca,TIPO F 2 SS,7,03118040,IGNORAR,AUTO_IGNORAR,
Mooca,BLOCO 02,7,03169010,IGNORAR,AUTO_IGNORAR,
Mooca,E 2VG,7,03181050,IGNORAR,AUTO_IGNORAR,
Mooca,COND RESID VILLAGGIO,7,03181040,IGNORAR,AUTO_IGNORAR,
Mooca,"R. CONDE PRATES,1015",7,03114001,IGNORAR,AUTO_IGNORAR,
Mooca,E 2 VGS DEPOSITO,7,03121040,IGNORAR,AUTO_IGNORAR,
Mooca,PEQUENA COBERTA SS 1,7,03186030,IGNORAR,AUTO_IGNORAR,
Mooca,RESIDENCIAL MANAUS,7,03185040,IGNORAR,AUTO_IGNORAR,
Mooca,RESIDENCIAL LE FOSSE,7,03349015,IGNORAR,AUTO_IGNORAR,
Paraíso,EDIFICIO TAMAR,7,04005003,IGNORAR,AUTO_IGNORAR,
Perdizes,R,7,"05014900, 01258901, 01258011, 01252900",IGNORAR,AUTO_IGNORAR,
Perdizes,E 2 VGS,7,"05018001, 01252050",IGNORAR,AUTO_IGNORAR,
Perdizes,AN 3,7,01259010,IGNORAR,AUTO_IGNORAR,
Perdizes,AN 1,7,01259010,IGNORAR,AUTO_IGNORAR,
Perdizes,AN 2,7,01259010,IGNORAR,AUTO_IGNORAR,
Pinheiros,ED CS DOS PINHEIROS,7,05415001,IGNORAR,AUTO_IGNORAR,
Pinheiros,VAGA SIMPLES TIPO M,7,05352050,IGNORAR,AUTO_IGNORAR,
Pinheiros,ED CHARLES DICKENS,7,05455902,IGNORAR,AUTO_IGNORAR,
Pinheiros,ED THOMAS CARLYLE,7,05455901,IGNORAR,AUTO_IGNORAR,
Pinheiros,ED FLAVIO HENRIQUE,7,05427050,IGNORAR,AUTO_IGNORAR,
Pinheiros,BLOCO CAMELIAS,7,04538083,IGNORAR,AUTO_IGNORAR,
Planalto Paulista,1 SS,7,"04070000, 02402500",IGNORAR,AUTO_IGNORAR,
Pompéia,SIMPLES TERREO,7,05027000,IGNORAR,AUTO_IGNORAR,
Pompéia,DUPLA SUBSOLO 1,7,05027000,IGNORAR,AUTO_IGNORAR,
Santa Cecília,X,7,01205001,IGNORAR,AUTO_IGNORAR,
Santa Cecília,O,7,"01231020, 01215010",IGNORAR,AUTO_IGNORAR,
Santa Cecília,2 SS,7,"01232011, 01231000, 01230903",IGNORAR,AUTO_IGNORAR,
Tatuapé,ED BARAO DE ITAQUI,7,03308010,IGNORAR,AUTO_IGNORAR,
Tatuapé,BL A  TATUAPE,7,03312052,IGNORAR,AUTO_IGNORAR,
Tatuapé,E 1DEPOSITO,7,03336010,IGNORAR,AUTO_IGNORAR,
Tatuapé,3,7,"03090030, 03412030, 03320020, 03514003, 03426000",IGNORAR,AUTO_IGNORAR,
Tatuapé,ALTURA N1223 R LUTECIA,7,03424030,IGNORAR,AUTO_IGNORAR,
Tatuapé,CD RES DAS AMOREIRAS,7,03355050,IGNORAR,AUTO_IGNORAR,
Tatuapé,NUMERO 493 E 495,7,03445030,IGNORAR,AUTO_IGNORAR,
Tatuapé,COND RES ROSA DE SARON,7,03514003,IGNORAR,AUTO_IGNORAR,
Tatuapé,RA,7,"03471000, 03084000, 03460000, 03908230",IGNORAR,AUTO_IGNORAR,
Tatuapé,VA,7,"03436020, 03086040, 03437040, 03434000, 03433020",IGNORAR,AUTO_IGNORAR,
Tatuapé,88,7,03437050,IGNORAR,AUTO_IGNORAR,
Vila Gumercindo,BLOCO II,7,04132002,IGNORAR,AUTO_IGNORAR,
Vila Madalena,C/ 1 ARMARIO,7,05434020,IGNORAR,AUTO_IGNORAR,
Vila Madalena,C/ DEPOSITO,7,05434020,IGNORAR,AUTO_IGNORAR,
Vila Madalena,1 DEP E 4 VAGAS,7,05433002,IGNORAR,AUTO_IGNORAR,
Vila Mariana,5,7,01503001,IGNORAR,AUTO_IGNORAR,
Vila Mariana,7,7,"01503001, 04011903",IGNORAR,AUTO_IGNORAR,
Vila Mariana,8,7,"01503001, 04011903",IGNORAR,AUTO_IGNORAR,
Vila Mariana,ED. BOTUCATU,7,04021020,IGNORAR,AUTO_IGNORAR,
Vila Mariana,C/VAGA,7,04023000,IGNORAR,AUTO_IGNORAR,
Vila Mariana,2SS,7,"04139000, 04111081, 04119060",IGNORAR,AUTO_IGNORAR,
Vila Mariana,ED MARIO BUDOIA,7,04009003,IGNORAR,AUTO_IGNORAR,
Vila Mariana,AFONSO CELSO 143 ANTES,7,04119050,IGNORAR,AUTO_IGNORAR,
Vila Mariana,ED APOLONIO SALLES,7,04038904,IGNORAR,AUTO_IGNORAR,
Vila Mariana,1SS,7,04119060,IGNORAR,AUTO_IGNORAR,
Vila Mariana,ED  LYDIA P GARGIULO,7,04128001,IGNORAR,AUTO_IGNORAR,
Vila Mariana,ED CLOTILDE,7,04121002,IGNORAR,AUTO_IGNORAR,
Vila Mariana,DUPLA 2 SUBSOLO,7,04139000,IGNORAR,AUTO_IGNORAR,
Vila Nova Conceição,R,7,04505003,IGNORAR,AUTO_IGNORAR,
Vila Olímpia,SIMPLES 2SS,7,04551060,IGNORAR,AUTO_IGNORAR,
Vila Olímpia,2 SUBSOLO,7,"04548901, 04549000",IGNORAR,AUTO_IGNORAR,
Bela Vista,ED S P CITY FLAT,6,01316030,IGNORAR,AUTO_IGNORAR,
Bela Vista,ED.S.P.CITY FLAT,6,01316030,IGNORAR,AUTO_IGNORAR,
Bela Vista,4,6,"01315000, 01319907, 01321010",IGNORAR,AUTO_IGNORAR,
Bela Vista,&,6,"01049901, 01314001, 01315010, 01330010, 01306000",IGNORAR,AUTO_IGNORAR,
Bela Vista,ED SAINT PATRICK,6,"01313000, 01314000",IGNORAR,AUTO_IGNORAR,
Bela Vista,9,6,"01315000, 01311913, 01327010, 01321010",IGNORAR,AUTO_IGNORAR,
Bela Vista,JA,6,01311919,IGNORAR,AUTO_IGNORAR,
Bela Vista,ED DOCTORS CENTER,6,01308000,IGNORAR,AUTO_IGNORAR,
Bosque da Saúde,CONDOMINIO PORTO FINO,6,04145000,IGNORAR,AUTO_IGNORAR,
Brooklin,E 2DEPS,6,04564001,IGNORAR,AUTO_IGNORAR,
Brooklin,ED HAYDEE F CAMARGO,6,04569900,IGNORAR,AUTO_IGNORAR,
Brooklin,ED OLYMPIC TOWER,6,04571020,IGNORAR,AUTO_IGNORAR,
Brooklin,RES SANS SOUCI,6,04621004,IGNORAR,AUTO_IGNORAR,
Cambuci,ED BARAO,6,01520010,IGNORAR,AUTO_IGNORAR,
Cambuci,E 49,6,01530070,IGNORAR,AUTO_IGNORAR,
Cambuci,RESIDENCIAL NOVA LINDA,6,01541010,IGNORAR,AUTO_IGNORAR,
Cambuci,R,6,01552000,IGNORAR,AUTO_IGNORAR,
Campo Belo,COND RESID FLAMBOYANT,6,04609005,IGNORAR,AUTO_IGNORAR,
Campo Belo,SUB 1,6,05634901,IGNORAR,AUTO_IGNORAR,
Campo Belo,CONJUNTO COMERCIAL,6,05634000,IGNORAR,AUTO_IGNORAR,
Campo Belo,VCI 4 CAMELIAS,6,05634001,IGNORAR,AUTO_IGNORAR,
Chácara Inglesa,E 2DP,6,04140000,IGNORAR,AUTO_IGNORAR,
Chácara Santo Antônio,DUPLAS 1 SS,6,04716002,IGNORAR,AUTO_IGNORAR,
Consolação,6,6,"01221901, 01307907, 01303010, 01041000",IGNORAR,AUTO_IGNORAR,
Consolação,ED MANHATTAN S HOME,6,01415000,IGNORAR,AUTO_IGNORAR,
Consolação,1 DEP,6,01243010,IGNORAR,AUTO_IGNORAR,
Higienópolis,ED MAISON D'ARGENT,6,01238000,IGNORAR,AUTO_IGNORAR,
Higienópolis,E 2 BOXES,6,01241001,IGNORAR,AUTO_IGNORAR,
Ibirapuera,CONDOMINIO LARANJEIRAS,6,04640230,IGNORAR,AUTO_IGNORAR,
Ibirapuera,BLOCO B ED CEREJEIRA,6,05625160,IGNORAR,AUTO_IGNORAR,
Ibirapuera,BL 2 VG,6,05706290,IGNORAR,AUTO_IGNORAR,
Indianópolis,E 4 VAGAS,6,"04515000, 04513030",IGNORAR,AUTO_IGNORAR,
Indianópolis,RES HORIZONTE PAULISTA,6,04079010,IGNORAR,AUTO_IGNORAR,
Ipiranga,TIPO 1 2 SS,6,04214900,IGNORAR,AUTO_IGNORAR,
Ipiranga,TIPO 8 1 SS,6,04214900,IGNORAR,AUTO_IGNORAR,
Ipiranga,ED OMAR BRESCANCINI,6,04280030,IGNORAR,AUTO_IGNORAR,
Ipiranga,RES VILLA FIRENZE,6,04125100,IGNORAR,AUTO_IGNORAR,
Ipiranga,RESIDENCIAL VIENA,6,04248060,IGNORAR,AUTO_IGNORAR,
Itaim Bibi,2SS ITAIM BIBI,6,04534050,IGNORAR,AUTO_IGNORAR,
Jardim América,E 2 VGS SUBSOLO,6,05414001,IGNORAR,AUTO_IGNORAR,
Jardim América,3 SS,6,05414025,IGNORAR,AUTO_IGNORAR,
Jardim América,1,6,"01453904, 01455060",IGNORAR,AUTO_IGNORAR,
Jardim América,2,6,"01453904, 01455060, 01453030",IGNORAR,AUTO_IGNORAR,
Jardim Paulista,TERREO CERQUEIRA CESAR,6,01418002,IGNORAR,AUTO_IGNORAR,
Jardim Paulista,3SS CERQUEIRA CESAR,6,01418002,IGNORAR,AUTO_IGNORAR,
Jardim Paulista,2SS CERQUEIRA CESAR,6,01418002,IGNORAR,AUTO_IGNORAR,
Jardim Paulista,PAVIMENTO - TIPO 2,6,01422002,IGNORAR,AUTO_IGNORAR,
Jardim Paulista,PAVIMENTO-TIPO 7,6,01422002,IGNORAR,AUTO_IGNORAR,
Jardim Paulista,PAVIMENTO TIPO 9,6,01422002,IGNORAR,AUTO_IGNORAR,
Jardim Paulista,PAVIMENTO TIPO 16,6,01422002,IGNORAR,AUTO_IGNORAR,
Jardim Paulista,BLOCO A,6,01435030,IGNORAR,AUTO_IGNORAR,
Jardim dos Estados,COND THE QUEENS,6,04641070,IGNORAR,AUTO_IGNORAR,
Jardins,PAVIMENTO TIPO 1,6,01410001,IGNORAR,AUTO_IGNORAR,
Jardins,PAVIMENTO TIPO 7,6,01410001,IGNORAR,AUTO_IGNORAR,
Lapa,PA,6,"05075010, 05060001",IGNORAR,AUTO_IGNORAR,
Lapa,2 SUB SOLO,6,"05458001, 05086010",IGNORAR,AUTO_IGNORAR,
Lapa,1 SUB SOLO,6,"05458001, 05458903",IGNORAR,AUTO_IGNORAR,
Mirandópolis,P,6,04043150,IGNORAR,AUTO_IGNORAR,
Mirandópolis,2 SS,6,"04055110, 04052030",IGNORAR,AUTO_IGNORAR,
Moema,1,6,04077907,IGNORAR,AUTO_IGNORAR,
Moema,SUBSOLO,6,04078011,IGNORAR,AUTO_IGNORAR,
Mooca,TIPO H 2 SS,6,03118040,IGNORAR,AUTO_IGNORAR,
Paraíso,X,6,04001001,IGNORAR,AUTO_IGNORAR,
Perdizes,&,6,"01156040, 05013001, 05010000",IGNORAR,AUTO_IGNORAR,
Perdizes,1VG P E 1 VG G,6,05008000,IGNORAR,AUTO_IGNORAR,
Perdizes,1  SS,6,05018011,IGNORAR,AUTO_IGNORAR,
Perdizes,ED MARTINELLI,6,05017000,IGNORAR,AUTO_IGNORAR,
Perdizes,E 1 VAGA -PERDIZES,6,05020000,IGNORAR,AUTO_IGNORAR,
Pinheiros,VAGA DUPLA TIPO P/M,6,05352050,IGNORAR,AUTO_IGNORAR,
Pinheiros,ED THOMAS MORE,6,05455901,IGNORAR,AUTO_IGNORAR,
Pinheiros,E  2  VG,6,05432070,IGNORAR,AUTO_IGNORAR,
Pinheiros,10 VGS,6,04538133,IGNORAR,AUTO_IGNORAR,
Planalto Paulista,TIPO M SUBSOLO 2,6,04060004,IGNORAR,AUTO_IGNORAR,
Planalto Paulista,TIPO M/M SUBSOLO 2,6,04060004,IGNORAR,AUTO_IGNORAR,
Pompéia,COND VILLA DE POMPEIA,6,05027020,IGNORAR,AUTO_IGNORAR,
Santa Cecília,4,6,"01035901, 01232000",IGNORAR,AUTO_IGNORAR,
Santa Cecília,LOJA A5,6,01035901,IGNORAR,AUTO_IGNORAR,
Santa Cecília,LOJA,6,01035901,IGNORAR,AUTO_IGNORAR,
Santa Cecília,TERREO STA CECILIA,6,01224020,IGNORAR,AUTO_IGNORAR,
Santa Cecília,ED PETRACCO,6,01202002,IGNORAR,AUTO_IGNORAR,
Santa Cecília,EDIF BARAO DO TIETE,6,01232000,IGNORAR,AUTO_IGNORAR,
Santa Cecília,VAGA TRIPLA,6,01233001,IGNORAR,AUTO_IGNORAR,
Santa Cecília,CD. ED. NEW LIFE,6,01230000,IGNORAR,AUTO_IGNORAR,
Tatuapé,DUPLA ED THE POINT,6,03307005,IGNORAR,AUTO_IGNORAR,
Tatuapé,AP,6,03322901,IGNORAR,AUTO_IGNORAR,
Tatuapé,AO,6,"03930070, 03930010, 03325040, 03908140",IGNORAR,AUTO_IGNORAR,
Tatuapé,TATUAPE/BLOCO A,6,03337900,IGNORAR,AUTO_IGNORAR,
Tatuapé,RES FELICITA VILLAGE,6,03416060,IGNORAR,AUTO_IGNORAR,
Tatuapé,RESIDENCIAL PARQUE,6,03522070,IGNORAR,AUTO_IGNORAR,
Tatuapé,RES ELIZABETH ZEGGIO,6,03088140,IGNORAR,AUTO_IGNORAR,
Tatuapé,CD SPLENDOR SQUARE,6,03086030,IGNORAR,AUTO_IGNORAR,
Tatuapé,RES PROVINCIA DE ROMA,6,"03448010, 03448040",IGNORAR,AUTO_IGNORAR,
Tatuapé,JD 9 DE JULHO,6,03930110,IGNORAR,AUTO_IGNORAR,
Vila Gumercindo,DUPLEX,6,"04130010, 04131080",IGNORAR,AUTO_IGNORAR,
Vila Gumercindo,DUPLEX TORRE A,6,04131020,IGNORAR,AUTO_IGNORAR,
Vila Gumercindo,DUPLEX TORRE B,6,04131020,IGNORAR,AUTO_IGNORAR,
Vila Madalena,DUPLEX,6,"05435000, 05434000, 05434020",IGNORAR,AUTO_IGNORAR,
Vila Madalena,C/2 VGS VL MADALENA,6,05434000,IGNORAR,AUTO_IGNORAR,
Vila Mariana,0,6,"01503001, 04011903",IGNORAR,AUTO_IGNORAR,
Vila Mariana,SUBSOLO 1-VL MARIANA,6,04112002,IGNORAR,AUTO_IGNORAR,
Vila Mariana,ED.VILLA DE SEGOVIA,6,04101300,IGNORAR,AUTO_IGNORAR,
Vila Nova Conceição,GR VILA NOVA OFFICE,6,04508031,IGNORAR,AUTO_IGNORAR,
Vila Olímpia,EDIFICIO CURT,6,04552906,IGNORAR,AUTO_IGNORAR,
Vila Olímpia,ED PILAR,6,04548005,IGNORAR,AUTO_IGNORAR,
Vila Olímpia,DEPOSITO,6,04547005,IGNORAR,AUTO_IGNORAR,
Vila da Saúde,1 SS,6,04144070,IGNORAR,AUTO_IGNORAR,
Bela Vista,ED ARCO IRIS,5,01313901,IGNORAR,AUTO_IGNORAR,
Bela Vista,6,5,"01315000, 01311913, 01321010",IGNORAR,AUTO_IGNORAR,
Bela Vista,8,5,"01315000, 01311913, 01306000",IGNORAR,AUTO_IGNORAR,
Bela Vista,R MANOEL DUTRA 208,5,01325000,IGNORAR,AUTO_IGNORAR,
Bela Vista,CJ. RES. PQE. TRIANON,5,01332030,IGNORAR,AUTO_IGNORAR,
Bela Vista,EDIFICIO ROCHA,5,01330000,IGNORAR,AUTO_IGNORAR,
Bela Vista,ED ITAIPU,5,01327002,IGNORAR,AUTO_IGNORAR,
Bela Vista,SUBSOLO 1,5,01311919,IGNORAR,AUTO_IGNORAR,
Bela Vista,ED AVENIDA PAULISTA,5,01310932,IGNORAR,AUTO_IGNORAR,
Bosque da Saúde,331,5,04137060,IGNORAR,AUTO_IGNORAR,
Brooklin,CONDOMINIO ATLANTA II,5,04559010,IGNORAR,AUTO_IGNORAR,
Brooklin,O,5,"04709030, 04571210",IGNORAR,AUTO_IGNORAR,
Brooklin,SUBSOLO 2,5,04562030,IGNORAR,AUTO_IGNORAR,
Brooklin,T N1450,5,04565001,IGNORAR,AUTO_IGNORAR,
Brooklin,CONDOMINIO QUARTIER,5,04635041,IGNORAR,AUTO_IGNORAR,
Cambuci,.,5,"01522000, 01540040, 01543020, 01534001, 01552020",IGNORAR,AUTO_IGNORAR,
Campo Belo,COB 1DESC TIPO/B,5,04361050,IGNORAR,AUTO_IGNORAR,
Chácara Inglesa,RES CHACARA INGLESA,5,05140000,IGNORAR,AUTO_IGNORAR,
Chácara Inglesa,.,5,"05145901, 05145902, 05145903, 04141001",IGNORAR,AUTO_IGNORAR,
Chácara Inglesa,ED SOLAR BELVED,5,04140000,IGNORAR,AUTO_IGNORAR,
Chácara Inglesa,1. SS - SAUDE,5,04140000,IGNORAR,AUTO_IGNORAR,
Chácara Santo Antônio,SIMPLES 1SS,5,04716002,IGNORAR,AUTO_IGNORAR,
Consolação,0,5,"01043010, 01303010, 01050070, 01223010, 01307907",IGNORAR,AUTO_IGNORAR,
Consolação,13,5,"01043010, 01227000, 01415001, 01307907, 01414010",IGNORAR,AUTO_IGNORAR,
Consolação,8,5,"01307907, 01303001, 01223000, 01221901",IGNORAR,AUTO_IGNORAR,
Consolação,7,5,"01307907, 01303902, 01303010, 01221901",IGNORAR,AUTO_IGNORAR,
Consolação,9,5,"01307907, 01041000",IGNORAR,AUTO_IGNORAR,
Consolação,GAL SUP 3,5,01041000,IGNORAR,AUTO_IGNORAR,
Consolação,SUBCOND COMERCIAL,5,01220000,IGNORAR,AUTO_IGNORAR,
Consolação,EDIF ADELIA CURY,5,01302001,IGNORAR,AUTO_IGNORAR,
Consolação,LO,5,01414001,IGNORAR,AUTO_IGNORAR,
Higienópolis,1 SS HIGIENOPOLIS,5,01239040,IGNORAR,AUTO_IGNORAR,
Ibirapuera,E 409,5,04355001,IGNORAR,AUTO_IGNORAR,
Ibirapuera,.,5,"05706290, 04345020",IGNORAR,AUTO_IGNORAR,
Ibirapuera,47 - MORUMBI,5,05654060,IGNORAR,AUTO_IGNORAR,
Indianópolis,VGS DUPLAS TIPO A 2SS,5,04521005,IGNORAR,AUTO_IGNORAR,
Ipiranga,1  SS,5,04205000,IGNORAR,AUTO_IGNORAR,
Ipiranga,EDIFICIO SORDI,5,04269000,IGNORAR,AUTO_IGNORAR,
Ipiranga,TIPO 8 2 SS,5,04214900,IGNORAR,AUTO_IGNORAR,
Ipiranga,TIPO 11 2 SS,5,04214900,IGNORAR,AUTO_IGNORAR,
Ipiranga,TIPO 1 1 SS,5,04214900,IGNORAR,AUTO_IGNORAR,
Ipiranga,SETOR/SUBCOND 3,5,"04277010, 04276030, 04276000",IGNORAR,AUTO_IGNORAR,
Ipiranga,E 2 VAGAS,5,04288160,IGNORAR,AUTO_IGNORAR,
Itaim Bibi,O,5,04531914,IGNORAR,AUTO_IGNORAR,
Itaim Bibi,TIPO B SUBSOLO 2,5,04536010,IGNORAR,AUTO_IGNORAR,
Jardim América,COM 1 VAGA NA GARAGE,5,05409011,IGNORAR,AUTO_IGNORAR,
Jardim América,DUPLEX,5,"05412002, 01453090, 01453030",IGNORAR,AUTO_IGNORAR,
Jardim América,E,5,"05413001, 05412001",IGNORAR,AUTO_IGNORAR,
Jardim Paulista,1SS - CERQUEIRA CESAR,5,01418002,IGNORAR,AUTO_IGNORAR,
Jardim Paulista,21,5,"01408001, 01404001, 01409900, 01424007, 01424905",IGNORAR,AUTO_IGNORAR,
Jardim Paulista,10,5,"01408001, 01421001, 01424007, 01424905, 01423010",IGNORAR,AUTO_IGNORAR,
Jardim Paulista,18,5,"01408001, 01403010, 01409900, 01424905",IGNORAR,AUTO_IGNORAR,
Jardim Paulista,12,5,"01408001, 01403010, 01424905, 01423010",IGNORAR,AUTO_IGNORAR,
Jardim Paulista,9,5,"01404001, 01409900, 01424905, 01423010",IGNORAR,AUTO_IGNORAR,
Jardim Paulista,6,5,"01409900, 01424905, 01408001, 01423010",IGNORAR,AUTO_IGNORAR,
Jardim Paulista,8,5,"01409900, 01424007, 01424905, 01423010",IGNORAR,AUTO_IGNORAR,
Jardim Paulista,PAVIMENTO-TIPO 5,5,01422002,IGNORAR,AUTO_IGNORAR,
Jardim Paulista,PAVIMENTO-TIPO 6,5,01422002,IGNORAR,AUTO_IGNORAR,
Jardim Paulista,DUPLEX 4 VAGAS,5,01422003,IGNORAR,AUTO_IGNORAR,
Jardim Paulista,TR 81808,5,01401900,IGNORAR,AUTO_IGNORAR,
Jardim Paulistano,D 73A,5,"08080395, 08080360, 08080390",IGNORAR,AUTO_IGNORAR,
Jardim dos Estados,COND L'ACTUALLE,5,04641070,IGNORAR,AUTO_IGNORAR,
Jardins,PAVIMENTO TIPO 9,5,01410001,IGNORAR,AUTO_IGNORAR,
Jardins,13RI,5,01410001,IGNORAR,AUTO_IGNORAR,
Jardins,E 2VG,5,01410000,IGNORAR,AUTO_IGNORAR,
Lapa,ACESSO RUA ROMA 336,5,05050090,IGNORAR,AUTO_IGNORAR,
Lapa,&,5,"05044000, 05054010, 05302041, 05302001, 05065080",IGNORAR,AUTO_IGNORAR,
Lapa,2,5,"05061905, 05043020, 05302905",IGNORAR,AUTO_IGNORAR,
Lapa,2. SUBSOLO,5,"05056020, 05458001",IGNORAR,AUTO_IGNORAR,
Lapa,E 5 VGS,5,05468150,IGNORAR,AUTO_IGNORAR,
Lapa,E 3DP   A. PINHEIROS,5,05466010,IGNORAR,AUTO_IGNORAR,
Lapa,COND L UFFICIO MILANO,5,05075000,IGNORAR,AUTO_IGNORAR,
Lapa,ED. ALAMO,5,05038902,IGNORAR,AUTO_IGNORAR,
Mirandópolis,E DEPOSITO,5,04052110,IGNORAR,AUTO_IGNORAR,
Moema,4 A,5,04077900,IGNORAR,AUTO_IGNORAR,
Moema,4,5,04077907,IGNORAR,AUTO_IGNORAR,
Moema,CONDOMINIO PLANALTO,5,04084006,IGNORAR,AUTO_IGNORAR,
Mooca,ED JUVENTUS,5,03112110,IGNORAR,AUTO_IGNORAR,
Mooca,TIPO E 2 SS,5,03118040,IGNORAR,AUTO_IGNORAR,
Mooca,TIPO E 1 SS,5,03118040,IGNORAR,AUTO_IGNORAR,
Mooca,SUBSOLO 1,5,03112090,IGNORAR,AUTO_IGNORAR,
Mooca,E 3 VGS DEPOSITO,5,03121040,IGNORAR,AUTO_IGNORAR,
Perdizes,E 3 VAGAS,5,"05017020, 05021001",IGNORAR,AUTO_IGNORAR,
Perdizes,E2 VGS,5,05018001,IGNORAR,AUTO_IGNORAR,
Perdizes,E 1 VAGA - PERDIZES,5,05020000,IGNORAR,AUTO_IGNORAR,
Perdizes,1 VG,5,"05011040, 05006000",IGNORAR,AUTO_IGNORAR,
Perdizes,ED RESID SELECTVS,5,05017020,IGNORAR,AUTO_IGNORAR,
Perdizes,ED SOLAR DOS CAMELHAS,5,05024000,IGNORAR,AUTO_IGNORAR,
Perdizes,EDIFICIO EDUARDO,5,05010040,IGNORAR,AUTO_IGNORAR,
Pinheiros,E 01 BOX,5,05408040,IGNORAR,AUTO_IGNORAR,
Pinheiros,E VAGA,5,"05415040, 05419000",IGNORAR,AUTO_IGNORAR,
Pinheiros,TERREO    NEO OFFICES,5,05424010,IGNORAR,AUTO_IGNORAR,
Pinheiros,DUPLEX,5,04538080,IGNORAR,AUTO_IGNORAR,
Planalto Paulista,TIPO M/M SUBSOLO 1,5,04060004,IGNORAR,AUTO_IGNORAR,
Pompéia,TAM GRANDE 2 NIVEL,5,05027020,IGNORAR,AUTO_IGNORAR,
Santa Cecília,DESCOB TERREO,5,01224020,IGNORAR,AUTO_IGNORAR,
Santa Cecília,SUBSOLO 2 HOME,5,01153040,IGNORAR,AUTO_IGNORAR,
Santa Cecília,SUBSOLO 1 HOME,5,01153040,IGNORAR,AUTO_IGNORAR,
Santa Cecília,I,5,"01230000, 01229001",IGNORAR,AUTO_IGNORAR,
Sumaré,2 SS,5,01255000,IGNORAR,AUTO_IGNORAR,
Tatuapé,BL B  TATUAPE,5,"03312052, 03067000",IGNORAR,AUTO_IGNORAR,
Tatuapé,ED AQUARIOS,5,03308070,IGNORAR,AUTO_IGNORAR,
Tatuapé,-,5,"03319000, 03324060, 03087060, 03088020, 03071040",IGNORAR,AUTO_IGNORAR,
Tatuapé,BL C  TATUAPE,5,03312052,IGNORAR,AUTO_IGNORAR,
Tatuapé,BL F TATUAPE,5,03312052,IGNORAR,AUTO_IGNORAR,
Tatuapé,ED BAHAMAS,5,03337000,IGNORAR,AUTO_IGNORAR,
Tatuapé,RESIDENCIAL SAND LAKE,5,03414010,IGNORAR,AUTO_IGNORAR,
Tatuapé,COND RESID VILLA,5,03440020,IGNORAR,AUTO_IGNORAR,
Tatuapé,ED RES MOBILE,5,03069030,IGNORAR,AUTO_IGNORAR,
Tatuapé,RESIDENCIAL ALGER,5,03911050,IGNORAR,AUTO_IGNORAR,
Tatuapé,AL,5,"03380100, 03380110",IGNORAR,AUTO_IGNORAR,
Tatuapé,L,5,"03380100, 03380110",IGNORAR,AUTO_IGNORAR,
Vila Gumercindo,E 1 DEP,5,04289020,IGNORAR,AUTO_IGNORAR,
Vila Madalena,CD ED,5,05434020,IGNORAR,AUTO_IGNORAR,
Vila Mariana,9,5,01503001,IGNORAR,AUTO_IGNORAR,
Vila Mariana,BLOCO A VILA MARIANA,5,"04018001, 04120060, 04012000",IGNORAR,AUTO_IGNORAR,
Vila Mariana,BLOCO B VILA MARIANA,5,"04119000, 04018001, 04116280, 04116170",IGNORAR,AUTO_IGNORAR,
Vila Mariana,ED ILHA DE CAPRI,5,04105061,IGNORAR,AUTO_IGNORAR,
Vila Mariana,CJ RES,5,04120140,IGNORAR,AUTO_IGNORAR,
Vila Olímpia,SUBSOLO-1,5,04552000,IGNORAR,AUTO_IGNORAR,
Vila Olímpia,4,5,04550903,IGNORAR,AUTO_IGNORAR,
Vila da Saúde,2 SS,5,04144070,IGNORAR,AUTO_IGNORAR,
